college_id,college_name,university_name,institution_type,ownership,state,city,district,address,latitude,longitude,established_year,accreditation,degrees,branches,total_approved_intake,faculty_count,student_count,student_faculty_ratio,placement_rate,median_package_lpa,average_package_lpa,highest_package_lpa,placed_students_count,graduated_students_count,higher_studies_rate,tuition_fee_annual,hostel_fee_annual,estimated_total_cost_annual,hostel_available,pcs_accessibility_score,distance_to_major_city_km,data_source,data_year,academic_indicators,recruiting_companies,internship_information,scholarship_information,campus_area_acres,library_facility,laboratories_facility,sports_facilities,medical_facilities,internet_connectivity,other_facilities,public_transport_information,clubs_and_societies,cultural_events,extracurricular_activities,data_source_url,has_placement_data,data_confidence,is_derived
IIT-BOMBAY,Indian Institute of Technology Bombay (IIT Bombay),Autonomous - Institute of National Importance,Institute of National Importance (INI),Government,Maharashtra,Mumbai,Mumbai Suburban,"Powai, Mumbai, Maharashtra 400076",19.1334,72.9133,1958.0,Institute of National Importance (INI) - NIRF Top 3,B.Tech; Dual Degree; M.Tech; PhD,Computer Science and Engineering; Electrical Engineering; Mechanical Engineering; Data Science and AI; Aerospace Engineering; Chemical Engineering; Civil Engineering,1350,680.0,11500.0,16.9,88.5,21.82,24.5,168.0,1150.0,1300.0,8.5,220000.0,45000.0,265000.0,Available for Boys & Girls,3.0,0.0,NIRF MHRD Disclosures & JoSAA Gazette,2021,NIRF Ranked Premier / INI,,Mandatory Summer Research & Industrial Internships,Tuition Waiver for eligible categories under Central Sector Scheme & Merit Scholarships,,Central Digital Library & Research Access,Departmental Labs & Research Centers,Sports Complex & Athletic Grounds,Campus Health Centre & Ambulance Access,Campus Wi-Fi & LAN,PCS Accessible Facilities across Campus,City Transit & Campus Access,"Technical, Cultural & Student Societies",Annual Cultural & Technical Festivals,"NSS, NCC, Inter-Collegiate Sports Meets",https://www.nirfindia.org,True,High,False
IIT-DELHI,Indian Institute of Technology Delhi (IIT Delhi),Autonomous - Institute of National Importance,Institute of National Importance (INI),Government,Delhi,New Delhi,South Delhi,"Hauz Khas, New Delhi, Delhi 110016",28.545,77.1926,1961.0,Institute of National Importance (INI) - NIRF Top 2,B.Tech; Dual Degree; M.Tech; PhD,Computer Science and Engineering; Electrical Engineering; Mathematics & Computing; Mechanical Engineering; Civil Engineering; Chemical Engineering; Biotechnology,1200,650.0,10800.0,16.6,89.2,20.5,23.2,150.0,1100.0,1250.0,8.0,220000.0,42000.0,262000.0,Available for Boys & Girls,3.0,0.0,NIRF MHRD Disclosures & JoSAA Gazette,2021,NIRF Ranked Premier / INI,,Mandatory Summer Research & Industrial Internships,Tuition Waiver for eligible categories under Central Sector Scheme & Merit Scholarships,,Central Digital Library & Research Access,Departmental Labs & Research Centers,Sports Complex & Athletic Grounds,Campus Health Centre & Ambulance Access,Campus Wi-Fi & LAN,PCS Accessible Facilities across Campus,City Transit & Campus Access,"Technical, Cultural & Student Societies",Annual Cultural & Technical Festivals,"NSS, NCC, Inter-Collegiate Sports Meets",https://www.nirfindia.org,True,High,False
IIT-MADRAS,Indian Institute of Technology Madras (IIT Madras),Autonomous - Institute of National Importance,Institute of National Importance (INI),Government,Tamil Nadu,Chennai,Chennai,"IIT P.O., Chennai, Tamil Nadu 600036",12.9915,80.2337,1959.0,Institute of National Importance (INI) - NIRF Rank 1,B.Tech; Dual Degree; M.Tech; PhD,Computer Science and Engineering; Electrical Engineering; Mechanical Engineering; Aerospace Engineering; Civil Engineering; Chemical Engineering; Ocean Engineering,1400,630.0,10500.0,16.6,87.5,19.0,21.4,140.0,1020.0,1180.0,9.5,220000.0,44000.0,264000.0,Available for Boys & Girls,3.0,0.0,NIRF MHRD Disclosures & JoSAA Gazette,2021,NIRF Ranked Premier / INI,,Mandatory Summer Research & Industrial Internships,Tuition Waiver for eligible categories under Central Sector Scheme & Merit Scholarships,,Central Digital Library & Research Access,Departmental Labs & Research Centers,Sports Complex & Athletic Grounds,Campus Health Centre & Ambulance Access,Campus Wi-Fi & LAN,PCS Accessible Facilities across Campus,City Transit & Campus Access,"Technical, Cultural & Student Societies",Annual Cultural & Technical Festivals,"NSS, NCC, Inter-Collegiate Sports Meets",https://www.nirfindia.org,True,High,False
IIT-KANPUR,Indian Institute of Technology Kanpur (IIT Kanpur),Autonomous - Institute of National Importance,Institute of National Importance (INI),Government,Uttar Pradesh,Kanpur,Kanpur Nagar,"Kalyanpur, Kanpur, UP 208016",26.5123,80.2329,1959.0,Institute of National Importance (INI) - NIRF Top 5,B.Tech; BS; M.Tech; PhD,Computer Science and Engineering; Electrical Engineering; Mechanical Engineering; Aerospace Engineering; Materials Science; Civil Engineering; Chemical Engineering,1200,520.0,8800.0,16.9,86.0,17.5,19.8,130.0,950.0,1100.0,10.5,220000.0,38000.0,258000.0,Available for Boys & Girls,3.0,15.0,NIRF MHRD Disclosures & JoSAA Gazette,2021,NIRF Ranked Premier / INI,,Mandatory Summer Research & Industrial Internships,Tuition Waiver for eligible categories under Central Sector Scheme & Merit Scholarships,,Central Digital Library & Research Access,Departmental Labs & Research Centers,Sports Complex & Athletic Grounds,Campus Health Centre & Ambulance Access,Campus Wi-Fi & LAN,PCS Accessible Facilities across Campus,City Transit & Campus Access,"Technical, Cultural & Student Societies",Annual Cultural & Technical Festivals,"NSS, NCC, Inter-Collegiate Sports Meets",https://www.nirfindia.org,True,High,False
IIT-KHARAGPUR,Indian Institute of Technology Kharagpur (IIT Kharagpur),Autonomous - Institute of National Importance,Institute of National Importance (INI),Government,West Bengal,Kharagpur,Paschim Medinipur,"Kharagpur, West Bengal 721302",22.3149,87.3105,1951.0,Institute of National Importance (INI),B.Tech; Dual Degree; M.Tech; PhD,Computer Science and Engineering; Electronics & Electrical Communication; Mechanical Engineering; Aerospace Engineering; Civil Engineering; Chemical Engineering; Mining Engineering,1800,750.0,14000.0,18.6,85.0,16.5,19.2,135.0,1400.0,1650.0,9.0,220000.0,40000.0,260000.0,Available for Boys & Girls,3.0,130.0,NIRF MHRD Disclosures & JoSAA Gazette,2021,NIRF Ranked Premier / INI,,Mandatory Summer Research & Industrial Internships,Tuition Waiver for eligible categories under Central Sector Scheme & Merit Scholarships,,Central Digital Library & Research Access,Departmental Labs & Research Centers,Sports Complex & Athletic Grounds,Campus Health Centre & Ambulance Access,Campus Wi-Fi & LAN,PCS Accessible Facilities across Campus,City Transit & Campus Access,"Technical, Cultural & Student Societies",Annual Cultural & Technical Festivals,"NSS, NCC, Inter-Collegiate Sports Meets",https://www.nirfindia.org,True,High,False
IIT-ROORKEE,Indian Institute of Technology Roorkee (IIT Roorkee),Autonomous - Institute of National Importance,Institute of National Importance (INI),Government,Uttarakhand,Roorkee,Haridwar,"Roorkee, Uttarakhand 247667",29.8644,77.8964,1847.0,Institute of National Importance (INI),B.Tech; B.Arch; M.Tech; PhD,Computer Science and Engineering; Electronics & Communication; Electrical Engineering; Mechanical Engineering; Civil Engineering; Chemical Engineering; Data Science,1300,550.0,9200.0,16.7,83.5,17.54,19.5,120.0,663.0,794.0,8.0,220000.0,38000.0,258000.0,Available for Boys & Girls,3.0,180.0,NIRF MHRD Disclosures & JoSAA Gazette,2021,NIRF Ranked Premier / INI,,Mandatory Summer Research & Industrial Internships,Tuition Waiver for eligible categories under Central Sector Scheme & Merit Scholarships,,Central Digital Library & Research Access,Departmental Labs & Research Centers,Sports Complex & Athletic Grounds,Campus Health Centre & Ambulance Access,Campus Wi-Fi & LAN,PCS Accessible Facilities across Campus,City Transit & Campus Access,"Technical, Cultural & Student Societies",Annual Cultural & Technical Festivals,"NSS, NCC, Inter-Collegiate Sports Meets",https://www.nirfindia.org,True,High,False
IIT-GUWAHATI,Indian Institute of Technology Guwahati (IIT Guwahati),Autonomous - Institute of National Importance,Institute of National Importance (INI),Government,Assam,Guwahati,Kamrup,"Amingaon, North Guwahati, Assam 781039",26.1878,91.6916,1994.0,Institute of National Importance (INI),B.Tech; B.Des; M.Tech; PhD,Computer Science and Engineering; Electronics & Electrical Engineering; Mechanical Engineering; Data Science and AI; Chemical Engineering; Civil Engineering; Bioscience,950,480.0,7500.0,15.6,82.2,18.0,20.2,120.0,491.0,597.0,8.5,220000.0,38000.0,258000.0,Available for Boys & Girls,3.0,15.0,NIRF MHRD Disclosures & JoSAA Gazette,2021,NIRF Ranked Premier / INI,,Mandatory Summer Research & Industrial Internships,Tuition Waiver for eligible categories under Central Sector Scheme & Merit Scholarships,,Central Digital Library & Research Access,Departmental Labs & Research Centers,Sports Complex & Athletic Grounds,Campus Health Centre & Ambulance Access,Campus Wi-Fi & LAN,PCS Accessible Facilities across Campus,City Transit & Campus Access,"Technical, Cultural & Student Societies",Annual Cultural & Technical Festivals,"NSS, NCC, Inter-Collegiate Sports Meets",https://www.nirfindia.org,True,High,False
IIT-HYDERABAD,Indian Institute of Technology Hyderabad (IIT Hyderabad),Autonomous - Institute of National Importance,Institute of National Importance (INI),Government,Telangana,Hyderabad,Sangareddy,"Kandi, Sangareddy, Telangana 502285",17.5947,78.123,2008.0,Institute of National Importance (INI) - NIRF Top 8,B.Tech; B.Des; M.Tech; PhD,Computer Science and Engineering; Artificial Intelligence; Electrical Engineering; Mechanical Engineering; Biomedical Engineering; Civil Engineering; Materials Science,600,320.0,4500.0,14.1,84.5,17.0,19.5,65.0,380.0,450.0,11.0,220000.0,40000.0,260000.0,Available for Boys & Girls,3.0,45.0,NIRF MHRD Disclosures & JoSAA Gazette,2021,NIRF Ranked Premier / INI,,Mandatory Summer Research & Industrial Internships,Tuition Waiver for eligible categories under Central Sector Scheme & Merit Scholarships,,Central Digital Library & Research Access,Departmental Labs & Research Centers,Sports Complex & Athletic Grounds,Campus Health Centre & Ambulance Access,Campus Wi-Fi & LAN,PCS Accessible Facilities across Campus,City Transit & Campus Access,"Technical, Cultural & Student Societies",Annual Cultural & Technical Festivals,"NSS, NCC, Inter-Collegiate Sports Meets",https://www.nirfindia.org,True,High,False
IIT-BHU,Indian Institute of Technology (BHU) Varanasi,Autonomous - Institute of National Importance,Institute of National Importance (INI),Government,Uttar Pradesh,Varanasi,Varanasi,"Banaras Hindu University Campus, Varanasi, UP 221005",25.2677,82.9913,1919.0,Institute of National Importance (INI),B.Tech; Dual Degree; M.Tech; PhD,Computer Science and Engineering; Electrical Engineering; Electronics Engineering; Mechanical Engineering; Mining Engineering; Ceramic Engineering; Chemical Engineering,1450,380.0,7200.0,18.9,89.1,13.48,16.5,115.0,669.0,751.0,7.5,220000.0,35000.0,255000.0,Available for Boys & Girls,3.0,5.0,NIRF MHRD Disclosures & JoSAA Gazette,2021,NIRF Ranked Premier / INI,,Mandatory Summer Research & Industrial Internships,Tuition Waiver for eligible categories under Central Sector Scheme & Merit Scholarships,,Central Digital Library & Research Access,Departmental Labs & Research Centers,Sports Complex & Athletic Grounds,Campus Health Centre & Ambulance Access,Campus Wi-Fi & LAN,PCS Accessible Facilities across Campus,City Transit & Campus Access,"Technical, Cultural & Student Societies",Annual Cultural & Technical Festivals,"NSS, NCC, Inter-Collegiate Sports Meets",https://www.nirfindia.org,True,High,False
IIT-DHANBAD,Indian Institute of Technology (ISM) Dhanbad,Autonomous - Institute of National Importance,Institute of National Importance (INI),Government,Jharkhand,Dhanbad,Dhanbad,"Sardar Patel Nagar, Dhanbad, Jharkhand 826004",23.8144,86.4412,1926.0,Institute of National Importance (INI),B.Tech; M.Tech; PhD,Computer Science and Engineering; Mining Engineering; Petroleum Engineering; Mechanical; Electrical; Electronics; Chemical,1100,360.0,7500.0,20.8,78.5,12.5,14.8,50.0,780.0,990.0,8.0,220000.0,36000.0,256000.0,Available for Boys & Girls,3.0,150.0,NIRF MHRD Disclosures & JoSAA Gazette,2021,NIRF Ranked Premier / INI,,Mandatory Summer Research & Industrial Internships,Tuition Waiver for eligible categories under Central Sector Scheme & Merit Scholarships,,Central Digital Library & Research Access,Departmental Labs & Research Centers,Sports Complex & Athletic Grounds,Campus Health Centre & Ambulance Access,Campus Wi-Fi & LAN,PCS Accessible Facilities across Campus,City Transit & Campus Access,"Technical, Cultural & Student Societies",Annual Cultural & Technical Festivals,"NSS, NCC, Inter-Collegiate Sports Meets",https://www.nirfindia.org,True,High,False
IIT-INDORE,Indian Institute of Technology Indore (IIT Indore),Autonomous - Institute of National Importance,Institute of National Importance (INI),Government,Madhya Pradesh,Indore,Indore,"Simrol, Khandwa Road, Indore, MP 453552",22.5204,75.9207,2009.0,Institute of National Importance (INI),B.Tech; M.Tech; PhD,Computer Science and Engineering; Electrical; Mechanical; Civil; Metallurgical and Materials,450,180.0,2600.0,14.4,86.2,16.0,18.5,60.0,260.0,300.0,10.0,220000.0,38000.0,258000.0,Available for Boys & Girls,3.0,25.0,NIRF MHRD Disclosures & JoSAA Gazette,2021,NIRF Ranked Premier / INI,,Mandatory Summer Research & Industrial Internships,Tuition Waiver for eligible categories under Central Sector Scheme & Merit Scholarships,,Central Digital Library & Research Access,Departmental Labs & Research Centers,Sports Complex & Athletic Grounds,Campus Health Centre & Ambulance Access,Campus Wi-Fi & LAN,PCS Accessible Facilities across Campus,City Transit & Campus Access,"Technical, Cultural & Student Societies",Annual Cultural & Technical Festivals,"NSS, NCC, Inter-Collegiate Sports Meets",https://www.nirfindia.org,True,High,False
IIT-GANDHINAGAR,Indian Institute of Technology Gandhinagar (IITGN),Autonomous - Institute of National Importance,Institute of National Importance (INI),Government,Gujarat,Gandhinagar,Gandhinagar,"Palaj, Gandhinagar, Gujarat 382355",23.2115,72.6842,2008.0,Institute of National Importance (INI),B.Tech; M.Tech; PhD,Computer Science and Engineering; Electrical; Mechanical; Chemical; Civil; Materials,300,130.0,2100.0,16.1,85.0,14.5,16.2,52.0,180.0,210.0,12.0,220000.0,40000.0,260000.0,Available for Boys & Girls,3.0,25.0,NIRF MHRD Disclosures & JoSAA Gazette,2021,NIRF Ranked Premier / INI,,Mandatory Summer Research & Industrial Internships,Tuition Waiver for eligible categories under Central Sector Scheme & Merit Scholarships,,Central Digital Library & Research Access,Departmental Labs & Research Centers,Sports Complex & Athletic Grounds,Campus Health Centre & Ambulance Access,Campus Wi-Fi & LAN,PCS Accessible Facilities across Campus,City Transit & Campus Access,"Technical, Cultural & Student Societies",Annual Cultural & Technical Festivals,"NSS, NCC, Inter-Collegiate Sports Meets",https://www.nirfindia.org,True,High,False
IIT-ROPAR,Indian Institute of Technology Ropar (IIT Ropar),Autonomous - Institute of National Importance,Institute of National Importance (INI),Government,Punjab,Rupnagar,Rupnagar,"Bara Phool, Rupnagar, Punjab 140001",30.9753,76.5338,2008.0,Institute of National Importance (INI),B.Tech; M.Tech; PhD,Computer Science and Engineering; Electrical; Mechanical; Chemical; Civil; Mathematics and Computing,420,170.0,2500.0,14.7,84.5,15.0,17.0,55.0,250.0,295.0,9.0,220000.0,38000.0,258000.0,Available for Boys & Girls,3.0,45.0,NIRF MHRD Disclosures & JoSAA Gazette,2021,NIRF Ranked Premier / INI,,Mandatory Summer Research & Industrial Internships,Tuition Waiver for eligible categories under Central Sector Scheme & Merit Scholarships,,Central Digital Library & Research Access,Departmental Labs & Research Centers,Sports Complex & Athletic Grounds,Campus Health Centre & Ambulance Access,Campus Wi-Fi & LAN,PCS Accessible Facilities across Campus,City Transit & Campus Access,"Technical, Cultural & Student Societies",Annual Cultural & Technical Festivals,"NSS, NCC, Inter-Collegiate Sports Meets",https://www.nirfindia.org,True,High,False
IIT-PATNA,Indian Institute of Technology Patna (IIT Patna),Autonomous - Institute of National Importance,Institute of National Importance (INI),Government,Bihar,Patna,Patna,"Bihta, Patna, Bihar 801106",25.5357,84.8512,2008.0,Institute of National Importance (INI),B.Tech; M.Tech; PhD,Computer Science and Engineering; Artificial Intelligence; Electrical; Mechanical; Civil; Chemical,450,160.0,2400.0,15.0,83.0,14.0,16.0,58.0,230.0,275.0,8.0,220000.0,36000.0,256000.0,Available for Boys & Girls,3.0,30.0,NIRF MHRD Disclosures & JoSAA Gazette,2021,NIRF Ranked Premier / INI,,Mandatory Summer Research & Industrial Internships,Tuition Waiver for eligible categories under Central Sector Scheme & Merit Scholarships,,Central Digital Library & Research Access,Departmental Labs & Research Centers,Sports Complex & Athletic Grounds,Campus Health Centre & Ambulance Access,Campus Wi-Fi & LAN,PCS Accessible Facilities across Campus,City Transit & Campus Access,"Technical, Cultural & Student Societies",Annual Cultural & Technical Festivals,"NSS, NCC, Inter-Collegiate Sports Meets",https://www.nirfindia.org,True,High,False
BITS-PILANI,Birla Institute of Technology and Science (BITS Pilani),Deemed to be University - Institute of Eminence,Deemed to be University(Pvt),Private,Rajasthan,Pilani,Jhunjhunu,"Vidya Vihar, Pilani, Rajasthan 333031",28.3639,75.587,1964.0,Institute of Eminence (IoE) / NAAC A,B.E.; M.Sc. (Dual Degree); M.E.; PhD,Computer Science and Engineering; Electrical and Electronics; Electronics and Instrumentation; Mechanical Engineering; Chemical Engineering; Civil Engineering,2800,850.0,16000.0,18.8,87.6,14.0,16.8,60.75,1869.0,2134.0,9.5,480000.0,65000.0,545000.0,Available for Boys & Girls,3.0,190.0,NIRF MHRD Disclosures & Institutional Report,2021,NIRF Ranked Premier / INI,,Mandatory Summer Research & Industrial Internships,Tuition Waiver for eligible categories under Central Sector Scheme & Merit Scholarships,,Central Digital Library & Research Access,Departmental Labs & Research Centers,Sports Complex & Athletic Grounds,Campus Health Centre & Ambulance Access,Campus Wi-Fi & LAN,PCS Accessible Facilities across Campus,City Transit & Campus Access,"Technical, Cultural & Student Societies",Annual Cultural & Technical Festivals,"NSS, NCC, Inter-Collegiate Sports Meets",https://www.nirfindia.org,True,High,False
BITS-GOA,BITS Pilani - K. K. Birla Goa Campus,Deemed to be University - Institute of Eminence,Deemed to be University(Pvt),Private,Goa,Zuarinagar,South Goa,"NH 17B, Bypass Road, Zuarinagar, Sancoale, Goa 403726",15.3911,73.8783,2004.0,Institute of Eminence (IoE) / NAAC A,B.E.; M.Sc. (Dual Degree); M.E.; PhD,Computer Science and Engineering; Electronics & Communication; Electrical & Electronics; Mechanical Engineering; Chemical Engineering,900,220.0,3800.0,17.2,88.0,15.0,17.2,55.0,680.0,770.0,9.0,480000.0,65000.0,545000.0,Available for Boys & Girls,3.0,25.0,NIRF MHRD Disclosures & Institutional Report,2021,NIRF Ranked Premier / INI,,Mandatory Summer Research & Industrial Internships,Tuition Waiver for eligible categories under Central Sector Scheme & Merit Scholarships,,Central Digital Library & Research Access,Departmental Labs & Research Centers,Sports Complex & Athletic Grounds,Campus Health Centre & Ambulance Access,Campus Wi-Fi & LAN,PCS Accessible Facilities across Campus,City Transit & Campus Access,"Technical, Cultural & Student Societies",Annual Cultural & Technical Festivals,"NSS, NCC, Inter-Collegiate Sports Meets",https://www.nirfindia.org,True,High,False
BITS-HYDERABAD,BITS Pilani - Hyderabad Campus,Deemed to be University - Institute of Eminence,Deemed to be University(Pvt),Private,Telangana,Hyderabad,Medchal-Malkajgiri,"Shamirpet-Keesara Road, Jawahar Nagar, Hyderabad, Telangana 500078",17.5449,78.5718,2008.0,Institute of Eminence (IoE) / NAAC A,B.E.; M.Sc. (Dual Degree); M.E.; B.Pharm; PhD,Computer Science and Engineering; Electronics & Communication; Electrical & Electronics; Mechanical Engineering; Civil Engineering; Chemical Engineering,1100,260.0,4600.0,17.6,87.5,14.5,16.5,58.0,790.0,900.0,8.5,480000.0,65000.0,545000.0,Available for Boys & Girls,3.0,28.0,NIRF MHRD Disclosures & Institutional Report,2021,NIRF Ranked Premier / INI,,Mandatory Summer Research & Industrial Internships,Tuition Waiver for eligible categories under Central Sector Scheme & Merit Scholarships,,Central Digital Library & Research Access,Departmental Labs & Research Centers,Sports Complex & Athletic Grounds,Campus Health Centre & Ambulance Access,Campus Wi-Fi & LAN,PCS Accessible Facilities across Campus,City Transit & Campus Access,"Technical, Cultural & Student Societies",Annual Cultural & Technical Festivals,"NSS, NCC, Inter-Collegiate Sports Meets",https://www.nirfindia.org,True,High,False
VIT-VELLORE,Vellore Institute of Technology (VIT Vellore),Deemed to be University - Institute of Eminence,Deemed to be University(Pvt),Private,Tamil Nadu,Vellore,Vellore,"Katpadi, Vellore, Tamil Nadu 632014",12.9692,79.1559,1984.0,Institute of Eminence (IoE) / NAAC A++ (3.66),B.Tech; M.Tech; MCA; MBA; PhD,Computer Science and Engineering; Information Technology; Electronics & Communication; Mechanical Engineering; Electrical & Electronics; Biotechnology; Civil Engineering,6500,1800.0,32000.0,17.7,91.2,8.5,9.2,102.0,4200.0,4600.0,6.5,198000.0,85000.0,283000.0,Available for Boys & Girls,3.0,135.0,NIRF MHRD Disclosures & VIT Placement Report,2021,NIRF Ranked Premier / INI,,Mandatory Summer Research & Industrial Internships,Tuition Waiver for eligible categories under Central Sector Scheme & Merit Scholarships,,Central Digital Library & Research Access,Departmental Labs & Research Centers,Sports Complex & Athletic Grounds,Campus Health Centre & Ambulance Access,Campus Wi-Fi & LAN,PCS Accessible Facilities across Campus,City Transit & Campus Access,"Technical, Cultural & Student Societies",Annual Cultural & Technical Festivals,"NSS, NCC, Inter-Collegiate Sports Meets",https://www.nirfindia.org,True,High,False
VIT-CHENNAI,Vellore Institute of Technology Chennai (VIT Chennai),Deemed to be University - Institute of Eminence,Deemed to be University(Pvt),Private,Tamil Nadu,Chennai,Chengalpattu,"Vandalur-Kelambakkam Road, Chennai, Tamil Nadu 600127",12.8406,80.1534,2010.0,Institute of Eminence (IoE) / NAAC A++,B.Tech; M.Tech; MCA; MBA; PhD,Computer Science and Engineering; Artificial Intelligence and Machine Learning; Electronics and Computer Engineering; Mechanical Engineering; Electrical Engineering,2400,650.0,11000.0,16.9,89.5,8.2,8.8,75.0,1650.0,1850.0,7.0,198000.0,85000.0,283000.0,Available for Boys & Girls,3.0,25.0,NIRF MHRD Disclosures & VIT Placement Report,2021,NIRF Ranked Premier / INI,,Mandatory Summer Research & Industrial Internships,Tuition Waiver for eligible categories under Central Sector Scheme & Merit Scholarships,,Central Digital Library & Research Access,Departmental Labs & Research Centers,Sports Complex & Athletic Grounds,Campus Health Centre & Ambulance Access,Campus Wi-Fi & LAN,PCS Accessible Facilities across Campus,City Transit & Campus Access,"Technical, Cultural & Student Societies",Annual Cultural & Technical Festivals,"NSS, NCC, Inter-Collegiate Sports Meets",https://www.nirfindia.org,True,High,False
NIT-TRICHY,National Institute of Technology Tiruchirappalli (NIT Trichy),Autonomous - Institute of National Importance,Institute of National Importance (INI),Government,Tamil Nadu,Tiruchirappalli,Tiruchirappalli,"Tanjore Main Road, NH 67, Tiruchirappalli, Tamil Nadu 620015",10.7589,78.8132,1964.0,Institute of National Importance (INI) - NIRF Top 10,B.Tech; B.Arch; M.Tech; MBA; MCA; PhD,Computer Science and Engineering; Electronics & Communication; Electrical and Electronics; Mechanical Engineering; Chemical Engineering; Civil Engineering; Metallurgical and Materials,1100,380.0,6800.0,17.8,88.2,10.5,12.8,52.0,556.0,803.0,12.0,135000.0,38000.0,173000.0,Available for Boys & Girls,3.0,20.0,NIRF MHRD Disclosures & CSAB Gazette,2021,NIRF Ranked Premier / INI,,Mandatory Summer Research & Industrial Internships,Tuition Waiver for eligible categories under Central Sector Scheme & Merit Scholarships,,Central Digital Library & Research Access,Departmental Labs & Research Centers,Sports Complex & Athletic Grounds,Campus Health Centre & Ambulance Access,Campus Wi-Fi & LAN,PCS Accessible Facilities across Campus,City Transit & Campus Access,"Technical, Cultural & Student Societies",Annual Cultural & Technical Festivals,"NSS, NCC, Inter-Collegiate Sports Meets",https://www.nirfindia.org,True,High,False
NIT-SURATHKAL,National Institute of Technology Karnataka (NIT Surathkal),Autonomous - Institute of National Importance,Institute of National Importance (INI),Government,Karnataka,Surathkal,Dakshina Kannada,"Srinivasnagar, Surathkal, Mangalore, Karnataka 575025",13.0108,74.7943,1960.0,Institute of National Importance (INI) - NIRF Top 12,B.Tech; M.Tech; MBA; MCA; PhD,Computer Science and Engineering; Information Technology; Electronics & Communication; Electrical and Electronics; Mechanical Engineering; Chemical Engineering; Civil Engineering,1050,350.0,6400.0,18.2,83.6,9.86,12.5,51.5,632.0,756.0,10.5,135000.0,38000.0,173000.0,Available for Boys & Girls,3.0,20.0,NIRF MHRD Disclosures & CSAB Gazette,2021,NIRF Ranked Premier / INI,,Mandatory Summer Research & Industrial Internships,Tuition Waiver for eligible categories under Central Sector Scheme & Merit Scholarships,,Central Digital Library & Research Access,Departmental Labs & Research Centers,Sports Complex & Athletic Grounds,Campus Health Centre & Ambulance Access,Campus Wi-Fi & LAN,PCS Accessible Facilities across Campus,City Transit & Campus Access,"Technical, Cultural & Student Societies",Annual Cultural & Technical Festivals,"NSS, NCC, Inter-Collegiate Sports Meets",https://www.nirfindia.org,True,High,False
NIT-WARANGAL,National Institute of Technology Warangal (NIT Warangal),Autonomous - Institute of National Importance,Institute of National Importance (INI),Government,Telangana,Warangal,Warangal Urban,"Kazipet, Hanamkonda, Warangal, Telangana 506004",17.9836,79.5308,1959.0,Institute of National Importance (INI),B.Tech; M.Tech; MCA; MBA; PhD,Computer Science and Engineering; Electronics & Communication; Electrical and Electronics; Mechanical Engineering; Chemical Engineering; Civil Engineering; Biotechnology,1000,340.0,6200.0,18.2,79.4,9.0,11.8,50.0,572.0,720.0,11.0,135000.0,38000.0,173000.0,Available for Boys & Girls,3.0,140.0,NIRF MHRD Disclosures & CSAB Gazette,2021,NIRF Ranked Premier / INI,,Mandatory Summer Research & Industrial Internships,Tuition Waiver for eligible categories under Central Sector Scheme & Merit Scholarships,,Central Digital Library & Research Access,Departmental Labs & Research Centers,Sports Complex & Athletic Grounds,Campus Health Centre & Ambulance Access,Campus Wi-Fi & LAN,PCS Accessible Facilities across Campus,City Transit & Campus Access,"Technical, Cultural & Student Societies",Annual Cultural & Technical Festivals,"NSS, NCC, Inter-Collegiate Sports Meets",https://www.nirfindia.org,True,High,False
NIT-ROURKELA,National Institute of Technology Rourkela (NIT Rourkela),Autonomous - Institute of National Importance,Institute of National Importance (INI),Government,Odisha,Rourkela,Sundargarh,"Sector 1, Rourkela, Odisha 769008",22.2531,84.9011,1961.0,Institute of National Importance (INI),B.Tech; Dual Degree; M.Tech; PhD,Computer Science and Engineering; Electronics and Communication; Electrical Engineering; Mechanical Engineering; Chemical Engineering; Mining Engineering; Metallurgy,1150,370.0,6800.0,18.3,79.0,7.11,10.5,48.0,430.0,544.0,12.5,135000.0,38000.0,173000.0,Available for Boys & Girls,3.0,320.0,NIRF MHRD Disclosures & CSAB Gazette,2021,NIRF Ranked Premier / INI,,Mandatory Summer Research & Industrial Internships,Tuition Waiver for eligible categories under Central Sector Scheme & Merit Scholarships,,Central Digital Library & Research Access,Departmental Labs & Research Centers,Sports Complex & Athletic Grounds,Campus Health Centre & Ambulance Access,Campus Wi-Fi & LAN,PCS Accessible Facilities across Campus,City Transit & Campus Access,"Technical, Cultural & Student Societies",Annual Cultural & Technical Festivals,"NSS, NCC, Inter-Collegiate Sports Meets",https://www.nirfindia.org,True,High,False
NIT-CALICUT,National Institute of Technology Calicut (NIT Calicut),Autonomous - Institute of National Importance,Institute of National Importance (INI),Government,Kerala,Kozhikode,Kozhikode,"NIT Campus P.O., Kozhikode, Kerala 673601",11.3216,75.9336,1961.0,Institute of National Importance (INI),B.Tech; B.Arch; M.Tech; PhD,Computer Science and Engineering; Electronics & Communication; Electrical; Mechanical; Chemical; Civil; Biotechnology,1100,320.0,6200.0,19.3,81.0,9.5,11.5,47.0,520.0,642.0,10.0,135000.0,38000.0,173000.0,Available for Boys & Girls,3.0,22.0,NIRF MHRD Disclosures & CSAB Gazette,2021,NIRF Ranked Premier / INI,,Mandatory Summer Research & Industrial Internships,Tuition Waiver for eligible categories under Central Sector Scheme & Merit Scholarships,,Central Digital Library & Research Access,Departmental Labs & Research Centers,Sports Complex & Athletic Grounds,Campus Health Centre & Ambulance Access,Campus Wi-Fi & LAN,PCS Accessible Facilities across Campus,City Transit & Campus Access,"Technical, Cultural & Student Societies",Annual Cultural & Technical Festivals,"NSS, NCC, Inter-Collegiate Sports Meets",https://www.nirfindia.org,True,High,False
IIIT-HYDERABAD,International Institute of Information Technology Hyderabad (IIIT-H),Deemed to be University,Deemed to be University(Pvt),Private,Telangana,Hyderabad,Rangareddy,"Gachibowli, Hyderabad, Telangana 500032",17.4455,78.3489,1998.0,NAAC A++ / NIRF Top CSE,B.Tech; Dual Degree; M.Tech; PhD,Computer Science and Engineering; Electronics and Communication Engineering; Computer Science and Humanities; Computational Natural Sciences,350,140.0,1900.0,13.5,97.5,30.0,32.0,102.0,320.0,330.0,6.5,360000.0,60000.0,420000.0,Available for Boys & Girls,3.0,0.0,IIIT-H Mandatory Disclosure & NIRF Report,2021,NIRF Ranked Premier / INI,,Mandatory Summer Research & Industrial Internships,Tuition Waiver for eligible categories under Central Sector Scheme & Merit Scholarships,,Central Digital Library & Research Access,Departmental Labs & Research Centers,Sports Complex & Athletic Grounds,Campus Health Centre & Ambulance Access,Campus Wi-Fi & LAN,PCS Accessible Facilities across Campus,City Transit & Campus Access,"Technical, Cultural & Student Societies",Annual Cultural & Technical Festivals,"NSS, NCC, Inter-Collegiate Sports Meets",https://www.nirfindia.org,True,High,False
DTU-DELHI,Delhi Technological University (DTU),State Government University (Formerly DCE),State Government University,Government,Delhi,Delhi,North West Delhi,"Shahbad Daulatpur, Main Bawana Road, Delhi 110042",28.7501,77.1177,1941.0,State University / NAAC A / NIRF Top 30,B.Tech; M.Tech; MBA; PhD,Computer Engineering; Information Technology; Software Engineering; Electronics & Communication; Mechanical Engineering; Electrical Engineering; Mathematics and Computing,2400,480.0,12000.0,25.0,88.0,13.0,15.2,105.0,1450.0,1650.0,9.0,210000.0,52000.0,262000.0,Available for Boys & Girls,3.0,0.0,NIRF MHRD Disclosures & DTU Placement Report,2021,NIRF Ranked Premier / INI,,Mandatory Summer Research & Industrial Internships,Tuition Waiver for eligible categories under Central Sector Scheme & Merit Scholarships,,Central Digital Library & Research Access,Departmental Labs & Research Centers,Sports Complex & Athletic Grounds,Campus Health Centre & Ambulance Access,Campus Wi-Fi & LAN,PCS Accessible Facilities across Campus,City Transit & Campus Access,"Technical, Cultural & Student Societies",Annual Cultural & Technical Festivals,"NSS, NCC, Inter-Collegiate Sports Meets",https://www.nirfindia.org,True,High,False
COEP-PUNE,COEP Technological University (College of Engineering Pune),Unitary State University (Formerly Autonomous College),State Government University,Government,Maharashtra,Pune,Pune,"Wellesley Road, Shivajinagar, Pune, Maharashtra 411005",18.5293,73.8565,1854.0,State University / NBA Accredited Tier-1,B.Tech; M.Tech; MBA; PhD,Computer Engineering; Electronics & Telecommunication; Mechanical Engineering; Electrical Engineering; Civil Engineering; Metallurgy and Materials; Instrumentation,850,280.0,4200.0,15.0,84.0,9.5,11.2,50.5,680.0,810.0,12.0,135000.0,35000.0,170000.0,Available for Boys & Girls,3.0,0.0,COEP Mandatory Disclosures & NIRF Report,2021,NIRF Ranked Premier / INI,,Mandatory Summer Research & Industrial Internships,Tuition Waiver for eligible categories under Central Sector Scheme & Merit Scholarships,,Central Digital Library & Research Access,Departmental Labs & Research Centers,Sports Complex & Athletic Grounds,Campus Health Centre & Ambulance Access,Campus Wi-Fi & LAN,PCS Accessible Facilities across Campus,City Transit & Campus Access,"Technical, Cultural & Student Societies",Annual Cultural & Technical Festivals,"NSS, NCC, Inter-Collegiate Sports Meets",https://www.nirfindia.org,True,High,False
RVCE-BENGALURU,RV College of Engineering (RVCE Bengaluru),Autonomous - Affiliated to VTU Belagavi,Private-Self Financing,Private,Karnataka,Bengaluru,Bengaluru Urban,"Mysore Road, RV Vidyanikethan Post, Bengaluru, Karnataka 560059",12.9237,77.4987,1963.0,Autonomous / NAAC A+ / NBA Tier-1,B.E.; M.Tech; MCA; PhD,Computer Science and Engineering; Information Science; Electronics & Communication; Electrical and Electronics; Mechanical Engineering; Aerospace Engineering; Biotechnology,1200,390.0,5500.0,14.1,89.0,10.5,12.2,62.0,920.0,1030.0,8.5,240000.0,95000.0,335000.0,Available for Boys & Girls,3.0,0.0,RVCE Placement Report & NIRF Disclosures,2021,NIRF Ranked Premier / INI,,Mandatory Summer Research & Industrial Internships,Tuition Waiver for eligible categories under Central Sector Scheme & Merit Scholarships,,Central Digital Library & Research Access,Departmental Labs & Research Centers,Sports Complex & Athletic Grounds,Campus Health Centre & Ambulance Access,Campus Wi-Fi & LAN,PCS Accessible Facilities across Campus,City Transit & Campus Access,"Technical, Cultural & Student Societies",Annual Cultural & Technical Festivals,"NSS, NCC, Inter-Collegiate Sports Meets",https://www.nirfindia.org,True,High,False
1-44641214719,TEZPUR UNIVERSITY,"Tezpur University, Tezpur",Central University,Government,Assam,Sonitpur,SONITPUR,"NAPAAM TEZPUR - 784 028 DISTRICT  :  SONITPUR ASSAM, INDIA",,,,NIRF Disclosed / AICTE Approved,Post Graduate; Under Graduate,Bio Electronics; Civil Engineering; Computer Science And Engineering; Data Sciences; Design; Electrical Engineering; Electronics And Communications Engineering; Electronics Design And Technology; Energy Technology; Food Engineering And Technology,618,291.0,3475.0,11.9,9.1,2.12,,,3.0,33.0,36.4,,,,Contact College,3.0,,NIRF MHRD Disclosures,2021,,,,,,,,,,,,,,,,https://www.nirfindia.org,True,High,False
1-44640228726,PANJAB UNIVERSITY,"Panjab University, Chandigarh",State Government University,Government,Chandigarh,Chandigarh,CHANDIGARH,"UCIM (UNIVERSITY CENTRE FOR INSTRUMENTATION AND MICROELECTRONICS), PANJAB UNIVERSITY, CHANDIGARH.",,,,NIRF Disclosed / AICTE Approved,Post Graduate,Instrumentation Engineering,13,1005.0,15953.0,15.9,0.1,3.6,,,1.0,1120.0,4.4,,,,Contact College,3.0,,NIRF MHRD Disclosures,2021,,,,,,,,,,,,,,,,https://www.nirfindia.org,True,High,False
1-44638498929,JAWAHARLAL NEHRU UNIVERSITY,NOT APPLICABLE,Central University,Government,Delhi,South West Delhi,SOUTH WEST DELHI,SCHOOL OF COMPUTER AND SYSTEMS SCIENCES JAWAHARLAL NEHRU UNIVERSITY,,,,NIRF Disclosed / AICTE Approved,Post Graduate,Computer Science & Technology; Data Sciences; Master Of Computer Applications,120,647.0,4272.0,6.6,6.5,6.0,,,20.0,310.0,14.5,,,,Contact College,3.0,,NIRF MHRD Disclosures,2021,,,,,,,,,,,,,,,,https://www.nirfindia.org,True,High,False
1-44640144514,DELHI TECHNOLOGICAL UNIVERSITY,NOT APPLICABLE,State Government University,Government,Delhi,North West Delhi,NORTH WEST DELHI,SHAHBAD DAULATPUR BAWANA ROAD,,,,NIRF Disclosed / AICTE Approved,Post Graduate; Under Graduate,Artificial Intelligence; Bachelor Of Design (B.Des.); Bba; Bioinformatics; Biotechnology; Chemical Engineering; Civil Engineering; Computer Aided Analysis And Design; Computer Science & Engineering; Computer Science And Engineering,4223,823.0,9852.0,12.0,16.9,6.0,,,30.0,178.0,83.1,,,,Contact College,3.0,,NIRF MHRD Disclosures,2021,,,,,,,,,,,,,,,,https://www.nirfindia.org,True,High,False
1-44641325535,GURU GOBIND SINGH INDRAPRASTHA UNIVERSITY,NOT APPLICABLE,State Government University,Government,Delhi,South West Delhi,SOUTH WEST DELHI,"SECTOR 16C, DWARKA",,,,NIRF Disclosed / AICTE Approved,Post Graduate,Biotechnology; Chemical Engineering; Computer Science And Engineering; Electronics & Communication Engg; Engineering Physics; Environmental Engineering And Management; Food Processing Technology; Industrial Biotechnology; Information Technology; Master Of Science In Software Engineering,446,221.0,3281.0,14.8,32.5,6.0,,,76.0,234.0,23.9,,,,Contact College,3.0,,NIRF MHRD Disclosures,2021,,,,,,,,,,,,,,,,https://www.nirfindia.org,True,High,False
1-44642215912,JAMIA HAMDARD,"Jamia Hamdard, New Delhi",Govt aided,Government,Delhi,South Delhi,SOUTH DELHI,"HAMDARD NAGAR, NEW DELHI-110062",,,,NIRF Disclosed / AICTE Approved,Post Graduate; Under Graduate,Bca; Computer Science & Engineering; Computer Science And Engineering(Artificial Intelligence); Electronics And Communication Engineering; Food Technology; Masters In Computer Applications,480,473.0,5646.0,11.9,0.0,,,,0.0,98.0,0.0,,,,Contact College,3.0,,NIRF MHRD Disclosures,2021,,,,,,,,,,,,,,,,https://www.nirfindia.org,False,Medium,False
1-44640378024,BIRLA INSTITUTE OF TECHNOLOGY,"Birla Institute of Technology, Ranchi",Deemed to be University(Pvt),Private,Jharkhand,Ranchi,RANCHI,"MESRA, RANCHI - 835215",,,,NIRF Disclosed / AICTE Approved,Diploma; Integrated; Post Graduate; Under Graduate,Aerospace Engineering; Artificial Intelligence And Machine Learning; Automobile Engineering; Bba; Bba/Mba; Bca; Biotechnology; Chemical Engineering; Civil Engineering; Computer Engineering,2592,,,,67.3,7.11,,,442.0,657.0,4.6,,,,Contact College,,,NIRF MHRD Disclosures,2021,,,,,,,,,,,,,,,,https://www.nirfindia.org,True,High,False
1-44638542634,JSS ACADEMY OF HIGHER EDUCATION AND RESEARCH,NOT APPLICABLE,Deemed to be University(Pvt),Private,Karnataka,Mysore,MYSORE,"BANNIMANTAP ROAD, SRI SHIVARATHREESHWARA NAGARA, BANNIMANTAP A LAYOUT, BANNIMANTAP, MYSURU, KARNATAKA 570015",,,,NIRF Disclosed / AICTE Approved,Post Graduate; Under Graduate,Bba; Mba (Information Technology ); Mba(Hospital Administration); Mba(Pharmacy Administration),780,813.0,5629.0,6.9,62.4,7.56,,,151.0,242.0,37.6,,,,Contact College,3.0,,NIRF MHRD Disclosures,2021,,,,,,,,,,,,,,,,https://www.nirfindia.org,True,High,False
1-44637278596,MANIPAL ACADEMY OF HIGHER EDUCATION,NOT APPLICABLE,Deemed to be University(Pvt),Private,Karnataka,Udupi,UDUPI,"MADHAVA NAGAR, MANIPAL",,,,NIRF Disclosed / AICTE Approved,Post Graduate; Under Graduate,Bachelor Of Business Administration (Bba); Bachelor Of Design(Fashion Design); Bachelor Of Design(Interior Design); Bachelor Of Hotel Management; Bba; Computer Science And Engineering; Computer Science And Engineering (Artificial Intelligence And Machine Learning); Computer Science And Engineering (Big Data Analytics); Computer Science And Engineering (Cloud Computing); Computer Science And Engineering (Embedded Systems),7685,2661.0,23443.0,8.8,25.0,3.0,,,170.0,679.0,71.1,,,,Contact College,3.0,,NIRF MHRD Disclosures,2021,,,,,,,,,,,,,,,,https://www.nirfindia.org,True,High,False
1-44640168593,COCHIN UNIVERSITY OF SCIENCE AND TECHNOLOGY,NOT APPLICABLE,State Government University,Government,Kerala,Ernakulam,ERNAKULAM,"COCHIN UNIVERSITY OF SCIENCE AND TECHNOLOGY,COCHIN UNIVERSITY P.O., KOCHI-682022",,,,NIRF Disclosed / AICTE Approved,Post Graduate; Under Graduate,Atmospheric Science; Civil Engineering; Computer Science And Engineering; Computer Science And Engineering (Cyber Security); Construction Engineern And Management; Electrical And Electronics Engineering; Electronics And Communications Engineering; Geotechnical Engineering; Industrial Safety; Information Technology,933,208.0,2997.0,14.4,0.0,,,,0.0,0.0,,,,,Contact College,3.0,,NIRF MHRD Disclosures,2021,,,,,,,,,,,,,,,,https://www.nirfindia.org,False,Medium,False
1-44638728341,HOMI BHABHA NATIONAL INSTITUTE,"Homi Bhabha National Institute, Mumbai",Deemed to be University(Govt),Government,Maharashtra,Mumbai City,MUMBAI CITY,TRAINING SCHOOL COMPLEX 2ND FLOOR ANUSHAKTHINAGAR MUMBAI 400 094,,,,NIRF Disclosed / AICTE Approved,Post Graduate,Chemical Engineering; Civil Engineering; Computer Engineering; Electrical Engineering; Electronic Engineering; Electronics And Instrumentation Engineering; Engineering Physics; Exploration Geosciences; Fusion Science And Technology; Instrumentation,530,1074.0,1312.0,1.2,,,,,,,,,,,Contact College,3.0,,NIRF MHRD Disclosures,2021,,,,,,,,,,,,,,,,https://www.nirfindia.org,False,Medium,False
1-44639931622,INSTITUTE OF CHEMICAL TECHNOLOGY,NOT APPLICABLE,Deemed to be University(Govt),Government,Maharashtra,Mumbai City,MUMBAI CITY,"NATHALAL PAREKH MARG, MATUNGA",,,,NIRF Disclosed / AICTE Approved,Post Graduate; Under Graduate,"Bioprocess Technology; Chemical Engineering; Dyestuff Technology; Fibres And Textiles Processing Technology; Food Biotechnology; Food Engineering And Technology; Green Technology; Mba (Innovation, Entrepreneurship And Venture  Development (Iev)); Oils, Oleochemicals And Surfactants Technology; Perfumery And Flavour Technology",504,168.0,1853.0,11.0,39.1,6.0,,,95.0,243.0,33.3,,,,Contact College,3.0,,NIRF MHRD Disclosures,2021,,,,,,,,,,,,,,,,https://www.nirfindia.org,True,High,False
1-44643712786,SVKM'S NARSEE MONJEE INSTITUTE OF MANAGEMENT STUDIES,NOT APPLICABLE,State Private University,Private,Maharashtra,Dhule,DHULE,"BABHULDE, BANK OF TAPI RIVER, MUMBAI AGRA ROAD",,,,NIRF Disclosed / AICTE Approved,Diploma; Integrated; Under Graduate,Artificial Intelligence And Machine Learning; Computer Engineering; Computer Science; Computer Science And Engineering (Data Science); Information Technology; Mba Pharma Tech; Mba Tech Computer Engineering; Textile Technology,720,574.0,6817.0,11.9,18.0,4.1,,,97.0,539.0,6.9,,,,Contact College,3.0,,NIRF MHRD Disclosures,2021,,,,,,,,,,,,,,,,https://www.nirfindia.org,True,High,False
1-44638401484,SIKSHA 'O' ANUSANDHAN,NOT APPLICABLE,Deemed to be University(Pvt),Private,Odisha,Khordha,KHORDHA,"KHANDAGIRI, BHUBANESWAR",,,,NIRF Disclosed / AICTE Approved,Integrated; Post Graduate; Under Graduate,Bba; Bca; Civil Engineering; Computer Science & Engineering; Computer Science And Engineering; Computer Science And Engineering (Artificial Intelligence And Machine Learning); Computer Science And Engineering (Cyber Security); Computer Science And Engineering (Data Science); Computer Science And Engineering (Internet Of Things); Computer Science And Information Technology,4440,1393.0,12912.0,9.3,75.6,3.5,,,0.0,0.0,,,,,Contact College,3.0,,NIRF MHRD Disclosures,2021,,,,,,,,,,,,,,,,https://www.nirfindia.org,True,High,False
1-44638167650,PONDICHERRY UNIVERSITY,NOT APPLICABLE,Central University,Government,Puducherry,Puducherry,PUDUCHERRY,"DR. B.R. AMBEDKAR BUILDING, R.V. NAGAR, KALAPET",,,,NIRF Disclosed / AICTE Approved,Post Graduate; Under Graduate,Bba; Bca; Civil Engineering (Environmental And Pollution Control); Computational Biology; Computer Applications; Computer Networks And Information Security; Computer Science & Engineering; Computer Science And Business Systems; Computer Science And Engineering; Electronics And Communication Engineering,902,339.0,6011.0,17.7,55.1,2.4,,,113.0,205.0,28.3,,,,Contact College,3.0,,NIRF MHRD Disclosures,2021,,,,,,,,,,,,,,,,https://www.nirfindia.org,True,High,False
1-44638926274,THAPAR INSTITUTE OF ENGINEERING AND TECHNOLOGY DEEMED TO BE UNIVERSITY,NOT APPLICABLE,Deemed to be University(Pvt),Private,Punjab,Patiala,PATIALA,THAPAR TECHNOLOGY CAMPUS BHADSON ROAD,,,,NIRF Disclosed / AICTE Approved,Post Graduate; Under Graduate,Artificial Intelligence; Artificial Intelligence And Data Science; Bba; Biomedical Engineering; Biotechnology; Chemical Engineering; Civil Engineering; Civil Engineering With Computer Application; Computer Engineering; Computer Science & Engineering,3720,,,,73.0,6.2,,,901.0,1234.0,4.5,,,,Contact College,,,NIRF MHRD Disclosures,2021,,,,,,,,,,,,,,,,https://www.nirfindia.org,True,High,False
1-44638177879,ANNA UNIVERSITY,NOT APPLICABLE,State Government University,Government,Tamil Nadu,Chennai,CHENNAI,SARDAR PATEL ROAD CHENNAI-25 TAMIL NADU,,,,NIRF Disclosed / AICTE Approved,Post Graduate; Under Graduate,Aeronautical Engineering; Aerospace Technology; Apparel Technology; Applied Electronics; Artificial Intelligence (Ai)  And Data Science; Automobile Engineering; Avionics; Biomedical Engineering; Biopharmaceutical Technology; Biotechnology,6291,1024.0,15149.0,14.8,49.9,5.5,,,1128.0,2260.0,6.9,,,,Contact College,3.0,,NIRF MHRD Disclosures,2021,,,,,,,,,,,,,,,,https://www.nirfindia.org,True,High,False
1-44638184908,SRM INSTITUTE OF SCIENCE AND TECHNOLOGY,NOT APPLICABLE,Deemed to be University(Pvt),Private,Tamil Nadu,Kanchipuram,KANCHIPURAM,KATTANKULATHUR,,,,NIRF Disclosed / AICTE Approved,Integrated; Post Graduate; Under Graduate,Aero Space Engineering; Aerospace Engineering; Artificial Intelligence; Artificial Intelligence And Data Science; Automation And Robotics; Automobile Engineering; Automobile Engineering With Specialisation In Automotive Electronics; Automobile Engineering With Specialisation In Vehicle Testing; Automotive Engineering; Automotive Hybrid Systems Engineering,21607,3350.0,48995.0,14.6,21.8,2.5,,,550.0,2526.0,6.3,,,,Contact College,3.0,,NIRF MHRD Disclosures,2021,,,,,,,,,,,,,,,,https://www.nirfindia.org,True,High,False
1-44638278733,PERIYAR UNIVERSITY,NOT APPLICABLE,State Government University,Government,Tamil Nadu,Salem,SALEM,"PERIYAR PALKALAI NAGAR, SALEM-636011",,,,NIRF Disclosed / AICTE Approved,Post Graduate,Master Of Computer Applications,30,,,,22.2,0.96,,,6.0,27.0,66.7,,,,Contact College,,,NIRF MHRD Disclosures,2021,,,,,,,,,,,,,,,,https://www.nirfindia.org,True,High,False
1-44638851661,SAVEETHA INSTITUTE OF MEDICAL AND TECHNICAL SCIENCES,NOT APPLICABLE,Deemed to be University(Pvt),Private,Tamil Nadu,Kanchipuram,KANCHIPURAM,"SAVEETHA NAGAR, SRIPERUMBUDUR TALUK, CHENNAI, TAMILNADU-602105",,,,NIRF Disclosed / AICTE Approved,Post Graduate; Under Graduate,Artificial Intelligence And Data Science; Artificial Intelligence And Machine Learning; Bba; Bca; Bioinformatics; Biomaterial Science And Engineering; Biomedical Engineering; Biotechnology; Civil Engineering; Computer Science & Engineering,3210,876.0,9797.0,11.2,92.5,3.96,,,1287.0,1392.0,5.3,,,,Contact College,3.0,,NIRF MHRD Disclosures,2021,,,,,,,,,,,,,,,,https://www.nirfindia.org,True,High,False
1-44639321669,VELLORE INSTITUTE OF TECHNOLOGY,NOT APPLICABLE,Deemed to be University(Pvt),Private,Tamil Nadu,Vellore,VELLORE,"KATPADI THIRUVALAM ROAD, VELLORE",,,,NIRF Disclosed / AICTE Approved,Integrated; Post Graduate; Under Graduate,Applied Computational Fluid Dynamics; Artificial Intelligence And Machine Learning; Automotive Electronics; Bba; Bca; Biomedical Engineering; Biotechnology; Cad/Cam; Chemical Engineering; Civil Engineering,16508,2129.0,36502.0,17.1,18.9,3.83,,,103.0,544.0,70.4,,,,Contact College,3.0,,NIRF MHRD Disclosures,2021,,,,,,,,,,,,,,,,https://www.nirfindia.org,True,High,False
1-44641691280,TAMILNADU AGRICULTURAL UNIVERSITY,"Tamil Nadu Agricultural University, Coimbatore",Government,Government,Tamil Nadu,Coimbatore,COIMBATORE,"DEPT OF AGRICULTURAL AND RURAL MANAGEMENT TAMILNADU AGRICULTURAL UNIVERSITY, COIMBATORE - 641003",,,,NIRF Disclosed / AICTE Approved,Post Graduate,Mba(Agribusiness Management),30,,,,19.4,3.1,,,174.0,898.0,26.2,,,,Contact College,,,NIRF MHRD Disclosures,2021,,,,,,,,,,,,,,,,https://www.nirfindia.org,True,High,False
1-44643228273,SATHYABAMA INSTITUTE OF SCIENCE AND TECHNOLOGY,NOT APPLICABLE,Deemed to be University(Pvt),Private,Tamil Nadu,Kanchipuram,KANCHIPURAM,"JEPPIAAR NAGAR, RAJIV GANDHI SALAI",,,,NIRF Disclosed / AICTE Approved,Post Graduate; Under Graduate,Aeronautical Engineering; Applied Electronics; Artificial Intelligence And Data Science; Bba; Bca; Biomedical Engineering; Biotechnology; Chemical Engineering; Civil Engineering; Computer Aided Design,7380,1055.0,11939.0,11.3,78.6,3.52,,,184.0,234.0,20.1,,,,Contact College,3.0,,NIRF MHRD Disclosures,2021,,,,,,,,,,,,,,,,https://www.nirfindia.org,True,High,False
1-44642483086,PSG COLLEGE OF TECHNOLOGY,"Anna University, Chennai",Govt aided,Government,Tamil Nadu,Coimbatore,COIMBATORE,AVINASHI ROAD PEELAMEDU,,,,NIRF Disclosed / AICTE Approved,Post Graduate; Under Graduate,Automobile Engineering; Automotive Engineering; Bio Metrics & Cyber Security; Biomedical Engineering; Biotechnology; Civil Engineering; Computer Science And Engineering; Computer Science And Engineering (Artificial Intelligence And Machine Learning); Control Systems; Electrical And Electronics Engineering,2034,596.0,8235.0,13.8,69.2,2.52,,,54.0,78.0,6.4,,,,Contact College,3.0,,NIRF MHRD Disclosures,2021,,,,,,,,,,,,,,,,https://www.nirfindia.org,True,High,False
1-44640193569,UNIVERSITY OF HYDERABAD,NOT APPLICABLE,Central University,Government,Telangana,Rangareddi,RANGAREDDI,"CENTRAL UNIVERSITY POST, HYDERABAD",,,,NIRF Disclosed / AICTE Approved,Integrated; Post Graduate,Artificial Intelligence; Bioinformatics; Computer Science; Computer Science And Engineering; Information Technology; Integrated Circuits Technology; Manufacturing Science And Engineering; Master Of Computer Applications; Masters In Business Administration(Health Care And Hospital Management); Materials Engineering,626,442.0,3428.0,7.8,,,,,,,,,,,Contact College,3.0,,NIRF MHRD Disclosures,2021,,,,,,,,,,,,,,,,https://www.nirfindia.org,False,Medium,False
1-44643142475,JADAVPUR UNIVERSITY,NOT APPLICABLE,State Government University,Government,West Bengal,Kolkata,KOLKATA,"MAIN CAMPUS:  188, RAJA S. C. MALLIK ROAD, JADAVPUR, KOLKATA - 700032 SECOND CAMPUS:  PL - 8, BL - LB, SECTOR - III, SALT LAKE, KOLKATA - 700098",,,,NIRF Disclosed / AICTE Approved,Post Graduate; Under Graduate,Automobile Engineering; Biomedical Engineering; Bioprocess Engineering; Chemical Engineering; Civil Engineering; Computer Science & Engineering; Computer Technology; Construction Engineering; Control System Engineering; Distributed And Mobile Computing,2071,639.0,10985.0,17.2,24.1,5.8,,,205.0,852.0,75.8,,,,Contact College,3.0,,NIRF MHRD Disclosures,2021,,,,,,,,,,,,,,,,https://www.nirfindia.org,True,High,False
NIRF-INDIANINSTITUTEOFENGINEE,Indian Institute of Engineering Science and Technology,Indian Institute of Engineering Science and Technology,Central University,Government,National,Headquarters,Headquarters,"Indian Institute of Engineering Science and Technology, Headquarters, National",,,,NIRF Disclosed / Ministry of Education,B.Tech; M.Tech; PhD,Computer Science; Mechanical; Civil; Electrical; Electronics,566,263.0,3397.0,12.9,70.6,7.0,,,381.0,540.0,10.4,,,,Available for Boys & Girls,3.0,,NIRF MHRD Disclosures,2021,,,,,,,,,,,,,,,,https://www.nirfindia.org,True,High,False
NIRF-JAMIAMILLIAISLAMIA,Jamia Millia Islamia,Jamia Millia Islamia,Central University,Government,National,Headquarters,Headquarters,"Jamia Millia Islamia, Headquarters, National",,,,NIRF Disclosed / Ministry of Education,B.Tech; M.Tech; PhD,Computer Science; Mechanical; Civil; Electrical; Electronics,983,742.0,8623.0,11.6,22.7,4.2,,,223.0,983.0,77.3,,,,Available for Boys & Girls,3.0,,NIRF MHRD Disclosures,2021,,,,,,,,,,,,,,,,https://www.nirfindia.org,True,High,False
NIRF-NATIONALINSTITUTEOFTECHN,National Institute of Technology Durgapur,National Institute of Technology Durgapur,Central University,Government,National,Headquarters,Headquarters,"National Institute of Technology Durgapur, Headquarters, National",,,,NIRF Disclosed / Ministry of Education,B.Tech; M.Tech; PhD,Computer Science; Mechanical; Civil; Electrical; Electronics,768,237.0,3611.0,15.2,68.3,7.97,,,453.0,663.0,22.6,,,,Available for Boys & Girls,3.0,,NIRF MHRD Disclosures,2021,,,,,,,,,,,,,,,,https://www.nirfindia.org,True,High,False
NIRF-MYSOREUNIVERSITY,Mysore University,Mysore University,State Government University,Government,Karnataka,Mysuru,Mysuru,"Mysore University, Mysuru, Karnataka",,,,NIRF Disclosed / Ministry of Education,B.Tech; M.Tech; PhD,Computer Science; Mechanical; Civil; Electrical; Electronics,38,451.0,6165.0,13.7,72.2,3.6,,,26.0,36.0,22.2,,,,Available for Boys & Girls,3.0,,NIRF MHRD Disclosures,2021,,,,,,,,,,,,,,,,https://www.nirfindia.org,True,High,False
NIRF-INDIANINSTITUTEOFTECHNOL,Indian Institute of Technology (Indian School of Mines),Indian Institute of Technology (Indian School of Mines),Central University,Government,National,Headquarters,Headquarters,"Indian Institute of Technology (Indian School of Mines), Headquarters, National",,,,NIRF Disclosed / Ministry of Education,B.Tech; M.Tech; PhD,Computer Science; Mechanical; Civil; Electrical; Electronics,824,354.0,5228.0,14.8,72.1,11.0,,,537.0,745.0,1.9,,,,Available for Boys & Girls,3.0,,NIRF MHRD Disclosures,2021,,,,,,,,,,,,,,,,https://www.nirfindia.org,True,High,False
NIRF-59,National Institute of Technology Karnataka,National Institute of Technology Karnataka,Central University,Government,National,Headquarters,Headquarters,"National Institute of Technology Karnataka, Headquarters, National",,,,NIRF Disclosed / Ministry of Education,B.Tech; M.Tech; PhD,Computer Science; Mechanical; Civil; Electrical; Electronics,740,440.0,4847.0,11.0,83.6,9.86,,,632.0,756.0,15.1,,,,Available for Boys & Girls,3.0,,NIRF MHRD Disclosures,2021,,,,,,,,,,,,,,,,https://www.nirfindia.org,True,High,False
NIRF-NORTHEASTERNHILLUNIVERSI,North Eastern Hill University,North Eastern Hill University,Central University,Government,Meghalaya,Shillong,Shillong,"North Eastern Hill University, Shillong, Meghalaya",,,,NIRF Disclosed / Ministry of Education,B.Tech; M.Tech; PhD,Computer Science; Mechanical; Civil; Electrical; Electronics,240,300.0,3804.0,12.7,15.2,3.8,,,21.0,138.0,0.0,,,,Available for Boys & Girls,2.0,,NIRF MHRD Disclosures,2021,,,,,,,,,,,,,,,,https://www.nirfindia.org,True,High,False
NIRF-ALAGAPPAUNIVERSITY,Alagappa University,Alagappa University,State Government University,Government,Tamil Nadu,Karaikudi,Karaikudi,"Alagappa University, Karaikudi, Tamil Nadu",,,,NIRF Disclosed / Ministry of Education,B.Tech; M.Tech; PhD,Computer Science; Mechanical; Civil; Electrical; Electronics,105,349.0,3305.0,9.5,57.0,0.9,,,45.0,79.0,15.2,,,,Available for Boys & Girls,3.0,,NIRF MHRD Disclosures,2021,,,,,,,,,,,,,,,,https://www.nirfindia.org,True,High,False
NIRF-62,Indian Institute of Technology Hyderabad,Indian Institute of Technology Hyderabad,Central University,Government,National,Headquarters,Headquarters,"Indian Institute of Technology Hyderabad, Headquarters, National",,,,NIRF Disclosed / Ministry of Education,B.Tech; M.Tech; PhD,Computer Science; Mechanical; Civil; Electrical; Electronics,240,242.0,1756.0,7.3,65.8,17.0,,,144.0,219.0,20.1,,,,Available for Boys & Girls,3.0,,NIRF MHRD Disclosures,2021,,,,,,,,,,,,,,,,https://www.nirfindia.org,True,High,False
NIRF-63,National Institute of Technology Warangal,National Institute of Technology Warangal,Central University,Government,National,Headquarters,Headquarters,"National Institute of Technology Warangal, Headquarters, National",,,,NIRF Disclosed / Ministry of Education,B.Tech; M.Tech; PhD,Computer Science; Mechanical; Civil; Electrical; Electronics,800,403.0,5417.0,13.4,79.4,9.0,,,572.0,720.0,9.6,,,,Available for Boys & Girls,3.0,,NIRF MHRD Disclosures,2021,,,,,,,,,,,,,,,,https://www.nirfindia.org,True,High,False
NIRF-THAPARINSTITUTEOFENGINEE,Thapar Institute of Engineering and Technology,Thapar Institute of Engineering and Technology,Central University,Government,National,Headquarters,Headquarters,"Thapar Institute of Engineering and Technology, Headquarters, National",,,,NIRF Disclosed / Ministry of Education,B.Tech; M.Tech; PhD,Computer Science; Mechanical; Civil; Electrical; Electronics,1480,555.0,8212.0,14.8,68.0,8.1,,,1053.0,1549.0,11.7,,,,Available for Boys & Girls,3.0,,NIRF MHRD Disclosures,2021,,,,,,,,,,,,,,,,https://www.nirfindia.org,True,High,False
NIRF-65,Indian Institute of Technology Gandhinagar,Indian Institute of Technology Gandhinagar,Central University,Government,National,Headquarters,Headquarters,"Indian Institute of Technology Gandhinagar, Headquarters, National",,,,NIRF Disclosed / Ministry of Education,B.Tech; M.Tech; PhD,Computer Science; Mechanical; Civil; Electrical; Electronics,180,122.0,1303.0,10.7,52.6,8.96,,,82.0,156.0,23.7,,,,Available for Boys & Girls,3.0,,NIRF MHRD Disclosures,2021,,,,,,,,,,,,,,,,https://www.nirfindia.org,True,High,False
NIRF-SHIVNADARUNIVERSITY,Shiv Nadar University,Shiv Nadar University,Private University,Private,Uttar Pradesh,Greater Noida,Greater Noida,"Shiv Nadar University, Greater Noida, Uttar Pradesh",,,,NIRF Disclosed / Ministry of Education,B.Tech; M.Tech; PhD,Computer Science; Mechanical; Civil; Electrical; Electronics,504,243.0,1845.0,7.6,64.3,6.0,,,313.0,487.0,10.3,,,,Available for Boys & Girls,3.0,,NIRF MHRD Disclosures,2021,,,,,,,,,,,,,,,,https://www.nirfindia.org,True,High,False
NIRF-67,Indian Institute of Technology Bombay,Indian Institute of Technology Bombay,Central University,Government,National,Headquarters,Headquarters,"Indian Institute of Technology Bombay, Headquarters, National",,,,NIRF Disclosed / Ministry of Education,B.Tech; M.Tech; PhD,Computer Science; Mechanical; Civil; Electrical; Electronics,779,682.0,7465.0,10.9,72.5,35.0,,,464.0,640.0,18.4,,,,Available for Boys & Girls,3.0,,NIRF MHRD Disclosures,2021,,,,,,,,,,,,,,,,https://www.nirfindia.org,True,High,False
NIRF-68,Indian Institute of Technology Roorkee,Indian Institute of Technology Roorkee,Central University,Government,National,Headquarters,Headquarters,"Indian Institute of Technology Roorkee, Headquarters, National",,,,NIRF Disclosed / Ministry of Education,B.Tech; M.Tech; PhD,Computer Science; Mechanical; Civil; Electrical; Electronics,845,574.0,5629.0,9.8,83.5,17.54,,,663.0,794.0,16.5,,,,Available for Boys & Girls,3.0,,NIRF MHRD Disclosures,2021,,,,,,,,,,,,,,,,https://www.nirfindia.org,True,High,False
NIRF-CALICUTUNIVERSITY,Calicut University,Calicut University,State Government University,Government,Kerala,Thenhipalam,Thenhipalam,"Calicut University, Thenhipalam, Kerala",,,,NIRF Disclosed / Ministry of Education,B.Tech; M.Tech; PhD,Computer Science; Mechanical; Civil; Electrical; Electronics,55,260.0,2135.0,8.2,16.2,3.81,,,6.0,37.0,67.6,,,,Available for Boys & Girls,3.0,,NIRF MHRD Disclosures,2021,,,,,,,,,,,,,,,,https://www.nirfindia.org,True,High,False
NIRF-BHARATHIDASANUNIVERSITY,Bharathidasan University,Bharathidasan University,State Government University,Government,Tamil Nadu,Tiruchirappalli,Tiruchirappalli,"Bharathidasan University, Tiruchirappalli, Tamil Nadu",,,,NIRF Disclosed / Ministry of Education,B.Tech; M.Tech; PhD,Computer Science; Mechanical; Civil; Electrical; Electronics,160,259.0,2645.0,10.2,27.5,1.26,,,22.0,80.0,13.8,,,,Available for Boys & Girls,3.0,,NIRF MHRD Disclosures,2021,,,,,,,,,,,,,,,,https://www.nirfindia.org,True,High,False
NIRF-71,Indian Institute of Technology Madras,Indian Institute of Technology Madras,Central University,Government,National,Headquarters,Headquarters,"Indian Institute of Technology Madras, Headquarters, National",,,,NIRF Disclosed / Ministry of Education,B.Tech; M.Tech; PhD,Computer Science; Mechanical; Civil; Electrical; Electronics,466,642.0,6609.0,10.3,76.5,15.0,,,286.0,374.0,11.5,,,,Available for Boys & Girls,3.0,,NIRF MHRD Disclosures,2021,,,,,,,,,,,,,,,,https://www.nirfindia.org,True,High,False
NIRF-AMRITAVISHWAVIDYAPEETHAM,Amrita Vishwa Vidyapeetham,Amrita Vishwa Vidyapeetham,Deemed University (Private),Private,Tamil Nadu,Coimbatore,Coimbatore,"Amrita Vishwa Vidyapeetham, Coimbatore, Tamil Nadu",,,,NIRF Disclosed / Ministry of Education,B.Tech; M.Tech; PhD,Computer Science; Mechanical; Civil; Electrical; Electronics,900,1624.0,21108.0,13.0,15.6,2.23,,,121.0,776.0,52.4,,,,Available for Boys & Girls,3.0,,NIRF MHRD Disclosures,2021,,,,,,,,,,,,,,,,https://www.nirfindia.org,True,High,False
NIRF-BHARATHINSTITUTEOFHIGHER,Bharath Institute of Higher Education & Research,Bharath Institute of Higher Education & Research,Central University,Government,National,Headquarters,Headquarters,"Bharath Institute of Higher Education & Research, Headquarters, National",,,,NIRF Disclosed / Ministry of Education,B.Tech; M.Tech; PhD,Computer Science; Mechanical; Civil; Electrical; Electronics,720,1338.0,16986.0,12.7,65.3,3.55,,,438.0,671.0,34.7,,,,Available for Boys & Girls,3.0,,NIRF MHRD Disclosures,2021,,,,,,,,,,,,,,,,https://www.nirfindia.org,True,High,False
NIRF-74,Indian Institute of Technology Guwahati,Indian Institute of Technology Guwahati,Central University,Government,National,Headquarters,Headquarters,"Indian Institute of Technology Guwahati, Headquarters, National",,,,NIRF Disclosed / Ministry of Education,B.Tech; M.Tech; PhD,Computer Science; Mechanical; Civil; Electrical; Electronics,660,436.0,4339.0,10.0,82.2,18.0,,,491.0,597.0,9.7,,,,Available for Boys & Girls,3.0,,NIRF MHRD Disclosures,2021,,,,,,,,,,,,,,,,https://www.nirfindia.org,True,High,False
NIRF-SAVITRIBAIPHULEPUNEUNIVE,Savitribai Phule Pune University,Savitribai Phule Pune University,Central University,Government,National,Headquarters,Headquarters,"Savitribai Phule Pune University, Headquarters, National",,,,NIRF Disclosed / Ministry of Education,B.Tech; M.Tech; PhD,Computer Science; Mechanical; Civil; Electrical; Electronics,30,712.0,4427.0,6.2,33.3,3.55,,,10.0,30.0,46.7,,,,Available for Boys & Girls,3.0,,NIRF MHRD Disclosures,2021,,,,,,,,,,,,,,,,https://www.nirfindia.org,True,High,False
NIRF-MAHATMAGANDHIUNIVERSITY,Mahatma Gandhi University,Mahatma Gandhi University,Central University,Government,National,Headquarters,Headquarters,"Mahatma Gandhi University, Headquarters, National",,,,NIRF Disclosed / Ministry of Education,B.Tech; M.Tech; PhD,Computer Science; Mechanical; Civil; Electrical; Electronics,30,135.0,1137.0,8.4,0.0,0.96,,,0.0,24.0,54.2,,,,Available for Boys & Girls,3.0,,NIRF MHRD Disclosures,2021,,,,,,,,,,,,,,,,https://www.nirfindia.org,True,High,False
NIRF-77,Indian Institute of Technology Mandi,Indian Institute of Technology Mandi,Central University,Government,National,Headquarters,Headquarters,"Indian Institute of Technology Mandi, Headquarters, National",,,,NIRF Disclosed / Ministry of Education,B.Tech; M.Tech; PhD,Computer Science; Mechanical; Civil; Electrical; Electronics,145,136.0,1734.0,12.8,66.4,10.0,,,85.0,128.0,13.3,,,,Available for Boys & Girls,3.0,,NIRF MHRD Disclosures,2021,,,,,,,,,,,,,,,,https://www.nirfindia.org,True,High,False
NIRF-78,National Institute of Technology Tiruchirappalli,National Institute of Technology Tiruchirappalli,Central University,Government,National,Headquarters,Headquarters,"National Institute of Technology Tiruchirappalli, Headquarters, National",,,,NIRF Disclosed / Ministry of Education,B.Tech; M.Tech; PhD,Computer Science; Mechanical; Civil; Electrical; Electronics,768,413.0,5493.0,13.3,69.2,10.5,,,556.0,803.0,22.2,,,,Available for Boys & Girls,3.0,,NIRF MHRD Disclosures,2021,,,,,,,,,,,,,,,,https://www.nirfindia.org,True,High,False
NIRF-INDIANINSTITUTEOFSCIENCE,Indian Institute of Science Education & Research Kolkata,Indian Institute of Science Education & Research Kolkata,Central University,Government,National,Headquarters,Headquarters,"Indian Institute of Science Education & Research Kolkata, Headquarters, National",,,,NIRF Disclosed / Ministry of Education,B.Tech; M.Tech; PhD,Computer Science; Mechanical; Civil; Electrical; Electronics,200,127.0,937.0,7.4,6.4,7.0,,,11.0,172.0,59.3,,,,Available for Boys & Girls,3.0,,NIRF MHRD Disclosures,2021,,,,,,,,,,,,,,,,https://www.nirfindia.org,True,High,False
NIRF-ANDHRAUNIVERSITYVISAKHAP,"Andhra University, Visakhapatnam","Andhra University, Visakhapatnam",State Government University,Government,Andhra Pradesh,Visakhapatnam,Visakhapatnam,"Andhra University, Visakhapatnam, Visakhapatnam, Andhra Pradesh",,,,NIRF Disclosed / Ministry of Education,B.Tech; M.Tech; PhD,Computer Science; Mechanical; Civil; Electrical; Electronics,120,684.0,9048.0,13.2,14.1,2.0,,,10.0,71.0,56.3,,,,Available for Boys & Girls,3.0,,NIRF MHRD Disclosures,2021,,,,,,,,,,,,,,,,https://www.nirfindia.org,True,High,False
NIRF-81,Indian Institute of Technology Bhubaneswar,Indian Institute of Technology Bhubaneswar,Central University,Government,National,Headquarters,Headquarters,"Indian Institute of Technology Bhubaneswar, Headquarters, National",,,,NIRF Disclosed / Ministry of Education,B.Tech; M.Tech; PhD,Computer Science; Mechanical; Civil; Electrical; Electronics,220,150.0,1836.0,12.2,80.0,13.5,,,156.0,195.0,2.1,,,,Available for Boys & Girls,3.0,,NIRF MHRD Disclosures,2021,,,,,,,,,,,,,,,,https://www.nirfindia.org,True,High,False
NIRF-SHANMUGHAARTSSCIENCETECH,Shanmugha Arts Science Technology & Research Academy,Shanmugha Arts Science Technology & Research Academy,Central University,Government,National,Headquarters,Headquarters,"Shanmugha Arts Science Technology & Research Academy, Headquarters, National",,,,NIRF Disclosed / Ministry of Education,B.Tech; M.Tech; PhD,Computer Science; Mechanical; Civil; Electrical; Electronics,120,722.0,9851.0,13.6,61.9,3.0,,,70.0,113.0,38.1,,,,Available for Boys & Girls,3.0,,NIRF MHRD Disclosures,2021,,,,,,,,,,,,,,,,https://www.nirfindia.org,True,High,False
NIRF-UNIVERSITYOFKASHMIR,University of Kashmir,University of Kashmir,Central University,Government,National,Headquarters,Headquarters,"University of Kashmir, Headquarters, National",,,,NIRF Disclosed / Ministry of Education,B.Tech; M.Tech; PhD,Computer Science; Mechanical; Civil; Electrical; Electronics,65,552.0,8672.0,15.7,32.8,8.0,,,20.0,61.0,24.6,,,,Available for Boys & Girls,3.0,,NIRF MHRD Disclosures,2021,,,,,,,,,,,,,,,,https://www.nirfindia.org,True,High,False
NIRF-GURUNANAKDEVUNIVERSITY,Guru Nanak Dev University,Guru Nanak Dev University,State Government University,Government,Punjab,Amritsar,Amritsar,"Guru Nanak Dev University, Amritsar, Punjab",,,,NIRF Disclosed / Ministry of Education,B.Tech; M.Tech; PhD,Computer Science; Mechanical; Civil; Electrical; Electronics,555,594.0,9756.0,16.4,70.4,3.5,,,333.0,473.0,29.6,,,,Available for Boys & Girls,3.0,,NIRF MHRD Disclosures,2021,,,,,,,,,,,,,,,,https://www.nirfindia.org,True,High,False
NIRF-DRDYPATILVIDYAPEETH,Dr. D. Y. Patil Vidyapeeth,Dr. D. Y. Patil Vidyapeeth,Deemed University (Private),Private,Maharashtra,Pune,Pune,"Dr. D. Y. Patil Vidyapeeth, Pune, Maharashtra",,,,NIRF Disclosed / Ministry of Education,B.Tech; M.Tech; PhD,Computer Science; Mechanical; Civil; Electrical; Electronics,290,651.0,4422.0,6.8,76.8,2.4,,,179.0,233.0,21.9,,,,Available for Boys & Girls,3.0,,NIRF MHRD Disclosures,2021,,,,,,,,,,,,,,,,https://www.nirfindia.org,True,High,False
NIRF-86,Indian Institute of Technology Delhi,Indian Institute of Technology Delhi,Central University,Government,National,Headquarters,Headquarters,"Indian Institute of Technology Delhi, Headquarters, National",,,,NIRF Disclosed / Ministry of Education,B.Tech; M.Tech; PhD,Computer Science; Mechanical; Civil; Electrical; Electronics,749,706.0,6359.0,9.0,78.6,15.5,,,511.0,650.0,13.8,,,,Available for Boys & Girls,3.0,,NIRF MHRD Disclosures,2021,,,,,,,,,,,,,,,,https://www.nirfindia.org,True,High,False
NIRF-SRISIVASUBRAMANIYANADARC,Sri Sivasubramaniya Nadar College of Engineering,Sri Sivasubramaniya Nadar College of Engineering,Central University,Government,National,Headquarters,Headquarters,"Sri Sivasubramaniya Nadar College of Engineering, Headquarters, National",,,,NIRF Disclosed / Ministry of Education,B.Tech; M.Tech; PhD,Computer Science; Mechanical; Civil; Electrical; Electronics,780,253.0,4102.0,16.2,82.4,5.0,,,579.0,703.0,15.2,,,,Available for Boys & Girls,3.0,,NIRF MHRD Disclosures,2021,,,,,,,,,,,,,,,,https://www.nirfindia.org,True,High,False
NIRF-KONERULAKSHMAIAHEDUCATIO,Koneru Lakshmaiah Education Foundation University (K L College of Engineering),Koneru Lakshmaiah Education Foundation University (K L College of Engineering),Central University,Government,National,Headquarters,Headquarters,"Koneru Lakshmaiah Education Foundation University (K L College of Engineering), Headquarters, National",,,,NIRF Disclosed / Ministry of Education,B.Tech; M.Tech; PhD,Computer Science; Mechanical; Civil; Electrical; Electronics,3740,1085.0,14891.0,13.7,50.1,4.35,,,1565.0,3123.0,9.9,,,,Available for Boys & Girls,3.0,,NIRF MHRD Disclosures,2021,,,,,,,,,,,,,,,,https://www.nirfindia.org,True,High,False
NIRF-UNIVERSITYOFDELHI,University of Delhi,University of Delhi,Central University,Government,National,Headquarters,Headquarters,"University of Delhi, Headquarters, National",,,,NIRF Disclosed / Ministry of Education,B.Tech; M.Tech; PhD,Computer Science; Mechanical; Civil; Electrical; Electronics,348,1060.0,21615.0,20.4,23.2,4.0,,,62.0,267.0,49.1,,,,Available for Boys & Girls,3.0,,NIRF MHRD Disclosures,2021,,,,,,,,,,,,,,,,https://www.nirfindia.org,True,High,False
NIRF-BANASTHALIVIDYAPITH,Banasthali Vidyapith,Banasthali Vidyapith,Deemed University (Private),Private,Rajasthan,Banasthali,Banasthali,"Banasthali Vidyapith, Banasthali, Rajasthan",,,,NIRF Disclosed / Ministry of Education,B.Tech; M.Tech; PhD,Computer Science; Mechanical; Civil; Electrical; Electronics,1335,661.0,11686.0,17.7,7.2,2.6,,,102.0,1421.0,61.5,,,,Available for Boys & Girls,3.0,,NIRF MHRD Disclosures,2021,,,,,,,,,,,,,,,,https://www.nirfindia.org,True,High,False
NIRF-SYMBIOSISINTERNATIONAL,Symbiosis International,Symbiosis International,Central University,Government,National,Headquarters,Headquarters,"Symbiosis International, Headquarters, National",,,,NIRF Disclosed / Ministry of Education,B.Tech; M.Tech; PhD,Computer Science; Mechanical; Civil; Electrical; Electronics,960,1255.0,17488.0,13.9,61.8,7.54,,,671.0,1086.0,38.2,,,,Available for Boys & Girls,3.0,,NIRF MHRD Disclosures,2021,,,,,,,,,,,,,,,,https://www.nirfindia.org,True,High,False
NIRF-92,Indian Institute of Technology (Banaras Hindu University) Varanasi,Indian Institute of Technology (Banaras Hindu University) Varanasi,Central University,Government,National,Headquarters,Headquarters,"Indian Institute of Technology (Banaras Hindu University) Varanasi, Headquarters, National",,,,NIRF Disclosed / Ministry of Education,B.Tech; M.Tech; PhD,Computer Science; Mechanical; Civil; Electrical; Electronics,815,343.0,5546.0,16.2,89.1,13.48,,,669.0,751.0,3.3,,,,Available for Boys & Girls,3.0,,NIRF MHRD Disclosures,2021,,,,,,,,,,,,,,,,https://www.nirfindia.org,True,High,False
NIRF-93,Indian Institute of Technology Kharagpur,Indian Institute of Technology Kharagpur,Central University,Government,National,Headquarters,Headquarters,"Indian Institute of Technology Kharagpur, Headquarters, National",,,,NIRF Disclosed / Ministry of Education,B.Tech; M.Tech; PhD,Computer Science; Mechanical; Civil; Electrical; Electronics,46,809.0,9351.0,11.6,93.9,8.5,,,31.0,33.0,6.1,,,,Available for Boys & Girls,3.0,,NIRF MHRD Disclosures,2021,,,,,,,,,,,,,,,,https://www.nirfindia.org,True,High,False
NIRF-KINGGEORGESMEDICALUNIVER,King George`s Medical University,King George`s Medical University,Central University,Government,National,Headquarters,Headquarters,"King George`s Medical University, Headquarters, National",,,,NIRF Disclosed / Ministry of Education,B.Tech; M.Tech; PhD,Computer Science; Mechanical; Civil; Electrical; Electronics,320,434.0,2487.0,5.7,44.7,9.0,,,130.0,291.0,37.5,,,,Available for Boys & Girls,3.0,,NIRF MHRD Disclosures,2021,,,,,,,,,,,,,,,,https://www.nirfindia.org,True,High,False
NIRF-95,National Institute of Technology Rourkela,National Institute of Technology Rourkela,Central University,Government,National,Headquarters,Headquarters,"National Institute of Technology Rourkela, Headquarters, National",,,,NIRF Disclosed / Ministry of Education,B.Tech; M.Tech; PhD,Computer Science; Mechanical; Civil; Electrical; Electronics,610,388.0,5463.0,14.1,79.0,7.11,,,430.0,544.0,14.7,,,,Available for Boys & Girls,3.0,,NIRF MHRD Disclosures,2021,,,,,,,,,,,,,,,,https://www.nirfindia.org,True,High,False
NIRF-OSMANIAUNIVERSITY,Osmania University,Osmania University,Central University,Government,National,Headquarters,Headquarters,"Osmania University, Headquarters, National",,,,NIRF Disclosed / Ministry of Education,B.Tech; M.Tech; PhD,Computer Science; Mechanical; Civil; Electrical; Electronics,60,428.0,7475.0,17.5,45.5,3.25,,,25.0,55.0,40.0,,,,Available for Boys & Girls,3.0,,NIRF MHRD Disclosures,2021,,,,,,,,,,,,,,,,https://www.nirfindia.org,True,High,False
NIRF-97,Indian Institute of Technology Kanpur,Indian Institute of Technology Kanpur,Central University,Government,National,Headquarters,Headquarters,"Indian Institute of Technology Kanpur, Headquarters, National",,,,NIRF Disclosed / Ministry of Education,B.Tech; M.Tech; PhD,Computer Science; Mechanical; Civil; Electrical; Electronics,827,499.0,5414.0,10.8,58.7,17.0,,,463.0,789.0,41.2,,,,Available for Boys & Girls,3.0,,NIRF MHRD Disclosures,2021,,,,,,,,,,,,,,,,https://www.nirfindia.org,True,High,False
NIRF-KALINGAINSTITUTEOFINDUST,Kalinga Institute of Industrial Technology,Kalinga Institute of Industrial Technology,Central University,Government,National,Headquarters,Headquarters,"Kalinga Institute of Industrial Technology, Headquarters, National",,,,NIRF Disclosed / Ministry of Education,B.Tech; M.Tech; PhD,Computer Science; Mechanical; Civil; Electrical; Electronics,1260,1895.0,24710.0,13.0,89.3,6.0,,,1005.0,1126.0,10.7,,,,Available for Boys & Girls,3.0,,NIRF MHRD Disclosures,2021,,,,,,,,,,,,,,,,https://www.nirfindia.org,True,High,False
NIRF-AMITYUNIVERSITY,Amity University,Amity University,Private University,Private,Uttar Pradesh,Noida,Noida,"Amity University, Noida, Uttar Pradesh",,,,NIRF Disclosed / Ministry of Education,B.Tech; M.Tech; PhD,Computer Science; Mechanical; Civil; Electrical; Electronics,4680,2068.0,36920.0,17.9,6.6,3.0,,,286.0,4323.0,66.5,,,,Available for Boys & Girls,3.0,,NIRF MHRD Disclosures,2021,,,,,,,,,,,,,,,,https://www.nirfindia.org,True,High,False
NIRF-BIRLAINSTITUTEOFTECHNOLO,Birla Institute of Technology & Science -Pilani,Birla Institute of Technology & Science -Pilani,Central University,Government,National,Headquarters,Headquarters,"Birla Institute of Technology & Science -Pilani, Headquarters, National",,,,NIRF Disclosed / Ministry of Education,B.Tech; M.Tech; PhD,Computer Science; Mechanical; Civil; Electrical; Electronics,2196,785.0,13171.0,16.8,87.6,14.0,,,1869.0,2134.0,7.3,,,,Available for Boys & Girls,3.0,,NIRF MHRD Disclosures,2021,,,,,,,,,,,,,,,,https://www.nirfindia.org,True,High,False
NIRF-BANARASHINDUUNIVERSITY,Banaras Hindu University,Banaras Hindu University,Central University,Government,Uttar Pradesh,Varanasi,Varanasi,"Banaras Hindu University, Varanasi, Uttar Pradesh",,,,NIRF Disclosed / Ministry of Education,B.Tech; M.Tech; PhD,Computer Science; Mechanical; Civil; Electrical; Electronics,3713,1535.0,25585.0,16.7,11.0,6.5,,,387.0,3514.0,88.2,,,,Available for Boys & Girls,3.0,,NIRF MHRD Disclosures,2021,,,,,,,,,,,,,,,,https://www.nirfindia.org,True,High,False
NIRF-102,Indian Institute of Science,Indian Institute of Science,Central University,Government,National,Headquarters,Headquarters,"Indian Institute of Science, Headquarters, National",,,,NIRF Disclosed / Ministry of Education,B.Tech; M.Tech; PhD,Computer Science; Mechanical; Civil; Electrical; Electronics,120,464.0,1438.0,3.1,14.5,10.0,,,12.0,83.0,85.5,,,,Available for Boys & Girls,3.0,,NIRF MHRD Disclosures,2021,,,,,,,,,,,,,,,,https://www.nirfindia.org,True,High,False
NIRF-SRIVENKATESWARAUNIVERSIT,Sri Venkateswara University,Sri Venkateswara University,Central University,Government,National,Headquarters,Headquarters,"Sri Venkateswara University, Headquarters, National",,,,NIRF Disclosed / Ministry of Education,B.Tech; M.Tech; PhD,Computer Science; Mechanical; Civil; Electrical; Electronics,180,510.0,6967.0,13.7,19.2,3.0,,,25.0,130.0,11.5,,,,Available for Boys & Girls,3.0,,NIRF MHRD Disclosures,2021,,,,,,,,,,,,,,,,https://www.nirfindia.org,True,High,False
NIRF-104,Indian Institute of Science Education & Research Bhopal,Indian Institute of Science Education & Research Bhopal,Central University,Government,National,Headquarters,Headquarters,"Indian Institute of Science Education & Research Bhopal, Headquarters, National",,,,NIRF Disclosed / Ministry of Education,B.Tech; M.Tech; PhD,Computer Science; Mechanical; Civil; Electrical; Electronics,0,135.0,1194.0,8.8,17.3,8.0,,,0.0,0.0,,,,,Available for Boys & Girls,3.0,,NIRF MHRD Disclosures,2021,,,,,,,,,,,,,,,,https://www.nirfindia.org,True,High,False
NIRF-SRIRAMACHANDRAINSTITUTEO,Sri Ramachandra Institute of Higher Education and Research,Sri Ramachandra Institute of Higher Education and Research,Central University,Government,National,Headquarters,Headquarters,"Sri Ramachandra Institute of Higher Education and Research, Headquarters, National",,,,NIRF Disclosed / Ministry of Education,B.Tech; M.Tech; PhD,Computer Science; Mechanical; Civil; Electrical; Electronics,90,747.0,6744.0,9.0,35.3,2.7,,,30.0,85.0,58.8,,,,Available for Boys & Girls,3.0,,NIRF MHRD Disclosures,2021,,,,,,,,,,,,,,,,https://www.nirfindia.org,True,High,False
NIRF-BHARATHIARUNIVERSITY,Bharathiar University,Bharathiar University,State Government University,Government,Tamil Nadu,Coimbatore,Coimbatore,"Bharathiar University, Coimbatore, Tamil Nadu",,,,NIRF Disclosed / Ministry of Education,B.Tech; M.Tech; PhD,Computer Science; Mechanical; Civil; Electrical; Electronics,160,283.0,2956.0,10.4,48.1,1.8,,,62.0,129.0,43.4,,,,Available for Boys & Girls,3.0,,NIRF MHRD Disclosures,2021,,,,,,,,,,,,,,,,https://www.nirfindia.org,True,High,False
NIRF-CALCUTTAUNIVERSITY,Calcutta University,Calcutta University,State Government University,Government,West Bengal,Kolkata,Kolkata,"Calcutta University, Kolkata, West Bengal",,,,NIRF Disclosed / Ministry of Education,B.Tech; M.Tech; PhD,Computer Science; Mechanical; Civil; Electrical; Electronics,750,1275.0,15224.0,11.9,61.2,8.63,,,438.0,716.0,38.8,,,,Available for Boys & Girls,3.0,,NIRF MHRD Disclosures,2021,,,,,,,,,,,,,,,,https://www.nirfindia.org,True,High,False
NIRF-DATTAMEGHEINSTITUTEOFMED,Datta Meghe Institute of Medical Sciences,Datta Meghe Institute of Medical Sciences,Central University,Government,National,Headquarters,Headquarters,"Datta Meghe Institute of Medical Sciences, Headquarters, National",,,,NIRF Disclosed / Ministry of Education,B.Tech; M.Tech; PhD,Computer Science; Mechanical; Civil; Electrical; Electronics,100,537.0,3887.0,7.2,94.2,3.78,,,81.0,86.0,5.8,,,,Available for Boys & Girls,3.0,,NIRF MHRD Disclosures,2021,,,,,,,,,,,,,,,,https://www.nirfindia.org,True,High,False
NIRF-ALIGARHMUSLIMUNIVERSITY,Aligarh Muslim University,Aligarh Muslim University,Central University,Government,Uttar Pradesh,Aligarh,Aligarh,"Aligarh Muslim University, Aligarh, Uttar Pradesh",,,,NIRF Disclosed / Ministry of Education,B.Tech; M.Tech; PhD,Computer Science; Mechanical; Civil; Electrical; Electronics,2926,1674.0,20198.0,12.1,8.1,5.0,,,174.0,2142.0,86.0,,,,Available for Boys & Girls,3.0,,NIRF MHRD Disclosures,2021,,,,,,,,,,,,,,,,https://www.nirfindia.org,True,High,False
NIRF-110,Indian Institute of Technology Patna,Indian Institute of Technology Patna,Central University,Government,National,Headquarters,Headquarters,"Indian Institute of Technology Patna, Headquarters, National",,,,NIRF Disclosed / Ministry of Education,B.Tech; M.Tech; PhD,Computer Science; Mechanical; Civil; Electrical; Electronics,200,127.0,1276.0,10.0,61.8,14.0,,,118.0,191.0,4.2,,,,Available for Boys & Girls,3.0,,NIRF MHRD Disclosures,2021,,,,,,,,,,,,,,,,https://www.nirfindia.org,True,High,False
NIRF-GAUHATIUNIVERSITY,Gauhati University,Gauhati University,State Government University,Government,Assam,Guwahati,Guwahati,"Gauhati University, Guwahati, Assam",,,,NIRF Disclosed / Ministry of Education,B.Tech; M.Tech; PhD,Computer Science; Mechanical; Civil; Electrical; Electronics,120,380.0,5740.0,15.1,43.2,3.15,,,48.0,111.0,46.8,,,,Available for Boys & Girls,3.0,,NIRF MHRD Disclosures,2021,,,,,,,,,,,,,,,,https://www.nirfindia.org,True,High,False
NIRF-VISVABHARATI,Visva Bharati,Visva Bharati,Central University,Government,National,Headquarters,Headquarters,"Visva Bharati, Headquarters, National",,,,NIRF Disclosed / Ministry of Education,B.Tech; M.Tech; PhD,Computer Science; Mechanical; Civil; Electrical; Electronics,1416,450.0,7298.0,16.2,19.3,6.5,,,245.0,1270.0,78.3,,,,Available for Boys & Girls,2.0,,NIRF MHRD Disclosures,2021,,,,,,,,,,,,,,,,https://www.nirfindia.org,True,High,False
1-44641284001,DR. B.R. AMBEDKAR INSTITUTE OF TECHNOLOGY,"Netaji Subhash Chandra Bose Institute of Higher Learning (NSCBIHL-Deemed University), Port Blair",Government,Government,Andaman and Nicobar Islands,Port Blair,PORT BLAIR,POLYTECHNIC ROAD PAHAR GAON PO JUNGLIGHAT,,,,AICTE Approved,Diploma; Under Graduate,Civil Engineering; Computer Engineering; Computer Science & Engineering; Electrical Engineering; Electronics & Communication Engg; Electronics And Communications Engineering; Hotel Management  &  Catering Technology; Information Technology; Mechanical Engineering,510,,,,,,,,,,,,,,Contact College,,,AICTE Official Institutional Disclosures,2021,,,,,,,,,,,,,,,,https://www.aicte-india.org,False,Medium,False
1-44644880222,ANDAMAN NICOBAR COLLGE ANCOL,"Pondicherry University, Pondicherry",Government,Government,Andaman and Nicobar Islands,Port Blair,PORT BLAIR,CHAKKARGAON,,,,AICTE Approved,Under Graduate,Bba,50,,,,,,,,,,,,,,Contact College,,,AICTE Official Institutional Disclosures,2021,,,,,,,,,,,,,,,,https://www.aicte-india.org,False,Medium,False
1-44644667441,JAWAHARLAL NEHRU RAJKEEYA MAHAVIDYALAYA,"Pondicherry University, Pondicherry",Government,Government,Andaman and Nicobar Islands,Port Blair,PORT BLAIR,"SOUTH POINT, ABERDEEN POST",,,,AICTE Approved,Under Graduate,Bba; Bca,90,,,,,,,,,,,,,,Contact College,,,AICTE Official Institutional Disclosures,2021,,,,,,,,,,,,,,,,https://www.aicte-india.org,False,Medium,False
1-44642974684,JAGAN'S INSTITUTE OF MANAGEMENT AND COMPUTER STUDIES,"Vikram Simhapuri University, Nellore",Private-Self Financing,Private,Andhra Pradesh,Nellore,NELLORE,"S.CHAAVAN INSTITUTE OF COMPUTER APPLICATIONS JANGALAKANDRIGA(VI),  MUTHUKUR(MD) SPSR NELLORE (DT) ANDHRA PRADESH PIN: 524346",,,,AICTE Approved,Post Graduate,Masters In Computer Applications; Mba; Mba (Health Care And Hospital Management),480,,,,,,,,,,,,,,Contact College,,,AICTE Official Institutional Disclosures,2021,,,,,,,,,,,,,,,,https://www.aicte-india.org,False,Medium,False
1-44643289477,PRAGATI ENGINEERING COLLEGE,"Jawaharlal Nehru Technological University, Kakinada",Private-Self Financing,Private,Andhra Pradesh,East Godavari,EAST GODAVARI,"1-378, ADB ROAD, SURAMPALEM,NEAR PEDDAPURAM,E.G.DIST,A.P.",,,,AICTE Approved,Post Graduate; Under Graduate,"""Computer Science And Engineering (Artificial Intelligence )""; Cad/Cam; Civil Engineering; Computer Science & Engineering; Computer Science And Engineering; Computer Science And Engineering (Cyber Security); Computer Science And Engineering (Data Science); Computer Science And Engineering(Artificial Intelligence And Machine Learning); Electrical And Electronics Engineering; Electronics & Communication Engg",1503,,,,,,,,,,,,,,Contact College,,,AICTE Official Institutional Disclosures,2021,,,,,,,,,,,,,,,,https://www.aicte-india.org,False,Medium,False
1-44753649409,SRI HARSHINI COLLEGE OF ENGINEERING AND TECHNOLOGY FOR WOMEN,"Jawaharlal Nehru Technological University, Kakinada",Private-Self Financing,Private,Andhra Pradesh,Prakasam,PRAKASAM,"NH-16, EDUGUNDLAPADU, MADDIPADU MANDAL",,,,AICTE Approved,Post Graduate; Under Graduate,Computer Science And Engineering; Computer Science And Engineering (Artificial Intelligence And Data Science); Computer Science And Engineering (Artificial Intelligence And Machine Learning); Computer Science And Engineering (Artificial Intelligence); Electronics And Communication Engineering; Information Technology; Mba; Mca,540,,,,,,,,,,,,,,Contact College,,,AICTE Official Institutional Disclosures,2021,,,,,,,,,,,,,,,,https://www.aicte-india.org,False,Medium,False
1-44642149075,GITAMS BUSINESS AND IT SCHOOL,"Jawaharlal Nehru Technological University, Anantapur",Private-Self Financing,Private,Andhra Pradesh,Ysr District,YSR DISTRICT,"PRAKRUTHI NAGAR, CHEMMUMIYAPET, RAYACHOTI ROAD, KADAPA",,,,AICTE Approved,Post Graduate,Masters In Computer Applications; Mba,240,,,,,,,,,,,,,,Contact College,,,AICTE Official Institutional Disclosures,2021,,,,,,,,,,,,,,,,https://www.aicte-india.org,False,Medium,False
1-44642757460,SRI ANNAMACHARYA INSTITUTE OF TECHNOLOGY AND SCIENCE,"Jawaharlal Nehru Technological University, Anantapur",Private-Self Financing,Private,Andhra Pradesh,Ysr District,YSR DISTRICT,"NEW BOYANAPALLI, RAJAMPET,",,,,AICTE Approved,Diploma; Post Graduate; Under Graduate,Computer Science & Engineering; Computer Science And Engineering; Computer Science And Engineering (Artificial Intelligence And Machine Learning); Computer Science And Engineering (Data Science); Electrical And Electronics Engineering; Electrical Power Systems; Electronics And Communication Engineering; Electronics And Communications Engineering; Embedded Systems; Mba,579,,,,,,,,,,,,,,Contact College,,,AICTE Official Institutional Disclosures,2021,,,,,,,,,,,,,,,,https://www.aicte-india.org,False,Medium,False
1-44645093493,SRI GAYATRI VIDYA PARISHD DGEREE COLLEGE,"Acharya Nagarjuna University, Guntur",Private-Self Financing,Private,Andhra Pradesh,Prakasam,PRAKASAM,O.V ROAD MAHADEVAPURAM KANDUKUR,,,,AICTE Approved,Post Graduate; Under Graduate,Bca; Mba; Mca,540,,,,,,,,,,,,,,Contact College,,,AICTE Official Institutional Disclosures,2021,,,,,,,,,,,,,,,,https://www.aicte-india.org,False,Medium,False
1-44784507585,SARASWATI DEGREE COLLEGE,"Acharya Nagarjuna University, Guntur",Private-Self Financing,Private,Andhra Pradesh,Prakasam,PRAKASAM,WARD NO 8 HIGHWAY ROAD GIDDALUR VILLAGE,,,,AICTE Approved,Under Graduate,Bba; Bca,120,,,,,,,,,,,,,,Contact College,,,AICTE Official Institutional Disclosures,2021,,,,,,,,,,,,,,,,https://www.aicte-india.org,False,Medium,False
1-44642363097,A1 GLOBAL INSTITUTE OF ENGINEERING & TECHNOLOGY,"Jawaharlal Nehru Technological University, Kakinada",Private-Self Financing,Private,Andhra Pradesh,Prakasam,PRAKASAM,"MARKAPUR, PRAKASAM DISTRICT, ANDHRA PRADESH.",,,,AICTE Approved,Diploma; Post Graduate; Under Graduate,Artificial Intelligence (Ai) And Data Science; Artificial Intelligence (Ai) And Machine Learning; Artificial Intelligence And Machine Learning; Cad/Cam; Civil Engineering; Computer Aided Structural Analysis And Design; Computer Engineering; Computer Science & Engineering; Computer Science And Business Systems; Computer Science And Engineering (Artificial Intelligence And Machine Learning),774,,,,,,,,,,,,,,Contact College,,,AICTE Official Institutional Disclosures,2021,,,,,,,,,,,,,,,,https://www.aicte-india.org,False,Medium,False
1-44639824186,"JNTU-GV COLLEGE OF ENGINEERING, VIZIANAGARAM","JawaharlalÂ Â Nehru Technological University - Gurajada, Vizianagaram (JNTUGV)",Government,Government,Andhra Pradesh,Vizianagaram,VIZIANAGARAM,"JNTUK UNIVERSITY COLLEGE OF ENGINEERING,VIZIANAGARM, DWARAPUDI (POST) GOTLAM(VILLAGE) VIZIANAGARAM-535003",,,,AICTE Approved,Post Graduate; Under Graduate,Civil Engineering; Computer Science & Engineering; Computer Science And Engineering; Electrical And Electronics Engineering; Electronics & Communication Engg; Information Technology; Mechanical Engineering; Metallurgical Engineering,378,,,,,,,,,,,,,,Contact College,,,AICTE Official Institutional Disclosures,2021,,,,,,,,,,,,,,,,https://www.aicte-india.org,False,Medium,False
1-44643715006,KAKINADA INSTITUTE OF ENGINEERING & TECHNOLOGY,"Jawaharlal Nehru Technological University, Kakinada",Private-Self Financing,Private,Andhra Pradesh,East Godavari,EAST GODAVARI,"YANAM ROAD,KORANGI VILLAGE, TALLAREVU MANDAL, E.G.DT ,AP",,,,AICTE Approved,Diploma; Integrated; Post Graduate; Under Graduate,Artificial Intelligence And Data Science; Computer Science And Engineering; Computer Science And Engineering (Artificial Intelligence ); Computer Science And Engineering (Cyber Security); Computer Science And Engineering (Data Science); Computer Science And Engineering(Artificial Intelligence And Machine Learning); Master Of Business Administration (Integrated); Master Of Computer Applications; Mba; Mechanical Engineering,1950,,,,,,,,,,,,,,Contact College,,,AICTE Official Institutional Disclosures,2021,,,,,,,,,,,,,,,,https://www.aicte-india.org,False,Medium,False
1-44642252536,RISE KRISHNA SAI PRAKASAM GROUP OF INSTITUTIONS,"Jawaharlal Nehru Technological University, Kakinada",Private-Self Financing,Private,Andhra Pradesh,Prakasam,PRAKASAM,"NH - 5, VALLURU - ONGOLE PRAKASAM DT PIN - 523 272 ANDHRA PRADESH",,,,AICTE Approved,Post Graduate; Under Graduate,Civil Engineering; Computer Science And Engineering; Computer Science And Engineering (Data Science); Computer Science And Engineering(Artificial Intelligence And Machine Learning); Electrical And Electronics Engineering; Electronics & Communication Engg; Electronics And Communication Engineering (Vlsi And Embedded Systems); Masters In Computer Applications; Mba; Mechanical Engineering,1104,,,,,,,,,,,,,,Contact College,,,AICTE Official Institutional Disclosures,2021,,,,,,,,,,,,,,,,https://www.aicte-india.org,False,Medium,False
1-44642099738,RAMACHANDRA COLLEGE OF ENGINEERING,"Jawaharlal Nehru Technological University, Kakinada",Private-Self Financing,Private,Andhra Pradesh,West Godavari,WEST GODAVARI,"NH-5 BYPASS ROAD,VATLURU (V), ELURU-534007,WEST GODAVARI DT.,ANDHRA PRADESH.",,,,AICTE Approved,Post Graduate; Under Graduate,Artificial Intelligence And Data Science; Bba; Civil Engineering; Computer Science And Engineering; Computer Science And Engineering (Artificial Intelligence And Machine Learning); Computer Science And Engineering (Cyber Security); Computer Science And Engineering (Iot); Electrical And Electronics Engineering; Electronics And Communications Engineering; Machine Design,1134,,,,,,,,,,,,,,Contact College,,,AICTE Official Institutional Disclosures,2021,,,,,,,,,,,,,,,,https://www.aicte-india.org,False,Medium,False
1-44644504412,SANJEEVANI DEGREE COLLEGE,"Vikram Simhapuri University, Nellore",Private-Self Financing,Private,Andhra Pradesh,Nellore,NELLORE,"207/1,CHEMUDUGUNTA(PO),VENKATACHALAM(M),SPSR NELLORE (DT),AP.",,,,AICTE Approved,Under Graduate,Bba; Bca,350,,,,,,,,,,,,,,Contact College,,,AICTE Official Institutional Disclosures,2021,,,,,,,,,,,,,,,,https://www.aicte-india.org,False,Medium,False
1-44643719922,SWARNANDHRA COLLEGE OF ENGINEERING & TECHNOLOGY,"Jawaharlal Nehru Technological University, Kakinada",Private-Self Financing,Private,Andhra Pradesh,West Godavari,WEST GODAVARI,SEETHARAMPURAM,,,,AICTE Approved,Diploma; Post Graduate; Under Graduate,Artificial Intelligence (Ai)  And Data Science; Artificial Intelligence (Ai) And Machine Learning; Artificial Intelligence And Machine Learning; Bba; Bca; Bms; Civil Engineering; Computer Aided Design And Computer Adided Manufacture; Computer Science & Engineering; Computer Science And Engineering (Artificial Intelligence And Machine Learning),3054,,,,,,,,,,,,,,Contact College,,,AICTE Official Institutional Disclosures,2021,,,,,,,,,,,,,,,,https://www.aicte-india.org,False,Medium,False
1-44642391948,DHANEKULA INSTITUTE OF ENGINEERING & TECHNOLOGY,"Jawaharlal Nehru Technological University, Kakinada",Private-Self Financing,Private,Andhra Pradesh,Krishna,KRISHNA,DHANEKULA INSTITUTE OF ENGINEERING & TECHNOLOGY GANGURU PENAMALURU MANDALAM VIJAYAWADA ANDHRA PRADESH - 521 139 INDIA,,,,AICTE Approved,Diploma; Post Graduate; Under Graduate,Civil Engineering; Computer Engineering; Computer Science & Engineering; Computer Science & Engineering (Artificial Intelligence And Machine Learning ); Computer Science And Engineering (Data Science); Electrical And Electronics Engineering; Electronics & Communication Engg; Electronics And Communication Engineering (Industry Integrated); Environmental Engineering; Mechanical Engineering,1224,,,,,,,,,,,,,,Contact College,,,AICTE Official Institutional Disclosures,2021,,,,,,,,,,,,,,,,https://www.aicte-india.org,False,Medium,False
1-44639823727,ROYAL SCHOOL OF INFORMATION & MANAGEMENT SCIENCES,"Sri Venkateswara University, Tirupati",Private-Self Financing,Private,Andhra Pradesh,Chittoor,CHITTOOR,"AGARALA,OPP.CHANDRAGIRI FORT,TIRUPATI-CHITTOOR HIGHWAY,CHANDRAGIRI(M)",,,,AICTE Approved,Post Graduate; Under Graduate,Bba; Bca; Mba; Mca,280,,,,,,,,,,,,,,Contact College,,,AICTE Official Institutional Disclosures,2021,,,,,,,,,,,,,,,,https://www.aicte-india.org,False,Medium,False
1-44642451105,CHAITANYA BHARATHI INSTITUTE OF TECHNOLOGY,"Jawaharlal Nehru Technological University, Anantapur",Private-Self Financing,Private,Andhra Pradesh,Ysr District,YSR DISTRICT,"VIDYANAGAR, PALLAVOLU VILLAGE, PRODDATUR, CHAPADU MANDAL, Y S R DISTRICT DISTRICT",,,,AICTE Approved,Diploma; Post Graduate; Under Graduate,Civil Engineering; Computer Science And Engineering; Computer Science And Engineering (Artificial Intelligence And Machine Learning); Computer Science And Engineering (Artificial Intelligence); Electrical And Electronics Engineering; Electronics And Communications Engineering; Mba; Mechanical Engineering,1320,,,,,,,,,,,,,,Contact College,,,AICTE Official Institutional Disclosures,2021,,,,,,,,,,,,,,,,https://www.aicte-india.org,False,Medium,False
1-44645073941,VIGNAN DEGREE COLLEGE,RAYALASEEMA UNIVERSITY,Private-Self Financing,Private,Andhra Pradesh,Kurnool,KURNOOL,VIGNAN DEGREEE COLLEGE   SANJEEVA NAGAR GATE NANDYAL ANDHRA PRADESH,,,,AICTE Approved,Under Graduate,Bca,50,,,,,,,,,,,,,,Contact College,,,AICTE Official Institutional Disclosures,2021,,,,,,,,,,,,,,,,https://www.aicte-india.org,False,Medium,False
1-44645061917,G.R.K DEGREE COLLEGE,"Acharya Nagarjuna University, Guntur",Private-Self Financing,Private,Andhra Pradesh,Prakasam,PRAKASAM,YEDUGUNDLAPADU,,,,AICTE Approved,Under Graduate,Bca,300,,,,,,,,,,,,,,Contact College,,,AICTE Official Institutional Disclosures,2021,,,,,,,,,,,,,,,,https://www.aicte-india.org,False,Medium,False
1-44645050565,SRI GOWTHAMI DEGREE COLLEGE,ANDHRA KESARI UNIVERSITY,Private-Self Financing,Private,Andhra Pradesh,Prakasam,PRAKASAM,"PLOT NO.821/3,  PODILI ROAD, DARSI, PRAKASAM DISTRICT, ANDHRA PRADESH -523247. 8333905095",,,,AICTE Approved,Under Graduate,Bca,60,,,,,,,,,,,,,,Contact College,,,AICTE Official Institutional Disclosures,2021,,,,,,,,,,,,,,,,https://www.aicte-india.org,False,Medium,False
1-44644570212,SRI BALAJI VIDYA PARISHAD DEGREE COLLEGE,"Andhra University, Visakhapatnam",Private-Self Financing,Private,Andhra Pradesh,Visakhapatnam,VISAKHAPATNAM,"65-6-403, OPP HANUMAN TEMPLE",,,,AICTE Approved,Under Graduate,Bba,60,,,,,,,,,,,,,,Contact College,,,AICTE Official Institutional Disclosures,2021,,,,,,,,,,,,,,,,https://www.aicte-india.org,False,Medium,False
1-44645036769,GOVERNMENT DEGREE COLLEGE AUTONOMOUS,"Sri Venkateswara University, Tirupati",Government,Government,Andhra Pradesh,Chittoor,CHITTOOR,"TIRUPATI-CHENNAI HIGHWAY, NAGARI",,,,AICTE Approved,Under Graduate,Bba,40,,,,,,,,,,,,,,Contact College,,,AICTE Official Institutional Disclosures,2021,,,,,,,,,,,,,,,,https://www.aicte-india.org,False,Medium,False
1-44644941332,SRI SAI BABA NATIONAL DEGREE COLLEGE,"Sri Krishnadevaraya University, Anantapur",Govt aided,Government,Andhra Pradesh,Anantapur,ANANTAPUR,"OPP.Z.P.OFFICE, GOVT.HOSPITAL ROAD, ANANTAPURAMU",,,,AICTE Approved,Under Graduate,Bba,120,,,,,,,,,,,,,,Contact College,,,AICTE Official Institutional Disclosures,2021,,,,,,,,,,,,,,,,https://www.aicte-india.org,False,Medium,False
1-44645055777,SRI VINAYAKA DEGREE COLLEGE,"Sri Venkateswara University, Tirupati",Private-Self Financing,Private,Andhra Pradesh,Chittoor,CHITTOOR,4-248 COLLEGE ROAD SODAM CHITTOOR DIST PIN 517123,,,,AICTE Approved,Under Graduate,Bca,50,,,,,,,,,,,,,,Contact College,,,AICTE Official Institutional Disclosures,2021,,,,,,,,,,,,,,,,https://www.aicte-india.org,False,Medium,False
1-44643806445,ADITYA DEGREE AND PG COLLEGE,"Adikavi Nannaya University, Rajahmundry",Private-Self Financing,Private,Andhra Pradesh,East Godavari,EAST GODAVARI,"ADITYA NAGAR, ADB ROAD, SURAMPALEM",,,,AICTE Approved,Under Graduate,Bba; Bca,360,,,,,,,,,,,,,,Contact College,,,AICTE Official Institutional Disclosures,2021,,,,,,,,,,,,,,,,https://www.aicte-india.org,False,Medium,False
1-44643581535,NARAYANADRI INSTITUTE OF SCIENCE AND TECHNOLOGY,"State Board of Technical Education and Training, Hyderabad",Private-Self Financing,Private,Andhra Pradesh,Ysr District,YSR DISTRICT,"VENKATAPALLI ROAD, NEAR GOVT DEGREE COLLEGE, RAJAMPET,KADAPA DIST, ANDHRA PRADESH  PIN-516115.",,,,AICTE Approved,Diploma; Under Graduate,Civil Engineering; Computer Science & Engineering; Computer Science And Engineering; Electrical And Electronics Engineering; Electronics & Communication Engg; Mechanical Engineering,600,,,,,,,,,,,,,,Contact College,,,AICTE Official Institutional Disclosures,2021,,,,,,,,,,,,,,,,https://www.aicte-india.org,False,Medium,False
1-44640583044,VRN COLLEGE OF COMPUTER SCIENCE AND MANAGEMENT,"Sri Venkateswara University, Tirupati",Private-Self Financing,Private,Andhra Pradesh,Chittoor,CHITTOOR,GO'S COLONY THADITOPU,,,,AICTE Approved,Post Graduate; Under Graduate,Bba; Bca; Computer Applications; Mba,420,,,,,,,,,,,,,,Contact College,,,AICTE Official Institutional Disclosures,2021,,,,,,,,,,,,,,,,https://www.aicte-india.org,False,Medium,False
1-44645050028,SRI SAI DEGREE COLLEGE,"Sri Krishnadevaraya University, Anantapur",Private-Self Financing,Private,Andhra Pradesh,Anantapur,ANANTAPUR,"DNO: 22/326, 334, 335, YADAVA STREET, RTC BUS STAND ROAD",,,,AICTE Approved,Under Graduate,Bba,60,,,,,,,,,,,,,,Contact College,,,AICTE Official Institutional Disclosures,2021,,,,,,,,,,,,,,,,https://www.aicte-india.org,False,Medium,False
1-44638918439,UNIVERSITY COLLEGE OF ENGINEERING NARASARAOPET,"Jawaharlal Nehru Technological University, Kakinada",Government,Government,Andhra Pradesh,Guntur,GUNTUR,"KAKANI VILLAGE, NARASARAOPET",,,,AICTE Approved,Post Graduate; Under Graduate,Civil Engineering; Computer Science And Engineering; Electrical And Electronics Engineering; Electronics And Communication Engineering; Mechanical Engineering; Power Electronics,336,,,,,,,,,,,,,,Contact College,,,AICTE Official Institutional Disclosures,2021,,,,,,,,,,,,,,,,https://www.aicte-india.org,False,Medium,False
1-44642644940,AVANTHI'S RESEARCH & TECHNOLOGICAL ACADEMY,"JawaharlalÂ Â Nehru Technological University - Gurajada, Vizianagaram (JNTUGV)",Private-Self Financing,Private,Andhra Pradesh,Vizianagaram,VIZIANAGARAM,"AVANTHI'S RESEARCH & TECHNOLOGICAL ACADEMY BASAVAPALEM VILLAGE, BHOGAPURAM MANDALAM, VIZIANAGARAM DISTRICT.",,,,AICTE Approved,Post Graduate; Under Graduate,Cad/Cam; Computer Science And Engineering; Computer Science And Engineering (Cyber Security); Computer Science And Engineering (Data Science); Computer Science And Engineering(Artificial Intelligence And Machine Learning); Electrical And Electronics Engineering; Electronics And Communications Engineering; Mba; Mechanical Engineering; Power Electronics,816,,,,,,,,,,,,,,Contact College,,,AICTE Official Institutional Disclosures,2021,,,,,,,,,,,,,,,,https://www.aicte-india.org,False,Medium,False
1-44642357901,SRINIVASA INSTITUTE OF ENGINEERING AND TECHNOLOGY,"Jawaharlal Nehru Technological University, Kakinada",Private-Self Financing,Private,Andhra Pradesh,East Godavari,EAST GODAVARI,"NH 214, KAKINADA-AMALAPURAM ROAD, CHEYYERU VILLAGE, KATRENIKONA MANDAL, AMALAPURAM-533222",,,,AICTE Approved,Diploma; Post Graduate; Under Graduate,Artificial Intelligence (Ai) And Machine Learning; Artificial Intelligence And Machine Learning; Civil Engineering; Computer Engineering; Computer Science And Engineering; Electrical And Electronics Engineering; Electronics And Communications Engineering; Machine Design; Mechanical Engineering; Structural Engineering,1272,,,,,,,,,,,,,,Contact College,,,AICTE Official Institutional Disclosures,2021,,,,,,,,,,,,,,,,https://www.aicte-india.org,False,Medium,False
1-44640800623,SREE VENKATESWARA COLLEGE OF ENGINEERING,"Jawaharlal Nehru Technological University, Anantapur",Private-Self Financing,Private,Andhra Pradesh,Nellore,NELLORE,"GOLDEN NAGAR, NH-5-NORTH RAJUPALEM BYPASS ROAD.",,,,AICTE Approved,Diploma; Post Graduate; Under Graduate,Artificial Intelligence (Ai); Artificial Intelligence (Ai) And Machine Learning; Artificial Intelligence And Data Science; Bba; Bca; Cad/Cam; Computer Science & Engineering; Computer Science And Engineering; Computer Science And Engineering (Artificial Intelligence And Machine Learning); Computer Science And Engineering (Artificial Intelligence),4920,,,,,,,,,,,,,,Contact College,,,AICTE Official Institutional Disclosures,2021,,,,,,,,,,,,,,,,https://www.aicte-india.org,False,Medium,False
1-44645045866,KRISHNA TEJA DEGREE AND PG COLLEGE,"Sri Venkateswara University, Tirupati",Private-Self Financing,Private,Andhra Pradesh,Chittoor,CHITTOOR,"CHADALAWADA NAGAR, RENIGUNTA ROAD",,,,AICTE Approved,Under Graduate,Bba; Bca,120,,,,,,,,,,,,,,Contact College,,,AICTE Official Institutional Disclosures,2021,,,,,,,,,,,,,,,,https://www.aicte-india.org,False,Medium,False
1-44644186028,ADITYA DEGREE COLLEGE RAJAHMUNDRY,"Adikavi Nannaya University, Rajahmundry",Private-Self Financing,Private,Andhra Pradesh,East Godavari,EAST GODAVARI,78-3-1/1 THADITHOTA NEAR RTC COMPLEX KESAVARAM ROAD RAJAHMUNDRY,,,,AICTE Approved,Under Graduate,Bba; Bca,480,,,,,,,,,,,,,,Contact College,,,AICTE Official Institutional Disclosures,2021,,,,,,,,,,,,,,,,https://www.aicte-india.org,False,Medium,False
1-45251584503,SRI KAMISETTY SUBBA RAO CHENNAMMA DEGREE COLLEGE,"Yogi Vemana University, Kadapa",Private-Self Financing,Private,Andhra Pradesh,Y.S.R. Kadapa,Y.S.R. KADAPA,"7/101, KORRAPADU ROAD",,,,AICTE Approved,Under Graduate,Bba,60,,,,,,,,,,,,,,Contact College,,,AICTE Official Institutional Disclosures,2021,,,,,,,,,,,,,,,,https://www.aicte-india.org,False,Medium,False
1-44645054090,S V ARTS AND SCIENCE DEGREE COLLEGE,"Sri Venkateswara University, Tirupati",Private-Self Financing,Private,Andhra Pradesh,Chittoor,CHITTOOR,2-290/1A POST OFFICE STREET KONGAREDDY PALLI,,,,AICTE Approved,Under Graduate,Bba; Bca,110,,,,,,,,,,,,,,Contact College,,,AICTE Official Institutional Disclosures,2021,,,,,,,,,,,,,,,,https://www.aicte-india.org,False,Medium,False
1-44645051280,SRI VANI DEGREE AND PG COLLEGE,"Sri Krishnadevaraya University, Anantapur",Private-Self Financing,Private,Andhra Pradesh,Anantapur,ANANTAPUR,"D/N 1-1276, KAKKALAPALLI CROSS, NEAR SAKSHI PRINTING PRESS,",,,,AICTE Approved,Under Graduate,Bba; Bca,120,,,,,,,,,,,,,,Contact College,,,AICTE Official Institutional Disclosures,2021,,,,,,,,,,,,,,,,https://www.aicte-india.org,False,Medium,False
1-44638610784,VIGNANS FOUNDATION FOR SCIENCE TECHNOLOGY AND RESEARCH,NOT APPLICABLE,Deemed to be University(Pvt),Private,Andhra Pradesh,Guntur,GUNTUR,VADLAMUDI  CHEBROLU MANDAL  GUNTUR DIST ANDHRA PRADESH 522213,,,,AICTE Approved,Diploma; Post Graduate; Under Graduate,Agriculture Engineering; Artificial Intelligence And Data Science; Bba; Bca; Bioinformatics; Biomedical Engineering; Biotechnology; Chemical Engineering; Civil Engineering; Computer Science & Engineering,15240,,,,,,,,,,,,,,Contact College,,,AICTE Official Institutional Disclosures,2021,,,,,,,,,,,,,,,,https://www.aicte-india.org,False,Medium,False
1-44638606006,SREE SAI MBA COLLEGE,RAYALASEEMA UNIVERSITY,Private-Self Financing,Private,Andhra Pradesh,Kurnool,KURNOOL,"D.NO.22-49-B-3,PAGIDYALA ROAD, NANDIKOTKUR",,,,AICTE Approved,Integrated; Post Graduate,Master Of Business Administration (Integrated); Mba,300,,,,,,,,,,,,,,Contact College,,,AICTE Official Institutional Disclosures,2021,,,,,,,,,,,,,,,,https://www.aicte-india.org,False,Medium,False
1-44645072381,SRI NAGARJUNA DEGREE COLLEGE,"Acharya Nagarjuna University, Guntur",Private-Self Financing,Private,Andhra Pradesh,Prakasam,PRAKASAM,"NEAR BYPASS JUNCTION, MANGAMUR ROAD, ONGOLE.",,,,AICTE Approved,Under Graduate,Bca,120,,,,,,,,,,,,,,Contact College,,,AICTE Official Institutional Disclosures,2021,,,,,,,,,,,,,,,,https://www.aicte-india.org,False,Medium,False
1-44644965599,SAMHITHA DEGREE COLLEGE,"Adikavi Nannaya University, Rajahmundry",Private-Self Financing,Private,Andhra Pradesh,East Godavari,EAST GODAVARI,TADITHOTA JUNCTION,,,,AICTE Approved,Under Graduate,Bba; Bca,180,,,,,,,,,,,,,,Contact College,,,AICTE Official Institutional Disclosures,2021,,,,,,,,,,,,,,,,https://www.aicte-india.org,False,Medium,False
1-44644324520,ADITYA DEGREE COLLEGE,"Adikavi Nannaya University, Rajahmundry",Private-Self Financing,Private,Andhra Pradesh,East Godavari,EAST GODAVARI,"DO.NO.14-281, PIDIMGOYYA PANCHAYAT. OPP.R T C COMPLEX RAJAHMUNDRY. RAJAHMUNDRY(RURAL), EAST GODAVARI,533104",,,,AICTE Approved,Under Graduate,Bca,60,,,,,,,,,,,,,,Contact College,,,AICTE Official Institutional Disclosures,2021,,,,,,,,,,,,,,,,https://www.aicte-india.org,False,Medium,False
1-44642343958,V.S.M. COLLEGE,"Adikavi Nannaya University, Rajahmundry",Private-Self Financing,Private,Andhra Pradesh,East Godavari,EAST GODAVARI,V.S.M. COLLEGE RAMACHANDRAPURAM EAST GODAVARI DISTRICT ANDHRA PRADESH PIN: 533 255,,,,AICTE Approved,Post Graduate,Mba; Mca,480,,,,,,,,,,,,,,Contact College,,,AICTE Official Institutional Disclosures,2021,,,,,,,,,,,,,,,,https://www.aicte-india.org,False,Medium,False
1-44645053206,SRI VASISTA DEGREE COLLEGE,"Yogi Vemana University, Kadapa",Private-Self Financing,Private,Andhra Pradesh,Ysr District,YSR DISTRICT,"10/256-1, MG ROAD, KODURU",,,,AICTE Approved,Under Graduate,Bba; Bca,120,,,,,,,,,,,,,,Contact College,,,AICTE Official Institutional Disclosures,2021,,,,,,,,,,,,,,,,https://www.aicte-india.org,False,Medium,False
1-44645043851,SRI BALAJI DEGREE COLLEGE,"Andhra University, Visakhapatnam",Private-Self Financing,Private,Andhra Pradesh,Vishakhapatnam,VISHAKHAPATNAM,"LIC COLONY, PENDURTHY, VISAKHAPATNAM",,,,AICTE Approved,Under Graduate,Bba; Bca,110,,,,,,,,,,,,,,Contact College,,,AICTE Official Institutional Disclosures,2021,,,,,,,,,,,,,,,,https://www.aicte-india.org,False,Medium,False
1-44643688243,KAKINADA INSTITUTE OF ENGINEERING & TECHNOLOGY-II,"State Board of Technical Education and Training, Andhra Pradesh",Private-Self Financing,Private,Andhra Pradesh,East Godavari,EAST GODAVARI,"YANAM ROAD ,KORANGI VILLAGE , TALLAREVU MANDAL , E.G DIST,AP",,,,AICTE Approved,Diploma; Post Graduate; Under Graduate,Artificial Intelligence And Data Science; Computer Science And Engineering; Computer Science And Engineering (Artificial Intelligence ); Computer Science And Engineering (Cyber Security); Computer Science And Engineering (Data Science); Computer Science And Engineering(Artificial Intelligence And Machine Learning); Mechanical Engineering,1230,,,,,,,,,,,,,,Contact College,,,AICTE Official Institutional Disclosures,2021,,,,,,,,,,,,,,,,https://www.aicte-india.org,False,Medium,False
1-44645031674,SDGS DEGREE COLLEGE,"Sri Krishnadevaraya University, Anantapur",Private-Self Financing,Private,Andhra Pradesh,Anantapur,ANANTAPUR,D.NO : 4-2-37 NANEPPA NAGAR HINDUPUR,,,,AICTE Approved,Under Graduate,Bba; Bca,180,,,,,,,,,,,,,,Contact College,,,AICTE Official Institutional Disclosures,2021,,,,,,,,,,,,,,,,https://www.aicte-india.org,False,Medium,False
1-44642122120,B.V. RAJU COLLEGE,"Adikavi Nannaya University, Rajahmundry",Private-Self Financing,Private,Andhra Pradesh,West Godavari,WEST GODAVARI,VISHNUPUR KOVVADA VILLAGE BHIMAVARAM - 534 202 WEST GODAVARI DIST. AP,,,,AICTE Approved,Post Graduate; Under Graduate,Bca; Masters In Computer Applications,180,,,,,,,,,,,,,,Contact College,,,AICTE Official Institutional Disclosures,2021,,,,,,,,,,,,,,,,https://www.aicte-india.org,False,Medium,False
1-44644355409,NATIONAL DEGREE COLLEGE,RAYALASEEMA UNIVERSITY,Private-Self Financing,Private,Andhra Pradesh,Kurnool,KURNOOL,28/852-E2/2 25/773 NANDYAL,,,,AICTE Approved,Under Graduate,Bba; Bca,330,,,,,,,,,,,,,,Contact College,,,AICTE Official Institutional Disclosures,2021,,,,,,,,,,,,,,,,https://www.aicte-india.org,False,Medium,False
1-44645062355,SRI SRINIVASA DEGREE COLLEGE,"Sri Venkateswara University, Tirupati",Private-Self Financing,Private,Andhra Pradesh,Chittoor,CHITTOOR,11-49/1 JUBLI HILLS KOTHAPETA,,,,AICTE Approved,Under Graduate,Bba; Bca,75,,,,,,,,,,,,,,Contact College,,,AICTE Official Institutional Disclosures,2021,,,,,,,,,,,,,,,,https://www.aicte-india.org,False,Medium,False
1-44645079931,GNANA SARASWATHI DEGREE COLLEGE,RAYALASEEMA UNIVERSITY,State Private University,Private,Andhra Pradesh,Kurnool,KURNOOL,2-243/14,,,,AICTE Approved,Under Graduate,Bba; Bca,120,,,,,,,,,,,,,,Contact College,,,AICTE Official Institutional Disclosures,2021,,,,,,,,,,,,,,,,https://www.aicte-india.org,False,Medium,False
1-44643456402,RAMIREDDY SUBBARAMI REDDY ENGINEERING COLLEGE,"Jawaharlal Nehru Technological University, Anantapur",Private-Self Financing,Private,Andhra Pradesh,Nellore,NELLORE,"N.H.5, KADANUTHALA (VILLAGE), BOGOLE (MANDAL), SPS NELLORE (DISTRICT), PIN - 524 142",,,,AICTE Approved,Post Graduate; Under Graduate,Artificial Intelligence And Data Science; Civil Engineering; Computer Science And Engineering; Electrical And Electronics Engineering; Electronics & Communication Engg; Mba,840,,,,,,,,,,,,,,Contact College,,,AICTE Official Institutional Disclosures,2021,,,,,,,,,,,,,,,,https://www.aicte-india.org,False,Medium,False
1-44645094928,SRI SAI CHAITANYA DEGREE COLLEGE,"Acharya Nagarjuna University, Guntur",Private-Self Financing,Private,Andhra Pradesh,Prakasam,PRAKASAM,"8TH WARD,NEAR HEAD POST OFFICE",,,,AICTE Approved,Under Graduate,Bba; Bca,240,,,,,,,,,,,,,,Contact College,,,AICTE Official Institutional Disclosures,2021,,,,,,,,,,,,,,,,https://www.aicte-india.org,False,Medium,False
1-44643489728,VISAKHA INSTITUTE OF ENGINEERING & TECHNOLOGY,"Jawaharlal Nehru Technological University, Kakinada",Private-Self Financing,Private,Andhra Pradesh,Vishakhapatnam,VISHAKHAPATNAM,"57TH DIVISION, NARAVA, VISAKHAPATNAM",,,,AICTE Approved,Diploma; Post Graduate; Under Graduate,Bba; Bca; Cad Cam; Civil Engineering; Computer Engineering; Computer Science & Engineering; Computer Science And Engineering; Computer Science And Engineering (Artificial Intelligence And Machine Learning); Computer Science And Engineering (Cyber Security); Computer Science And Engineering (Data Science),2076,,,,,,,,,,,,,,Contact College,,,AICTE Official Institutional Disclosures,2021,,,,,,,,,,,,,,,,https://www.aicte-india.org,False,Medium,False
1-44644921097,MADHURAI MEENAKSHI DEGREE COLLEGE,"Sri Venkateswara University, Tirupati",Private-Self Financing,Private,Andhra Pradesh,Chittoor,CHITTOOR,"11-191, PTM BYPASS ROAD, B.KOTHAKOTA-571370",,,,AICTE Approved,Under Graduate,Bba; Bca,180,,,,,,,,,,,,,,Contact College,,,AICTE Official Institutional Disclosures,2021,,,,,,,,,,,,,,,,https://www.aicte-india.org,False,Medium,False
1-44645047147,KAHL DEGREE COLLEGE,"Adikavi Nannaya University, Rajahmundry",Private-Self Financing,Private,Andhra Pradesh,West Godavari,WEST GODAVARI,KAHL DEGREE COLLEGE N R PET,,,,AICTE Approved,Under Graduate,Bba; Bca,50,,,,,,,,,,,,,,Contact College,,,AICTE Official Institutional Disclosures,2021,,,,,,,,,,,,,,,,https://www.aicte-india.org,False,Medium,False
1-44645049512,SRI SAI WOMENS DEGREE COLLEGE,"Sri Krishnadevaraya University, Anantapur",Private-Self Financing,Private,Andhra Pradesh,Anantapur,ANANTAPUR,"D NO 20/12 & 20/13 OPP MUNICIPAL OFFICE, MAIN ROAD",,,,AICTE Approved,Under Graduate,Bba,60,,,,,,,,,,,,,,Contact College,,,AICTE Official Institutional Disclosures,2021,,,,,,,,,,,,,,,,https://www.aicte-india.org,False,Medium,False
1-44638638947,ANDHRA UNIVERSITY COLLEGE OF ENGINEERING FOR WOMEN,NOT APPLICABLE,State Government University,Government,Andhra Pradesh,Vishakhapatnam,VISHAKHAPATNAM,"SIVAJIPALEM, NEAR SIVAJI PARK, VISAKHAPATNAM",,,,AICTE Approved,Under Graduate,Civil Engineering; Computer Science And Systems Engineering; Electrical And Electronics Engineering; Electronics And Communication Engineering; Information Technology; Mechanical Engineering,360,,,,,,,,,,,,,,Contact College,,,AICTE Official Institutional Disclosures,2021,,,,,,,,,,,,,,,,https://www.aicte-india.org,False,Medium,False
1-44640789941,"CH.S.D.ST.THERESA'S COLLEGE FOR WOMEN, ELURU","Adikavi Nannaya University, Rajahmundry",Private-Self Financing,Private,Andhra Pradesh,West Godavari,WEST GODAVARI,"GAVARAVARAM, SANIVARAPUPET POST ELURU - 534 003 WEST GODAVARI DISTRICT ANDHRA PRADESH",,,,AICTE Approved,Post Graduate,Mba,60,,,,,,,,,,,,,,Contact College,,,AICTE Official Institutional Disclosures,2021,,,,,,,,,,,,,,,,https://www.aicte-india.org,False,Medium,False
1-44645071468,LN G V RAO MODERN DEGREE COLLLEGE,"Adikavi Nannaya University, Rajahmundry",Private-Self Financing,Private,Andhra Pradesh,East Godavari,EAST GODAVARI,"14-13-26,14-13-36,SURYA NAGAR",,,,AICTE Approved,Under Graduate,Bba; Bca,120,,,,,,,,,,,,,,Contact College,,,AICTE Official Institutional Disclosures,2021,,,,,,,,,,,,,,,,https://www.aicte-india.org,False,Medium,False
1-44644896608,SRI HARSHINI DEGREE COLLEGE,aku,Private-Self Financing,Private,Andhra Pradesh,Prakasam,PRAKASAM,YEDUGUNDLAPADU,,,,AICTE Approved,Under Graduate,Bba; Bca,360,,,,,,,,,,,,,,Contact College,,,AICTE Official Institutional Disclosures,2021,,,,,,,,,,,,,,,,https://www.aicte-india.org,False,Medium,False
1-44645037050,GOVERNMENT COLLEGE AUTONOMOUS RAJAHMUNDRY,"Adikavi Nannaya University, Rajahmundry",Government,Government,Andhra Pradesh,East Godavari,EAST GODAVARI,26-1-10 CENTRAL JAIL ROAD NEAR Y JUNCTION,,,,AICTE Approved,Post Graduate; Under Graduate,Bba; Mba,260,,,,,,,,,,,,,,Contact College,,,AICTE Official Institutional Disclosures,2021,,,,,,,,,,,,,,,,https://www.aicte-india.org,False,Medium,False
1-44639460963,D.L.R COLLEGE PG COURSES (MBA PROGRAME),"Adikavi Nannaya University, Rajahmundry",Private-Self Financing,Private,Andhra Pradesh,East Godavari,EAST GODAVARI,"MAIN ROAD, G.MAMIDADA, PEDAPUDI MANDAL, EAST GODAVARI DISTRICT",,,,AICTE Approved,Post Graduate,Mba,120,,,,,,,,,,,,,,Contact College,,,AICTE Official Institutional Disclosures,2021,,,,,,,,,,,,,,,,https://www.aicte-india.org,False,Medium,False
1-44642758060,N.B.K.R.INSTITUTE OF SCIENCE & TECHNOLOGY,"Jawaharlal Nehru Technological University, Anantapur",Private-Self Financing,Private,Andhra Pradesh,Nellore,NELLORE,VIDYANAGAR KOTA MANDAL SPSR NELLORE DIST. ANDHRA PRADESH,,,,AICTE Approved,Post Graduate; Under Graduate,Artificial Intelligence And Data Science; Civil Engineering; Computer Science And Engineering; Electrical And Electronics Engineering; Electronics & Communication Engg; Mechanical Engineering; Robotics And Artificial Intelligence; Vlsi System Design,1416,,,,,,,,,,,,,,Contact College,,,AICTE Official Institutional Disclosures,2021,,,,,,,,,,,,,,,,https://www.aicte-india.org,False,Medium,False
1-44644993680,JAGANS DEGREE AND PG COLLEGE,"Vikram Simhapuri University, Nellore",Private-Self Financing,Private,Andhra Pradesh,Nellore,NELLORE,"16/109, 2ND LANE, RAMALINGA PURAM",,,,AICTE Approved,Under Graduate,Bba; Bca,240,,,,,,,,,,,,,,Contact College,,,AICTE Official Institutional Disclosures,2021,,,,,,,,,,,,,,,,https://www.aicte-india.org,False,Medium,False
1-44645039666,SKR SKR GOVERNMENT COLLEGE FOR WOMEN,"Yogi Vemana University, Kadapa",Government,Government,Andhra Pradesh,Ysr District,YSR DISTRICT,NAGARAJUPETA,,,,AICTE Approved,Under Graduate,Bba,30,,,,,,,,,,,,,,Contact College,,,AICTE Official Institutional Disclosures,2021,,,,,,,,,,,,,,,,https://www.aicte-india.org,False,Medium,False
1-44642420552,ABR COLLEGE OF ENGINEERING AND TECHNOLOGY,"Jawaharlal Nehru Technological University, Kakinada",Private-Self Financing,Private,Andhra Pradesh,Prakasam,PRAKASAM,"CHINA IRLAPADU, KANDUKUR ROAD,KANIGIRI, PRAKASAM DT, PIN 523230.",,,,AICTE Approved,Diploma; Post Graduate; Under Graduate, Civil Engineering;  Mechanical Engineering; Agricultural Engineering; Civil Engineering; Computer Science And Engineering; Computer Science And Engineering (Artificial Intelligence ); Computer Science And Engineering (Data Science); Electrical And Electronics Engineering; Electronics And Communications Engineering; Mba,900,,,,,,,,,,,,,,Contact College,,,AICTE Official Institutional Disclosures,2021,,,,,,,,,,,,,,,,https://www.aicte-india.org,False,Medium,False
1-44642318080,G.PULLA REDDY ENGINEERING COLLEGE,"Jawaharlal Nehru Technological University, Anantapur",Private-Self Financing,Private,Andhra Pradesh,Kurnool,KURNOOL,"NANDYAL ROAD, KURNOOL (AP)",,,,AICTE Approved,Post Graduate; Under Graduate,Advanced Manufacturing Technology; Automation And Robotics; Civil Engineering; Computer Science & Engineering (Artificial Intelligence And Machine Learning ); Computer Science And Engineering; Electrical And Electronics Engineering; Electronics & Communication Engg; Mechanical Engineering; Structural Engineering; Vlsi And Embedded Systems,1200,,,,,,,,,,,,,,Contact College,,,AICTE Official Institutional Disclosures,2021,,,,,,,,,,,,,,,,https://www.aicte-india.org,False,Medium,False
1-44644969656,SAINT CLARET COLLEGE ZIRO,"Rajiv Gandhi University, Arunachal  Pradesh",Private-Self Financing,Private,Arunachal Pradesh,Lower Subansiri,LOWER SUBANSIRI,"PB 22, SALAYA",,,,AICTE Approved,Under Graduate,Bba,60,,,,,,,,,,,,,,Contact College,,,AICTE Official Institutional Disclosures,2021,,,,,,,,,,,,,,,,https://www.aicte-india.org,False,Medium,False
1-44753940725,NATIONAL INSTITUTE OF ELECTRONICS AND INFORMATION TECHNOLOGY ITANAGAR,NONE,Deemed to be University(Govt),Government,Arunachal Pradesh,Papum Pare,PAPUM PARE,E-SECTOR,,,,AICTE Approved,Diploma; Post Graduate,Artificial Intelligence And Data Science; Computer Engineering,48,,,,,,,,,,,,,,Contact College,,,AICTE Official Institutional Disclosures,2021,,,,,,,,,,,,,,,,https://www.aicte-india.org,False,Medium,False
1-44641468197,NORTH EASTERN REGIONAL INSTITUTE OF SCIENCE & TECHNOLOGY,NOT APPLICABLE,Deemed to be University(Govt),Government,Arunachal Pradesh,Papum Pare,PAPUM PARE,NERIST; P.O.NIRJULI ARUNACHAL PRADESH PIN:791109,,,,AICTE Approved,Post Graduate; Under Graduate,Agricultural Engineering; Civil Engineering; Computer Integrated Manufacturing; Computer Science & Engineering; Electrical Engineering; Electronics & Communication Engg; Electronics And Communications Engineering; Environmental Science And Engineering; Farm Machinery; Geotechnical Engineering,570,,,,,,,,,,,,,,Contact College,,,AICTE Official Institutional Disclosures,2021,,,,,,,,,,,,,,,,https://www.aicte-india.org,False,Medium,False
1-44638591867,"DEPARTMENT OF COMPUTER SCIENCE AND ENGINEERING, RAJIV GANDHI UNIVERSITY, ITANAGAR",NOT APPLICABLE,Central University,Government,Arunachal Pradesh,Papum Pare,PAPUM PARE,"DEPARTMENT OF COMPUTER SCIENCE AND ENGINEERING, RAJIV GANDHI UNIVERSITY,  RONO HILLS, DOIMUKH,ITANAGAR",,,,AICTE Approved,Post Graduate; Under Graduate,Bca; Computer Science & Engineering; Mca,108,,,,,,,,,,,,,,Contact College,,,AICTE Official Institutional Disclosures,2021,,,,,,,,,,,,,,,,https://www.aicte-india.org,False,Medium,False
1-44644980831,NIELIT KOKRAJHAR EC,Assam Science and Technology University,Government,Government,Assam,Kokrajhar,KOKRAJHAR,"PURANA TITAGURI, THURIBARI",,,,AICTE Approved,Under Graduate,Bca,20,,,,,,,,,,,,,,Contact College,,,AICTE Official Institutional Disclosures,2021,,,,,,,,,,,,,,,,https://www.aicte-india.org,False,Medium,False
1-44644413720,ASIAN INSTITUTE OF MANAGEMENT AND TECHNOLOGY,"Gauhati University, Guwahati",Private-Self Financing,Private,Assam,Kamrup,KAMRUP,"HOUSE NO-12, BHASKAR NAGAR",,,,AICTE Approved,Under Graduate,Bba; Bca,100,,,,,,,,,,,,,,Contact College,,,AICTE Official Institutional Disclosures,2021,,,,,,,,,,,,,,,,https://www.aicte-india.org,False,Medium,False
1-44644434692,TINSUKIA COLLEGE,"Dibrugarh University, Dibrugarh",Government,Government,Assam,Tinsukia,TINSUKIA,"KACHUJAN GALAPUKHURI ROAD , TINSUKIA",,,,AICTE Approved,Under Graduate,Bba; Bca,80,,,,,,,,,,,,,,Contact College,,,AICTE Official Institutional Disclosures,2021,,,,,,,,,,,,,,,,https://www.aicte-india.org,False,Medium,False
1-44644833870,PRAGJYOTISHPUR UNIVERSITY,Pragjyotishpur University,Private-Self Financing,Private,Assam,Kamrup Metropolitan,KAMRUP METROPOLITAN,"HAJONGBARI, CHANDRAPUR, GUWAHATI, ASSAM, 781150",,,,AICTE Approved,Under Graduate,Bba; Bca,120,,,,,,,,,,,,,,Contact College,,,AICTE Official Institutional Disclosures,2021,,,,,,,,,,,,,,,,https://www.aicte-india.org,False,Medium,False
1-44644584982,DARRANG COLLEGE,"Gauhati University, Guwahati",Government,Government,Assam,Sonitpur,SONITPUR,PAROWA MAHABHAIRAB ROAD,,,,AICTE Approved,Under Graduate,Bca,40,,,,,,,,,,,,,,Contact College,,,AICTE Official Institutional Disclosures,2021,,,,,,,,,,,,,,,,https://www.aicte-india.org,False,Medium,False
1-44644980191,NIELIT GUWAHATI,Assam Science and Technology University,Government,Government,Assam,Kamrup Metropolitan,KAMRUP METROPOLITAN,"2ND FLOOR, ARIT&SC BUILDING, N.H.-37, KHANAPARA, GUWAHATI",,,,AICTE Approved,Under Graduate,Bca,40,,,,,,,,,,,,,,Contact College,,,AICTE Official Institutional Disclosures,2021,,,,,,,,,,,,,,,,https://www.aicte-india.org,False,Medium,False
1-44644439351,MANGALDAI COLLEGE,"Gauhati University, Guwahati",Government,Government,Assam,Darrang,DARRANG,VILL UPAHUPARA,,,,AICTE Approved,Under Graduate,Bca,80,,,,,,,,,,,,,,Contact College,,,AICTE Official Institutional Disclosures,2021,,,,,,,,,,,,,,,,https://www.aicte-india.org,False,Medium,False
1-44638859693,BARAK VALLEY ENGINEERING COLLEGE,"Assam Science and Technology University, Guwahati",Government,Government,Assam,Karimganj,KARIMGANJ,"OFFICE OF THE PRINCIPAL BARAK VALLEY ENGINEERING COLLEGE, NIRALA, DISTRICT-KARIMGANJ, STATE-ASSAM, PIN-788701, PO- MARJATKANDI",,,,AICTE Approved,Under Graduate,Civil Engineering; Computer Science And Engineering; Electronics And Communications Engineering; Mechanical Engineering,240,,,,,,,,,,,,,,Contact College,,,AICTE Official Institutional Disclosures,2021,,,,,,,,,,,,,,,,https://www.aicte-india.org,False,Medium,False
1-44644330623,NEF COLLEGE OF MANAGEMENT AND TECHNOLOGY,"Dibrugarh University, Dibrugarh",Private-Self Financing,Private,Assam,Kamrup Metropolitan,KAMRUP METROPOLITAN,SAUKUCHI LOKHRA,,,,AICTE Approved,Under Graduate,Bba; Bca,110,,,,,,,,,,,,,,Contact College,,,AICTE Official Institutional Disclosures,2021,,,,,,,,,,,,,,,,https://www.aicte-india.org,False,Medium,False
1-44753529533,ASSAM SKILL UNIVERSITY,NOT APPLICABLE,State Government University,Government,Assam,Darrang,DARRANG,MANGALDAI,,,,AICTE Approved,Diploma; Post Graduate; Under Graduate,Bba; Civil Engineering; Computer Science And Engineering (Artificial Intelligence And Machine Learning); Computer Science And Engineering (Cyber Security); Digital Manufacturing Technologies; Electric Vehicle Technology; Electronics And Communication (Vlsi System Design); Electronics And Tele-Communication Engineering; Hotel Management And Catering Technology; Mba,360,,,,,,,,,,,,,,Contact College,,,AICTE Official Institutional Disclosures,2021,,,,,,,,,,,,,,,,https://www.aicte-india.org,False,Medium,False
1-44640733901,JORHAT INSTITUTE OF SCIENCE & TECHNOLOGY,Assam Science and Technology University,Government,Government,Assam,Jorhat,JORHAT,"SATAI, CHENIAMGURI P.O: CHENIJAN JORHAT",,,,AICTE Approved,Under Graduate,Civil Engineering; Electronics And Telecommunications Engineering; Mechanical Engineering; Power Electronics And Instrumentation Engineering,240,,,,,,,,,,,,,,Contact College,,,AICTE Official Institutional Disclosures,2021,,,,,,,,,,,,,,,,https://www.aicte-india.org,False,Medium,False
1-44644351745,CKB COMMERCE COLLEGE,"Dibrugarh University, Dibrugarh",Government,Government,Assam,Jorhat,JORHAT,"KB ROAD, NEAR CIRCUIT HOUSE, JORHAT",,,,AICTE Approved,Under Graduate,Bba,50,,,,,,,,,,,,,,Contact College,,,AICTE Official Institutional Disclosures,2021,,,,,,,,,,,,,,,,https://www.aicte-india.org,False,Medium,False
1-44644815498,DIBRU COLLEGE,"Dibrugarh University, Dibrugarh",Government,Government,Assam,Dibrugarh,DIBRUGARH,"DIBRU COLLEGE,P.O. BOIRAGIMOTH, DIBRUGARH,ASSAM",,,,AICTE Approved,Under Graduate,Bba; Bca,60,,,,,,,,,,,,,,Contact College,,,AICTE Official Institutional Disclosures,2021,,,,,,,,,,,,,,,,https://www.aicte-india.org,False,Medium,False
1-44640687786,GCC CENTRE OF MANAGEMENT STUDIES,"Gauhati University, Guwahati",Government,Government,Assam,Kamrup Metropolitan,KAMRUP METROPOLITAN,"GAUHATI COMMERCE COLLEGE, R.G. BARUAH ROAD",,,,AICTE Approved,Post Graduate,Mba,60,,,,,,,,,,,,,,Contact College,,,AICTE Official Institutional Disclosures,2021,,,,,,,,,,,,,,,,https://www.aicte-india.org,False,Medium,False
1-44645016644,SIBSAGAR COMMERCE COLLEGE,"Dibrugarh University, Dibrugarh",Government,Government,Assam,Sibsagar,SIBSAGAR,"SIBSAGAR COMMERCE COLLEGE , NEAR SHIV DOUL",,,,AICTE Approved,Under Graduate,Bca,50,,,,,,,,,,,,,,Contact College,,,AICTE Official Institutional Disclosures,2021,,,,,,,,,,,,,,,,https://www.aicte-india.org,False,Medium,False
1-44639952636,CENTRE FOR COMPUTER SCIENCE AND APPLICATIONS,NOT APPLICABLE,State Government University,Government,Assam,Dibrugarh,DIBRUGARH,"DIBRUGARH UNIVERSITY, DIBRUGARH-786004 ASSAM",,,,AICTE Approved,Post Graduate; Under Graduate,Bca; Master Of Computer Applications,90,,,,,,,,,,,,,,Contact College,,,AICTE Official Institutional Disclosures,2021,,,,,,,,,,,,,,,,https://www.aicte-india.org,False,Medium,False
1-44639638831,BODOLAND UNIVERSITY,BODOLAND UNIVERSITY,Government,Government,Assam,Kokrajhar,KOKRAJHAR,DEBARGAON KOKRAJHAR ASSAM PIN 783370,,,,AICTE Approved,Post Graduate; Under Graduate,Bba; Mba(General Management),60,,,,,,,,,,,,,,Contact College,,,AICTE Official Institutional Disclosures,2021,,,,,,,,,,,,,,,,https://www.aicte-india.org,False,Medium,False
1-44644518747,BASUGAON COLLEGE,Bodoland University,Government,Government,Assam,Chirang,CHIRANG,"WARD NO.- 3, PO & PS- BASUGAON",,,,AICTE Approved,Under Graduate,Bba; Bca,80,,,,,,,,,,,,,,Contact College,,,AICTE Official Institutional Disclosures,2021,,,,,,,,,,,,,,,,https://www.aicte-india.org,False,Medium,False
1-44638471396,DHEMAJI ENGINEERING COLLEGE,"Assam Science and Technology University, Guwahati",Government,Government,Assam,Dhemaji,DHEMAJI,DHEMAJI,,,,AICTE Approved,Under Graduate,Civil Engineering; Computer Science & Engineering; Mechanical Engineering,180,,,,,,,,,,,,,,Contact College,,,AICTE Official Institutional Disclosures,2021,,,,,,,,,,,,,,,,https://www.aicte-india.org,False,Medium,False
1-44792975923,ST. MARTHA INSTITUTE OF LIFE SCIENCE AND MANAGEMENT,Gujarat State Technical Examination Board,Private-Self Financing,Private,Assam,Kamrup Metropolitan,KAMRUP METROPOLITAN,"KOTOKIPARA, NEAR KOTOKIPARA LP SCHOOL, AHOMGAON",,,,AICTE Approved,Under Graduate,Bba; Bca,120,,,,,,,,,,,,,,Contact College,,,AICTE Official Institutional Disclosures,2021,,,,,,,,,,,,,,,,https://www.aicte-india.org,False,Medium,False
1-44793762923,WOMENS COLLEGE TINSUKIA,"Dibrugarh University, Dibrugarh",Government,Government,Assam,Tinsukia,TINSUKIA,"RANGAGORA ROAD, DURGABARI, TINSUKIA, ASSAM",,,,AICTE Approved,Under Graduate,Bba,30,,,,,,,,,,,,,,Contact College,,,AICTE Official Institutional Disclosures,2021,,,,,,,,,,,,,,,,https://www.aicte-india.org,False,Medium,False
1-44641445115,DIBRUGARH UNIVERSITY INSTITUTE OF ENGINEERING AND TECHNOLOGY,NOT APPLICABLE,State Government University,Government,Assam,Dibrugarh,DIBRUGARH,DIBRUGARH UNIVERSITY CAMPUS,,,,AICTE Approved,Post Graduate; Under Graduate,Civil Engineering; Computer Science & Engineering; Computer Science And Engineering (Artificial Intelligence And Machine Learning); Electronics & Communication Engg; Iot And Sensor Systems; Mechanical Engineering; Petroleum Engineering; Thermal And Fluid Engineering,332,,,,,,,,,,,,,,Contact College,,,AICTE Official Institutional Disclosures,2021,,,,,,,,,,,,,,,,https://www.aicte-india.org,False,Medium,False
1-44644999645,GAUHATI COMMERCE COLLEGE,Assam Science and Technology University,Govt aided,Government,Assam,Kamrup Metropolitan,KAMRUP METROPOLITAN,"RG BARUAH ROAD, GUWAHATI-21",,,,AICTE Approved,Under Graduate,Bca,120,,,,,,,,,,,,,,Contact College,,,AICTE Official Institutional Disclosures,2021,,,,,,,,,,,,,,,,https://www.aicte-india.org,False,Medium,False
1-44644980537,NIELIT TEZPUR,Assam Science and Technology University,Government,Government,Assam,Sonitpur,SONITPUR,"NIELIT TEZPUR EC PUNIONI, SOLMARA (NEAR ISI TEZPUR)",,,,AICTE Approved,Under Graduate,Bca,20,,,,,,,,,,,,,,Contact College,,,AICTE Official Institutional Disclosures,2021,,,,,,,,,,,,,,,,https://www.aicte-india.org,False,Medium,False
1-44671085278,BODOLAND UNIVERSITY,BODOLAND UNIVERSITY,Government,Government,Assam,Kokrajhar,KOKRAJHAR,"RANGALIKHATA, PO:- DEBARGAON DIST: KOKRAJHAR",,,,AICTE Approved,Post Graduate; Under Graduate,Bca; Master Of Computer Applications,90,,,,,,,,,,,,,,Contact College,,,AICTE Official Institutional Disclosures,2021,,,,,,,,,,,,,,,,https://www.aicte-india.org,False,Medium,False
1-44641364412,GAUHATI UNIVERSITY INSTITUTE OF SCIENCE AND TECHNOLOGY,"Gauhati University, Guwahati",Govt aided,Government,Assam,Kamrup,KAMRUP,"INSTITUTE OF SCIENCE AND TECHNOLOGY, GAUHATI UNIVERSITY, GUWAHATI-781014, ASSAM",,,,AICTE Approved,Post Graduate; Under Graduate,Bioprocess Technology; Biotechnology; Computer Science & Engineering; Electronics And Communications Engineering; Information Technology; Robotics; Signal Processing And Communications; Vlsi Design And Signal Processing,252,,,,,,,,,,,,,,Contact College,,,AICTE Official Institutional Disclosures,2021,,,,,,,,,,,,,,,,https://www.aicte-india.org,False,Medium,False
1-44642529777,NORTH EASTERN REGIONAL INSTITUTE OF MANAGEMENT(NERIM),"Dibrugarh University, Dibrugarh",Private-Self Financing,Private,Assam,Kamrup Metropolitan,KAMRUP METROPOLITAN,"PADMA NATH SARMAH BHAWAN JOYANAGAR, KHANAPARA",,,,AICTE Approved,Post Graduate,Mba,240,,,,,,,,,,,,,,Contact College,,,AICTE Official Institutional Disclosures,2021,,,,,,,,,,,,,,,,https://www.aicte-india.org,False,Medium,False
1-44641315005,ASSAM INSTITUTE OF MANAGEMENT,Assam Science and Technology University,Government,Government,Assam,Kamrup Metropolitan,KAMRUP METROPOLITAN,"VIGYAN PATH, PACHIM BORAGAON, GUWAHATI. PIN-781035",,,,AICTE Approved,Integrated; Post Graduate,Bba/Mba; Mba,130,,,,,,,,,,,,,,Contact College,,,AICTE Official Institutional Disclosures,2021,,,,,,,,,,,,,,,,https://www.aicte-india.org,False,Medium,False
1-44643102815,"GIRIJANANDA CHOWDHURY UNIVERSITY, ASSAM","GIRIJANANDA CHOWDHURY UNIVERSITY, ASSAM",State Private University,Private,Assam,Kamrup Metropolitan,KAMRUP METROPOLITAN,"HATKHOWAPARA, AZARA, GUWAHATI-781017",,,,AICTE Approved,Integrated; Post Graduate; Under Graduate,Bba/Mba; Civil (Structural Engineering); Civil Engineering; Computer Science And Engineering; Electrical Engineering; Electronics And Communications Engineering; Master Of Computer Applications (Integrated); Masters In Computer Applications; Mba; Mechanical Engineering,543,,,,,,,,,,,,,,Contact College,,,AICTE Official Institutional Disclosures,2021,,,,,,,,,,,,,,,,https://www.aicte-india.org,False,Medium,False
1-44644367258,DHSK COLLEGE,"Dibrugarh University, Dibrugarh",Government,Government,Assam,Dibrugarh,DIBRUGARH,"K.C.GOGOI PATH, DIBRUGARH",,,,AICTE Approved,Under Graduate,Bca,70,,,,,,,,,,,,,,Contact College,,,AICTE Official Institutional Disclosures,2021,,,,,,,,,,,,,,,,https://www.aicte-india.org,False,Medium,False
1-44641020767,JORHAT ENGINEERING COLLEGE,Assam Science and Technology University,Government,Government,Assam,Jorhat,JORHAT,GARMUR JOORHAT,,,,AICTE Approved,Post Graduate; Under Graduate,Civil Engineering; Computer Science & Engineering; Electrical Engineering; Instrumentation And Control Engineering; Instrumentation Engineering; Master Of Computer Applications; Mechanical Engineering,381,,,,,,,,,,,,,,Contact College,,,AICTE Official Institutional Disclosures,2021,,,,,,,,,,,,,,,,https://www.aicte-india.org,False,Medium,False
1-44755081643,HAM AK COLLEGE OF MANAGEMENT AND TECHNOLOGY,"Assam Science and Technology University, Guwahati",Private-Self Financing,Private,Assam,Nagaon,NAGAON,VILL AND PO:-SHILLONGONI,,,,AICTE Approved,Diploma; Post Graduate; Under Graduate,Chemical Engineering (Petrochemical); Civil Engineering; Electrical Engineering; Ev-Technology; Mba; Mechanical Engineering; Petrochemical Engineering; Renewable Energy,840,,,,,,,,,,,,,,Contact College,,,AICTE Official Institutional Disclosures,2021,,,,,,,,,,,,,,,,https://www.aicte-india.org,False,Medium,False
1-44643105994,THE ASSAM ROYAL GLOBAL UNIVERSITY,NOT APPLICABLE,State Private University,Private,Assam,Kamrup Metropolitan,KAMRUP METROPOLITAN,"BETKUCHI, OPP. TIRUPATI BALAJI TEMPLE, NH 37, GUWAHATI 781035",,,,AICTE Approved,Post Graduate; Under Graduate,Artificial Intelligence And Data Science; Civil Engineering; Computer Science & Engineering; Mba; Mechanical Engineering; Mechatronics Engineering,330,,,,,,,,,,,,,,Contact College,,,AICTE Official Institutional Disclosures,2021,,,,,,,,,,,,,,,,https://www.aicte-india.org,False,Medium,False
1-44644475823,B BOROOAH COLLEGE,"Gauhati University, Guwahati",Government,Government,Assam,Kamrup Metropolitan,KAMRUP METROPOLITAN,"B BOROOAH COLLEGE, ULUBARI",,,,AICTE Approved,Under Graduate,Bba,60,,,,,,,,,,,,,,Contact College,,,AICTE Official Institutional Disclosures,2021,,,,,,,,,,,,,,,,https://www.aicte-india.org,False,Medium,False
1-44644497184,SUREN DAS COLLEGE,"Gauhati University, Guwahati",Govt aided,Government,Assam,Kamrup,KAMRUP,HAJO DHOPARGURI,,,,AICTE Approved,Under Graduate,Bca,20,,,,,,,,,,,,,,Contact College,,,AICTE Official Institutional Disclosures,2021,,,,,,,,,,,,,,,,https://www.aicte-india.org,False,Medium,False
1-44638234893,GOLAGHAT ENGINEERING COLLEGE,"Assam Science and Technology University, Guwahati",Government,Government,Assam,Golaghat,GOLAGHAT,"BOGORIJENG, P.O. PULIBOR BIDYAPITH",,,,AICTE Approved,Under Graduate,Chemical Engineering; Civil Engineering; Mechanical Engineering,180,,,,,,,,,,,,,,Contact College,,,AICTE Official Institutional Disclosures,2021,,,,,,,,,,,,,,,,https://www.aicte-india.org,False,Medium,False
1-44643455251,NERIM (NORTH EASTERN REGIONAL INSTITUTE OF MANAGEMENT) GUWAHATI,"Dibrugarh University, Dibrugarh",Private-Self Financing,Private,Assam,Kamrup Metropolitan,KAMRUP METROPOLITAN,"PARUKUTTY BHAWAN, NABIN NAGAR,R.G.BARUAH ROAD,GUWAHATI",,,,AICTE Approved,Post Graduate,Masters In Computer Applications,60,,,,,,,,,,,,,,Contact College,,,AICTE Official Institutional Disclosures,2021,,,,,,,,,,,,,,,,https://www.aicte-india.org,False,Medium,False
1-44644477050,PUB KAMRUP COLLEGE,"Gauhati University, Guwahati",Government,Government,Assam,Kamrup,KAMRUP,BAIHATA CHARIALI,,,,AICTE Approved,Under Graduate,Bba; Bca,90,,,,,,,,,,,,,,Contact College,,,AICTE Official Institutional Disclosures,2021,,,,,,,,,,,,,,,,https://www.aicte-india.org,False,Medium,False
1-44753801147,BIRANGANA SATI SADHANI RAJYIK VISHWAVIDYALAYA,NOT APPLICABLE,State Government University,Government,Assam,Golaghat,GOLAGHAT,"BOGORIJENG, GEC CAMPUS",,,,AICTE Approved,Post Graduate; Under Graduate,Computer Applications; Computer Science & Engineering; Computer Science And Engineering; Computer Science And Engineering (Artificial Intelligence And Machine Learning); Mba,255,,,,,,,,,,,,,,Contact College,,,AICTE Official Institutional Disclosures,2021,,,,,,,,,,,,,,,,https://www.aicte-india.org,False,Medium,False
1-44638822574,NORTH EASTERN REGIONAL INSTITUTE OF WATER AND LAND MANAGEMENT,"Assam Science and Technology University, Guwahati",Government,Government,Assam,Sonitpur,SONITPUR,"DOLABARI, P.O. KALIABHOMORA , TEZPUR-784027 , ASSAM",,,,AICTE Approved,Post Graduate,Water Resource Management,18,,,,,,,,,,,,,,Contact College,,,AICTE Official Institutional Disclosures,2021,,,,,,,,,,,,,,,,https://www.aicte-india.org,False,Medium,False
1-44644212493,GAUHATI COMMERCE COLLEGE,"Gauhati University, Guwahati",Government,Government,Assam,Kamrup Metropolitan,KAMRUP METROPOLITAN,R.G. BARUAH ROAD NEAR CHANDMARI FLYOVER,,,,AICTE Approved,Under Graduate,Bba,120,,,,,,,,,,,,,,Contact College,,,AICTE Official Institutional Disclosures,2021,,,,,,,,,,,,,,,,https://www.aicte-india.org,False,Medium,False
1-44645022870,JAGANNATH BAROOAH COLLEGE,"Dibrugarh University, Dibrugarh",Government,Government,Assam,Jorhat,JORHAT,"BARPATRA ALI, NEAR BARUAH CHARI ALI",,,,AICTE Approved,Under Graduate,Bca,50,,,,,,,,,,,,,,Contact College,,,AICTE Official Institutional Disclosures,2021,,,,,,,,,,,,,,,,https://www.aicte-india.org,False,Medium,False
1-44644510300,S. B. DEORAH COLLEGE,Assam Science and Technology University,Government,Government,Assam,Kamrup Metropolitan,KAMRUP METROPOLITAN,"G.S.ROAD, ULUBARI",,,,AICTE Approved,Under Graduate,Bba; Bca,120,,,,,,,,,,,,,,Contact College,,,AICTE Official Institutional Disclosures,2021,,,,,,,,,,,,,,,,https://www.aicte-india.org,False,Medium,False
1-44641512985,DEPARTMENT OF PETROLEUM TECHNOLOGY,"Dibrugarh University, Dibrugarh",State Government University,Government,Assam,Dibrugarh,DIBRUGARH,DI BRUGARH UNIVERSITY RAJABHETA,,,,AICTE Approved,Post Graduate,Petroleum Technology,18,,,,,,,,,,,,,,Contact College,,,AICTE Official Institutional Disclosures,2021,,,,,,,,,,,,,,,,https://www.aicte-india.org,False,Medium,False
1-44641411935,ASSAM ENGINEERING COLLEGE,Assam Science and Technology University,Government,Government,Assam,Kamrup Metropolitan,KAMRUP METROPOLITAN,P.O.:- JALUKBARI DIST:- KAMRUP(METRO) ASSAM,,,,AICTE Approved,Post Graduate; Under Graduate,Chemical Engineering; Civil Engineering; Computer Science & Engineering; Electrical Engineering; Electronics And Telecommunication Engineering; Industrial And Production Engineering; Instrumentation Engineering; Master Of Computer Applications; Mechanical Engineering,522,,,,,,,,,,,,,,Contact College,,,AICTE Official Institutional Disclosures,2021,,,,,,,,,,,,,,,,https://www.aicte-india.org,False,Medium,False
1-44640156556,KU SCHOOL OF ENGINEERING TECHNOLOGY AND MANAGEMENT,"Assam Kaziranga University, Jorhat, Assam",Private-Self Financing,Private,Assam,Jorhat,JORHAT,KORAIKHOWA GAON; NH-37; MOUZA-PARBATIA; DIST-JORHAT,,,,AICTE Approved,Post Graduate; Under Graduate,Civil Engineering; Computer Science And Engineering; Electrical Engineering; Electronics & Communication Engg; Mba(General Management); Mechanical Engineering,486,,,,,,,,,,,,,,Contact College,,,AICTE Official Institutional Disclosures,2021,,,,,,,,,,,,,,,,https://www.aicte-india.org,False,Medium,False
1-44644980615,NIELIT DIBRUGARH EXTENSION CENTRE,Assam Science and Technology University,Government,Government,Assam,Dibrugarh,DIBRUGARH,"NIELIT DIBRUGARH MODERKHAT, MELENGIAL GAON, NEAR SESSA PARK, LAHOWAL, DIBRUGARH, ASSAM",,,,AICTE Approved,Under Graduate,Bca,20,,,,,,,,,,,,,,Contact College,,,AICTE Official Institutional Disclosures,2021,,,,,,,,,,,,,,,,https://www.aicte-india.org,False,Medium,False
1-44644161506,K C DAS COMMERCE COLLEGE,"Gauhati University, Guwahati",Govt aided,Government,Assam,Kamrup Metropolitan,KAMRUP METROPOLITAN,CHATRIBARI GUWAHATI ASSAM,,,,AICTE Approved,Under Graduate,Bba; Bca,180,,,,,,,,,,,,,,Contact College,,,AICTE Official Institutional Disclosures,2021,,,,,,,,,,,,,,,,https://www.aicte-india.org,False,Medium,False
1-44640827550,BINESWAR BRAHMA ENGINEERING |COLLEGE,Assam Science and Technology University,Government,Government,Assam,Kokrajhar,KOKRAJHAR,CHANDRAPARA,,,,AICTE Approved,Under Graduate,Chemical Engineering; Civil Engineering; Electrical Engineering; Mechanical Engineering,240,,,,,,,,,,,,,,Contact College,,,AICTE Official Institutional Disclosures,2021,,,,,,,,,,,,,,,,https://www.aicte-india.org,False,Medium,False
1-44638335204,CENTRE FOR MANAGEMENT STUDIES,NOT APPLICABLE,State Government University,Government,Assam,Dibrugarh,DIBRUGARH,DIBRUGARH UNIVERSITY NH 37,,,,AICTE Approved,Post Graduate; Under Graduate,Bba; Mba,120,,,,,,,,,,,,,,Contact College,,,AICTE Official Institutional Disclosures,2021,,,,,,,,,,,,,,,,https://www.aicte-india.org,False,Medium,False
1-44638580531,SCHOOL OF ENGINEERING,"Assam Science and Technology University, Guwahati",Government,Government,Assam,Kamrup Metropolitan,KAMRUP METROPOLITAN,"TETELIA ROAD,JALUKBARI,GUWAHATI,ASSAM,PIN CODE-781013",,,,AICTE Approved,Post Graduate; Under Graduate,Computer Science And Engineering; Computer Science And Engineering (Artificial Intelligence And Machine Learning); Computer Science And Engineering (Artificial Intelligence); Computer Science And Engineering (Cyber Security); Computer Science And Engineering (Data Science); Energy Engineering,231,,,,,,,,,,,,,,Contact College,,,AICTE Official Institutional Disclosures,2021,,,,,,,,,,,,,,,,https://www.aicte-india.org,False,Medium,False
1-44644379309,PANDU COLLEGE,"Gauhati University, Guwahati",Govt aided,Government,Assam,Kamrup Metropolitan,KAMRUP METROPOLITAN,PANDU,,,,AICTE Approved,Under Graduate,Bca,35,,,,,,,,,,,,,,Contact College,,,AICTE Official Institutional Disclosures,2021,,,,,,,,,,,,,,,,https://www.aicte-india.org,False,Medium,False
1-44755069293,NETES INSTITUTE OF TECHNOLOGY AND SCIENCE,"Assam Science and Technology University, Guwahati",Private-Self Financing,Private,Assam,Kamrup,KAMRUP,"NETES INSTITUTE OF TECHNOLOGY AND SCIENCE, NEMCARE GROUP OF INSTITUTIONS, SANTIPUR, MIRZA",,,,AICTE Approved,Under Graduate,Bba; Bca,60,,,,,,,,,,,,,,Contact College,,,AICTE Official Institutional Disclosures,2021,,,,,,,,,,,,,,,,https://www.aicte-india.org,False,Medium,False
1-44642315872,ASSAM DON BOSCO UNIVERSITY SCHOOL OF TECHNOLOGY,NOT APPLICABLE,State Private University,Private,Assam,Kamrup,KAMRUP,"AIRPORT ROAD, AZARA GUWAHATI  781017",,,,AICTE Approved,Integrated; Post Graduate; Under Graduate,Artificial Intelligence And Machine Learning; Bba; Bba/Mba; Bca; Civil Engineering; Computer Science And Engineering; Electrical And Electronics Engineering; Electronics And Communications Engineering; Master Of Computer Applications (Integrated); Masters In Computer Applications,618,,,,,,,,,,,,,,Contact College,,,AICTE Official Institutional Disclosures,2021,,,,,,,,,,,,,,,,https://www.aicte-india.org,False,Medium,False
1-44641357105,TECHNOLOGY CAMPUS TEZPUR UNIVERSITY,"Tezpur University, Tezpur",Government,Government,Assam,Sonitpur,SONITPUR,"NAPAM TEZPUR-784028 DISTRICT:SONITPUR ASSAM,INDIA",,,,AICTE Approved,Post Graduate,Master Of Computer Applications; Mba,120,,,,,,,,,,,,,,Contact College,,,AICTE Official Institutional Disclosures,2021,,,,,,,,,,,,,,,,https://www.aicte-india.org,False,Medium,False
1-44753077493,LIFE LIGHT ACADEMY,NONE,Private-Self Financing,Private,Assam,Kamrup Metropolitan,KAMRUP METROPOLITAN,G S ROAD GANESHGURI OPP CANARA BANK NEAR BY LANE TRIBENI PATH PO DISPUR PS DISPUR,,,,AICTE Approved,Under Graduate,Bca,60,,,,,,,,,,,,,,Contact College,,,AICTE Official Institutional Disclosures,2021,,,,,,,,,,,,,,,,https://www.aicte-india.org,False,Medium,False
1-44753576798,DEPARTMENT OF BUSINESS ADMINISTRATION,NOT APPLICABLE,Central University,Government,Assam,Cachar,CACHAR,"DEPARTMENT OF BUSINESS ADMINISTRATION, ASSAM UNIVERSITY",,,,AICTE Approved,Post Graduate; Under Graduate,Bba; Mba,135,,,,,,,,,,,,,,Contact College,,,AICTE Official Institutional Disclosures,2021,,,,,,,,,,,,,,,,https://www.aicte-india.org,False,Medium,False
1-44793907757,WOMENS COLLEGE TINSUKIA,"Dibrugarh University, Dibrugarh",Government,Government,Assam,Tinsukia,TINSUKIA,"RANGAGORA ROAD, DURGABARI, TINSUKIA ASSAM - 786125",,,,AICTE Approved,Under Graduate,Bca,30,,,,,,,,,,,,,,Contact College,,,AICTE Official Institutional Disclosures,2021,,,,,,,,,,,,,,,,https://www.aicte-india.org,False,Medium,False
1-44644980477,NIELIT JORHAT EC,Assam Science and Technology University,Government,Government,Assam,Jorhat,JORHAT,"NIELIT JORHAT EC, MES GATE RD., ROWRIAH",,,,AICTE Approved,Under Graduate,Bca,20,,,,,,,,,,,,,,Contact College,,,AICTE Official Institutional Disclosures,2021,,,,,,,,,,,,,,,,https://www.aicte-india.org,False,Medium,False
1-44640146155,TRIGUNA SEN SCHOOL OF TECHNOLOGY,NOT APPLICABLE,Central University,Government,Assam,Cachar,CACHAR,"ASSAM UNIVERSITY (CENTRAL UNIVERSITY), SILCHAR",,,,AICTE Approved,Post Graduate; Under Graduate,Agricultural Engineering; Computer Sceince And Engineering; Computer Science And Engineering; Electronics And Communication Engineering,234,,,,,,,,,,,,,,Contact College,,,AICTE Official Institutional Disclosures,2021,,,,,,,,,,,,,,,,https://www.aicte-india.org,False,Medium,False
1-44638631559,SCHOLAR'S INSTITUTE OF TECHNOLOGY & MANAGEMENT,"Assam Science and Technology University, Guwahati",Private-Self Financing,Private,Assam,Kamrup,KAMRUP,"VILL GOG, PO: GARCHUK",,,,AICTE Approved,Under Graduate,Bba; Bca; Civil Engineering; Computer Science & Engineering; Electrical And Electronics Engineering; Electronics & Communication Engg; Mechanical Engineering,410,,,,,,,,,,,,,,Contact College,,,AICTE Official Institutional Disclosures,2021,,,,,,,,,,,,,,,,https://www.aicte-india.org,False,Medium,False
1-44644483295,ANANDARAM DHEKIAL PHOOKAN COLLEGE,"Gauhati University, Guwahati",Government,Government,Assam,Nagaon,NAGAON,"RRB ROAD, SOUTH HAIBORGAON",,,,AICTE Approved,Under Graduate,Bca,80,,,,,,,,,,,,,,Contact College,,,AICTE Official Institutional Disclosures,2021,,,,,,,,,,,,,,,,https://www.aicte-india.org,False,Medium,False
1-44638704901,CENTRAL INSTITUTE OF TECHNOLOGY KOKRAJHAR,NOT APPLICABLE,Deemed to be University(Govt),Government,Assam,Kokrajhar,KOKRAJHAR,"BALAGAON, BODOLAND TERRITORIAL COUNCIL, KOKRAJHAR, ASSAM-783370",,,,AICTE Approved,Diploma; Post Graduate; Under Graduate,Animation And Multimedia Technology; Civil Engineering; Computer Science & Engineering; Computer Science And Engineering; Control And Instrumentation; Design; Electronics & Communication Engg; Electronics And Communication Engineering; Food Engineering And Technology; Food Processing Technology,627,,,,,,,,,,,,,,Contact College,,,AICTE Official Institutional Disclosures,2021,,,,,,,,,,,,,,,,https://www.aicte-india.org,False,Medium,False
1-44640878825,DON BOSCO INSTITUTE OF MANAGEMENT,NOT APPLICABLE,State Private University,Private,Assam,Kamrup,KAMRUP,"JOYPUR, KHARGHULI",,,,AICTE Approved,Post Graduate,Mba,60,,,,,,,,,,,,,,Contact College,,,AICTE Official Institutional Disclosures,2021,,,,,,,,,,,,,,,,https://www.aicte-india.org,False,Medium,False
1-44644686844,K.R.B. GIRLS' COLLEGE,Assam Science and Technology University,Govt aided,Government,Assam,Kamrup Metropolitan,KAMRUP METROPOLITAN,"M.B ROAD, FATASHIL GUWAHATI",,,,AICTE Approved,Under Graduate,Bba,60,,,,,,,,,,,,,,Contact College,,,AICTE Official Institutional Disclosures,2021,,,,,,,,,,,,,,,,https://www.aicte-india.org,False,Medium,False
1-44644483354,NALBARI COLLEGE,"Gauhati University, Guwahati",Govt aided,Government,Assam,Nalbari,NALBARI,JAPARKUCHI,,,,AICTE Approved,Under Graduate,Bca,60,,,,,,,,,,,,,,Contact College,,,AICTE Official Institutional Disclosures,2021,,,,,,,,,,,,,,,,https://www.aicte-india.org,False,Medium,False
1-44642615543,L. N. MISHRA INSTITUTE OF ECONOMIC DEVELOPMENT AND SOCIAL CHANGE,"Aryabhatta Knowledge University, Patna",Government,Government,Bihar,Patna,PATNA,"1, JAWAHARLAL NEHRU MARG, PATNA",,,,AICTE Approved,Integrated; Post Graduate; Under Graduate,Bca; Master Of Computer Applications (Integrated); Masters In Computer Applications,220,,,,,,,,,,,,,,Contact College,,,AICTE Official Institutional Disclosures,2021,,,,,,,,,,,,,,,,https://www.aicte-india.org,False,Medium,False
1-44638903370,SITAMARHI INSTITUTE OF TECHNOLOGY,"Bihar Engineering University, Patna",Government,Government,Bihar,Sitamarhi,SITAMARHI,"SITAMARHI INSTITUTE OF TECHNOLOGY, DUMRA, VILLAGE: GOSAINPUR, PO: RASULPUR, SITAMARHI 843302",,,,AICTE Approved,Under Graduate,Civil Engineering; Civil Engineering With Computer Application; Computer Science And Engineering; Computer Science And Engineering (Artificial Intelligence And Machine Learning); Electrical Engineering; Mechanical Engineering,360,,,,,,,,,,,,,,Contact College,,,AICTE Official Institutional Disclosures,2021,,,,,,,,,,,,,,,,https://www.aicte-india.org,False,Medium,False
1-44641981150,L. N. MISHRA INSTITUTEOF ECONOMIC DEVELOPMENT AND SOCIAL CHANGE,"Aryabhatta Knowledge University, Patna",Government,Government,Bihar,Patna,PATNA,"1, BAILEY ROAD",,,,AICTE Approved,Post Graduate,Mba (Finance); Mba(Human Resource Development); Mba(International Business); Mba(Logistics And Supply Chain Management),255,,,,,,,,,,,,,,Contact College,,,AICTE Official Institutional Disclosures,2021,,,,,,,,,,,,,,,,https://www.aicte-india.org,False,Medium,False
1-44640619500,DEPARTMENT OF BUSINESS ADMINISTRATION (SSC),"Magadh University, Bodhgaya",Government,Government,Bihar,Aurangabad,AURANGABAD,"S.SINHA COLLEGE, AURANGABAD",,,,AICTE Approved,Post Graduate; Under Graduate,Bba; Mba,180,,,,,,,,,,,,,,Contact College,,,AICTE Official Institutional Disclosures,2021,,,,,,,,,,,,,,,,https://www.aicte-india.org,False,Medium,False
1-44797737757,EKALAVYA INSTITUTE OF HIGHER EDUCATION,"Bhupendra Narayan Mandal University, Madhepura",Private-Self Financing,Private,Bihar,Madhepura,MADHEPURA,"MISSION ROAD, NEAR MADHEPURA CHRISTIAN HOSPITAL",,,,AICTE Approved,Under Graduate,Bca,120,,,,,,,,,,,,,,Contact College,,,AICTE Official Institutional Disclosures,2021,,,,,,,,,,,,,,,,https://www.aicte-india.org,False,Medium,False
1-44798386090,DIMOND TECHNICAL DEGREE COLLAGE,"MAULANA MAZHARUL HAQUE ARABIC & PERSIAN UNIVERSITY, PATNA (BIHAR)",Private-Self Financing,Private,Bihar,Vaishali,VAISHALI,"VILL+POST- CHANDRALAYA,  PS- HAJIPUR SADAR, DIST- VAISHALI, STATE- BIHARPIN CODE- 844102",,,,AICTE Approved,Under Graduate,Bca,60,,,,,,,,,,,,,,Contact College,,,AICTE Official Institutional Disclosures,2021,,,,,,,,,,,,,,,,https://www.aicte-india.org,False,Medium,False
1-44643855844,KISHORI SINHA MAHILA COLLEGE,"Magadh University, Bodhgaya",Government,Government,Bihar,Aurangabad,AURANGABAD,"OLD GT ROAD, DANI BIGHA, NEAR CIRCUIT HOUSE",,,,AICTE Approved,Under Graduate,Bca,40,,,,,,,,,,,,,,Contact College,,,AICTE Official Institutional Disclosures,2021,,,,,,,,,,,,,,,,https://www.aicte-india.org,False,Medium,False
1-44638259822,GOVERNMENT ENGINEERING COLLEGE SHEIKHPURA,Bihar Engineering University Patna,Government,Government,Bihar,Sheikhpura,SHEIKHPURA,"GOVERNMENT ENGINEERING COLLEGE SHEIKHPURA, AT- BAJIDPUR, NEAR POLICE LINE, PO- SHEIKHPURA, DISTRICT - SHEIKHPURA, PINCODE - 811105",,,,AICTE Approved,Under Graduate,Civil Engineering; Computer Science And Engineering; Electrical Engineering; Electronics And Communications Engineering; Mechanical Engineering; Mechatronics Engineering,360,,,,,,,,,,,,,,Contact College,,,AICTE Official Institutional Disclosures,2021,,,,,,,,,,,,,,,,https://www.aicte-india.org,False,Medium,False
1-45237386966,ROSEMARY INSTITUTE OF TECHNOLOGY AND MANAGEMENT,"Maulana Mazharul Haque Arabic & Persian University, Patna",Private-Self Financing,Private,Bihar,Nalanda,NALANDA,"BIHARSHARIF, NALANDA",,,,AICTE Approved,Under Graduate,Bba; Bca,240,,,,,,,,,,,,,,Contact College,,,AICTE Official Institutional Disclosures,2021,,,,,,,,,,,,,,,,https://www.aicte-india.org,False,Medium,False
1-44644841096,PNS INSTITUTE OF TECHNOLOGY AND MANAGEMENT,MAULANA MAZAHARUL HAQUE ARABIC AND PERSIAN UNIVERSITY,Private-Self Financing,Private,Bihar,Muzaffarpur,MUZAFFARPUR,BHIKHANPURA (SOUTH) PO- HEAD POST OFFICE,,,,AICTE Approved,Under Graduate,Bba; Bca,120,,,,,,,,,,,,,,Contact College,,,AICTE Official Institutional Disclosures,2021,,,,,,,,,,,,,,,,https://www.aicte-india.org,False,Medium,False
1-44644584673,MAGADH PROFESSIONAL INSTITUTE,"Aryabhatta Knowledge University, Patna",Private-Self Financing,Private,Bihar,Patna,PATNA,"NASRIGANJ DANAPUR, PATNA",,,,AICTE Approved,Post Graduate Diploma; Under Graduate,Bba; Bca; Pgdm,1560,,,,,,,,,,,,,,Contact College,,,AICTE Official Institutional Disclosures,2021,,,,,,,,,,,,,,,,https://www.aicte-india.org,False,Medium,False
1-44643402742,NETAJI SUBHAS INSTITUTE OF TECHNOLOGY,Bihar Engineering University,Private-Self Financing,Private,Bihar,Patna,PATNA,"AT + PO: AMHARA, BIHTA, PATNA",,,,AICTE Approved,Diploma; Under Graduate,Bba; Bca; Civil Engineering; Computer Science & Engineering; Electrical And Electronics Engineering; Electronics & Communication Engg; Mechanical Engineering,960,,,,,,,,,,,,,,Contact College,,,AICTE Official Institutional Disclosures,2021,,,,,,,,,,,,,,,,https://www.aicte-india.org,False,Medium,False
1-44645005115,SHAHI INSTITUTE OF BUSINESS MANAGEMENT,"Aryabhatta Knowledge University, Patna",Private-Self Financing,Private,Bihar,Siwan,SIWAN,"MAHADEVA, NEAR OP THANA, SIWAN",,,,AICTE Approved,Under Graduate,Bba; Bca,300,,,,,,,,,,,,,,Contact College,,,AICTE Official Institutional Disclosures,2021,,,,,,,,,,,,,,,,https://www.aicte-india.org,False,Medium,False
1-44640251777,"INSTITUTE OF BUSINESS MANAGEMENT, BELA, DARBHANGA","Lalit Narayan Mithila University, Darbhanga",Private-Self Financing,Private,Bihar,Darbhanga,DARBHANGA,"BELA, DARBHANGA",,,,AICTE Approved,Post Graduate,Mba(Business Management),60,,,,,,,,,,,,,,Contact College,,,AICTE Official Institutional Disclosures,2021,,,,,,,,,,,,,,,,https://www.aicte-india.org,False,Medium,False
1-44755386223,MAGADH INSTITUTE OF MANAGEMENT,NOT APPLICABLE,Private-Self Financing,Private,Bihar,Patna,PATNA,"NASRIGANJ, DIGHA NAHAR ROAD, DANAPUR, PATNA-801503",,,,AICTE Approved,Post Graduate; Post Graduate Diploma,Mca; Pgdm; Pgdm (Marketing And Finance); Pgdm (Marketing Management),660,,,,,,,,,,,,,,Contact College,,,AICTE Official Institutional Disclosures,2021,,,,,,,,,,,,,,,,https://www.aicte-india.org,False,Medium,False
1-44640353439,SITYOG INSTITUTEOF TECHNOLOGY,"State Board of Technical Education, Patna",Private-Self Financing,Private,Bihar,Aurangabad,AURANGABAD,GROWTH CENTER JASOIYA MORE AURANGABAD BIHAR,,,,AICTE Approved,Diploma; Under Graduate,Bba; Bca; Civil Engineering; Computer Engineering; Computer Science & Engineering; Electrical Engineering; Mechanical Engineering,960,,,,,,,,,,,,,,Contact College,,,AICTE Official Institutional Disclosures,2021,,,,,,,,,,,,,,,,https://www.aicte-india.org,False,Medium,False
1-44671736356,LUV KUSH COMPUTER APPLICATION AND MANAGEMENT COLLEGE,"PURNEA UNIVERSITY,PURNEA BIHAR",Private-Self Financing,Private,Bihar,Katihar,KATIHAR,AT-PRANPUR PO-MAINANAGAR PRANPUR PS- PRANPUR,,,,AICTE Approved,Under Graduate,Bba; Bca,120,,,,,,,,,,,,,,Contact College,,,AICTE Official Institutional Disclosures,2021,,,,,,,,,,,,,,,,https://www.aicte-india.org,False,Medium,False
1-44760974733,BALMIKI RAJNITI MAHILA MAHAVIDYALAYA MUNGER,MUNGER UNIVERSITY,Government,Government,Bihar,Munger,MUNGER,BASUDEOPUR MUNGER,,,,AICTE Approved,Under Graduate,Bca,30,,,,,,,,,,,,,,Contact College,,,AICTE Official Institutional Disclosures,2021,,,,,,,,,,,,,,,,https://www.aicte-india.org,False,Medium,False
1-44799262683,RSD COLLEGE OF HIGHER EDUCATION,"Aryabhatta Knowledge University, Patna",Private-Self Financing,Private,Bihar,Patna,PATNA,AT PUNPUN PO PUNPUN DISTRICT PATNA 804453,,,,AICTE Approved,Under Graduate,Bba; Bca,180,,,,,,,,,,,,,,Contact College,,,AICTE Official Institutional Disclosures,2021,,,,,,,,,,,,,,,,https://www.aicte-india.org,False,Medium,False
1-44789278733,PRABUDH INNSTITUTE OF TECHNOLOGY AND MANAGEMENT,MMHA&PU,Private-Self Financing,Private,Bihar,Rohtas,ROHTAS,"UCHITPUR, SASARAM,ROHTAS",,,,AICTE Approved,Under Graduate,Bca,40,,,,,,,,,,,,,,Contact College,,,AICTE Official Institutional Disclosures,2021,,,,,,,,,,,,,,,,https://www.aicte-india.org,False,Medium,False
1-44644398111,KAINAT INSTITUTE OF MANAGEMENT AND TECHNOLOGY,"MAULANA MAZHARUL HAQUE ARABIC AND PERSIAN UNIVERSITY, PATNA",Private-Self Financing,Private,Bihar,Gaya,GAYA,"KAINAT CAMPUS, KHAIRAT AHMAD ROAD, MURARPUR",,,,AICTE Approved,Under Graduate,Bba; Bca,120,,,,,,,,,,,,,,Contact College,,,AICTE Official Institutional Disclosures,2021,,,,,,,,,,,,,,,,https://www.aicte-india.org,False,Medium,False
1-44644763692,JAMUNI LAL COLLEGE,"Babasaheb Bhimrao Ambedkar Bihar University, Muzaffarpur",Government,Government,Bihar,Vaishali,VAISHALI,"NAKA NO-3, HATHSARGANJ",,,,AICTE Approved,Under Graduate,Bca,60,,,,,,,,,,,,,,Contact College,,,AICTE Official Institutional Disclosures,2021,,,,,,,,,,,,,,,,https://www.aicte-india.org,False,Medium,False
1-44644278897,S P JAIN COLLEGE,"Veer Kunwar Singh University, Arrah",Government,Government,Bihar,Rohtas,ROHTAS,MIRZAPUR,,,,AICTE Approved,Under Graduate,Bba; Bca,200,,,,,,,,,,,,,,Contact College,,,AICTE Official Institutional Disclosures,2021,,,,,,,,,,,,,,,,https://www.aicte-india.org,False,Medium,False
1-44644188897,GRAM BHARTI COLLEGE,"Veer Kunwar Singh University, Arrah",State Government University,Government,Bihar,Kaimur,KAIMUR,G B COLLEGE RAMGARH,,,,AICTE Approved,Under Graduate,Bba; Bca,120,,,,,,,,,,,,,,Contact College,,,AICTE Official Institutional Disclosures,2021,,,,,,,,,,,,,,,,https://www.aicte-india.org,False,Medium,False
1-44755606138,INSTITUTE OF MANAGEMENT SCIENCE PATNA,"Aryabhatta Knowledge University, Patna",Private-Self Financing,Private,Bihar,Patna,PATNA,"JAYPRAKASH NAGAR, PATNA",,,,AICTE Approved,Under Graduate,Bca,120,,,,,,,,,,,,,,Contact College,,,AICTE Official Institutional Disclosures,2021,,,,,,,,,,,,,,,,https://www.aicte-india.org,False,Medium,False
1-44645061432,MAULANA MAZHARUL HAQUE TEACHERS' TRAINING COLLEGE,"Lalit Narayan Mithila University, Darbhanga",Private-Self Financing,Private,Bihar,Samastipur,SAMASTIPUR,MATHURAPUR SAMASTIPUR BIHAR PIN 848101,,,,AICTE Approved,Under Graduate,Bba; Bca; Bms,340,,,,,,,,,,,,,,Contact College,,,AICTE Official Institutional Disclosures,2021,,,,,,,,,,,,,,,,https://www.aicte-india.org,False,Medium,False
1-44644963550,BANARSILAL SARAF COMMERCE COLLEGE,"Tilka Manjhi Bhagalpur University, Bhagalpur",Govt aided,Government,Bihar,Bhagalpur,BHAGALPUR,"NEAR - NH31, NAUGACHIA",,,,AICTE Approved,Under Graduate,Bca,60,,,,,,,,,,,,,,Contact College,,,AICTE Official Institutional Disclosures,2021,,,,,,,,,,,,,,,,https://www.aicte-india.org,False,Medium,False
1-44766443163,OASIS INSTITUTE OF MANAGEMENT AND TECHNOLOGY,maulana mazharul haque arabic and persian university patna,Private-Self Financing,Private,Bihar,Vaishali,VAISHALI,"HAJIPUR,MAHNAR ROAD,RAJASAN,HAJIPUR",,,,AICTE Approved,Under Graduate,Bba; Bca,120,,,,,,,,,,,,,,Contact College,,,AICTE Official Institutional Disclosures,2021,,,,,,,,,,,,,,,,https://www.aicte-india.org,False,Medium,False
1-44644186901,T.N.B. COLLEGE,"Tilka Manjhi Bhagalpur University, Bhagalpur",Government,Government,Bihar,Bhagalpur,BHAGALPUR,"LOWER NATHNAGAR ROAD, BHAGALPUR",,,,AICTE Approved,Under Graduate,Bca,125,,,,,,,,,,,,,,Contact College,,,AICTE Official Institutional Disclosures,2021,,,,,,,,,,,,,,,,https://www.aicte-india.org,False,Medium,False
1-44643834061,UNIVERSITY DEPARTMENT OF MANAGEMENT,"Babasaheb Bhimrao Ambedkar Bihar University, Muzaffarpur",State Government University,Government,Bihar,Muzaffarpur,MUZAFFARPUR,"THE DIRECTOR, UNIVERSITY DEPARTMENT OF MANAGEMENT, BABASAHEB BHIMRAO AMBEDKAR BIHAR UNIVERSITY",,,,AICTE Approved,Post Graduate,Mba,120,,,,,,,,,,,,,,Contact College,,,AICTE Official Institutional Disclosures,2021,,,,,,,,,,,,,,,,https://www.aicte-india.org,False,Medium,False
1-44638647169,CHANAKYA INSTITUTE OF MANAGEMENT AND HIGHER STUDIES,"Aryabhatta Knowledge University, Patna",Private-Self Financing,Private,Bihar,Bhojpur,BHOJPUR,"KOILWAR, BHOJPUR",,,,AICTE Approved,Post Graduate,Mba (Finance ); Mba (Human Resource Management); Mba (Marketing ); Mba (Rural Management); Mba(Finance Marketing And Human Resource Management),360,,,,,,,,,,,,,,Contact College,,,AICTE Official Institutional Disclosures,2021,,,,,,,,,,,,,,,,https://www.aicte-india.org,False,Medium,False
1-44641987565,UNIVERSITY DEPARTMENT OF COMMERCE AND BUSINESS ADMINISTRATION,NOT APPLICABLE,State Government University,Government,Bihar,Darbhanga,DARBHANGA,"PRABANDHAN BHAWAN, KAMESHWARANAGAR,",,,,AICTE Approved,Post Graduate,Mba(Business Management),60,,,,,,,,,,,,,,Contact College,,,AICTE Official Institutional Disclosures,2021,,,,,,,,,,,,,,,,https://www.aicte-india.org,False,Medium,False
1-44771961763,OMKARA COLLEGE OF PROFESSIONAL EDUCATION,PATLIPUTRA UNIVERSITY,Private-Self Financing,Private,Bihar,Patna,PATNA,"MAHADEV ASTHAN NEAR BYPASS THANA,PATNA CITY",,,,AICTE Approved,Post Graduate; Under Graduate,Bba; Bca; Mba (Agricultural Export And Business Management); Mba (Financial Management); Mba (Human Resource Development And Management); Mba (Marketing Management); Mca,480,,,,,,,,,,,,,,Contact College,,,AICTE Official Institutional Disclosures,2021,,,,,,,,,,,,,,,,https://www.aicte-india.org,False,Medium,False
1-44644731539,KAMLESHWARI PRASAD COLLEGE,"Bhupendra Narayan Mandal University, Madhepura",Government,Government,Bihar,Madhepura,MADHEPURA,K P COLLEGE MURLIGANJ N H 107,,,,AICTE Approved,Under Graduate,Bba; Bca,120,,,,,,,,,,,,,,Contact College,,,AICTE Official Institutional Disclosures,2021,,,,,,,,,,,,,,,,https://www.aicte-india.org,False,Medium,False
1-44643189049,ABC COLLEGE OF EDUCATION,PATLIPUTRA UNIVERSITY,State Private University,Private,Bihar,Patna,PATNA,"OPP MAULANA AZAD ENGINEERING COLLEGE, NEORA",,,,AICTE Approved,Post Graduate; Under Graduate,Bba; Bca; Mba; Mca,960,,,,,,,,,,,,,,Contact College,,,AICTE Official Institutional Disclosures,2021,,,,,,,,,,,,,,,,https://www.aicte-india.org,False,Medium,False
1-44793344338,BIHERS INSTITUTE OF MANAGEMENT SCIENCE,"Aryabhatta Knowledge University, Patna",Private-Self Financing,Private,Bihar,Bhagalpur,BHAGALPUR,"NAWAB KOTHI,REKABGANJ,URDU BAZAR ROAD,",,,,AICTE Approved,Under Graduate,Bba; Bca,180,,,,,,,,,,,,,,Contact College,,,AICTE Official Institutional Disclosures,2021,,,,,,,,,,,,,,,,https://www.aicte-india.org,False,Medium,False
1-44638782368,K K UNIVERSITY,NOT APPLICABLE,State Private University,Private,Bihar,Nalanda,NALANDA,"AT BERAUTI, POST- NEPURA, PS-DEEPNAGAR, BIHARSHARIF ,NALANDA, BIHAR-803115",,,,AICTE Approved,Diploma; Post Graduate,Civil Engineering; Electrical Engineering; Masters In Computer Applications; Mba; Mechanical Engineering,300,,,,,,,,,,,,,,Contact College,,,AICTE Official Institutional Disclosures,2021,,,,,,,,,,,,,,,,https://www.aicte-india.org,False,Medium,False
1-44753866603,PATLIPUTRA INSTITUTE OF MANAGEMENT AND TECHNOLOGY,"State Board of Technical Education, Patna",Private-Self Financing,Private,Bihar,Patna,PATNA,"SHAHPUR, DANAPUR CANNT",,,,AICTE Approved,Diploma; Post Graduate,Artificial Intelligence (Ai); Civil Engineering; Computer Science & Engineering; Electrical Engineering; Mba (Finance); Mba (Human Resource Management); Mba (Marketing Management); Mechanical Engineering,720,,,,,,,,,,,,,,Contact College,,,AICTE Official Institutional Disclosures,2021,,,,,,,,,,,,,,,,https://www.aicte-india.org,False,Medium,False
1-45196793887,MAITREE GROUP OF INSTITUTIONS,"Aryabhatta Knowledge University, Patna",Private-Self Financing,Private,Bihar,Patna,PATNA,"KANTI FACTORY ROAD, KANKARBAGH, PATNA",,,,AICTE Approved,Under Graduate,Bba; Bca,240,,,,,,,,,,,,,,Contact College,,,AICTE Official Institutional Disclosures,2021,,,,,,,,,,,,,,,,https://www.aicte-india.org,False,Medium,False
1-44638220187,GOVERNMENT ENGINEERING COLLEGE SHEOHAR,"BIHAR ENGINEERING UNIVERSITY, PATNA",Government,Government,Bihar,Sheohar,SHEOHAR,"TEMPORARY CAMPUS, GOVERNMENT POLYTECHNIC SHEOHAR,POST - CHAMAMPUR, P.S - PIPARAHI DISTRICT - SHEOHAR(843329), BIHAR",,,,AICTE Approved,Under Graduate,Civil Engineering; Civil Engineering With Computer Application; Computer Science And Engineering (Data Science); Electrical Engineering; Electronics And Communication Engineering; Mechanical Engineering,360,,,,,,,,,,,,,,Contact College,,,AICTE Official Institutional Disclosures,2021,,,,,,,,,,,,,,,,https://www.aicte-india.org,False,Medium,False
1-44638124016,GOVERNMENT ENGINEERING COLLEGE MADHUBANI,Bihar Engineering University,Government,Government,Bihar,Madhubani,MADHUBANI,"GOVERNMENT ENGINEERING COLLEGE, MADHUBANI; AT- SAGARPUR, PANDAUL, PS- SAKRI, PO- PANDAUL",,,,AICTE Approved,Under Graduate,Civil Engineering; Computer Science And Engineering; Computer Science And Engineering (Iot); Electrical Engineering; Mechanical Engineering,360,,,,,,,,,,,,,,Contact College,,,AICTE Official Institutional Disclosures,2021,,,,,,,,,,,,,,,,https://www.aicte-india.org,False,Medium,False
1-44790834675,AWADH BIHARI SINGH MAHAVIDHALAYA,"Babasaheb Bhimrao Ambedkar Bihar University, Muzaffarpur",Govt aided,Government,Bihar,Vaishali,VAISHALI,"JAGANNATH BASANT, P.0. - LALGANJ",,,,AICTE Approved,Under Graduate,Bca,50,,,,,,,,,,,,,,Contact College,,,AICTE Official Institutional Disclosures,2021,,,,,,,,,,,,,,,,https://www.aicte-india.org,False,Medium,False
1-44643102175,"MUZAFFARPUR INSTITUTE OF TECHNOLOGY, MUZAFFARPUR",Bihar Engineering University,Government,Government,Bihar,Muzaffarpur,MUZAFFARPUR,PRINCIPAL MUZAFFARPUR INSTITUTE OF TECHNOLOGY MUZAFFARPUR AT LAKSHMI CHOWCK PO MIT MUZAFFARPUR BIHAR MUZAFFARPUR-842003,,,,AICTE Approved,Post Graduate; Under Graduate,Advanced Electronics And Communication Engineering; Biomedical And Robotic Engineering; Chemical Engineering; Chemical Technology (Leather Technology); Civil Engineering; Computer Science And Engineering; Electrical Energy Systems; Electrical Engineering; Electronics & Communication Engg; Geotechnical Engineering,600,,,,,,,,,,,,,,Contact College,,,AICTE Official Institutional Disclosures,2021,,,,,,,,,,,,,,,,https://www.aicte-india.org,False,Medium,False
1-44638377325,GOVERNMENT ENGINEERING COLLEGE ARWAL,Bihar Engineering University,Government,Government,Bihar,Gaya,GAYA,"GOVERNMENT ENGINEERING COLLEGE ARWAL, PATNA AURANGABAD ROAD, AT MEHANDIA MARKET, KOYAL BHUPAT ROAD AT SHIVPUR VILLAGE, PO- USARI, PS- MEHANDIA, BLOCK - KALER, ARWAL, BIHAR-804428",,,,AICTE Approved,Under Graduate,Civil Engineering; Computer Science And Engineering; Computer Science And Engineering (Data Science); Electrical Engineering; Mechanical Engineering; Robotics And Automation,360,,,,,,,,,,,,,,Contact College,,,AICTE Official Institutional Disclosures,2021,,,,,,,,,,,,,,,,https://www.aicte-india.org,False,Medium,False
1-44644380034,EXALT COLLEGE OF ENGINEERING AND TECHNOLOGY,"Aryabhatta Knowledge University, Patna",Private-Self Financing,Private,Bihar,Vaishali,VAISHALI,VILL  KANHAULI,,,,AICTE Approved,Under Graduate,Bba; Bca,720,,,,,,,,,,,,,,Contact College,,,AICTE Official Institutional Disclosures,2021,,,,,,,,,,,,,,,,https://www.aicte-india.org,False,Medium,False
1-44643801421,S N S VIDYAPEETH,"Aryabhatta Knowledge University, Patna, Bihar",Private-Self Financing,Private,Bihar,East Champaran,EAST CHAMPARAN,"AT RAGHUNATHPUR, MOTIHARI, EAST CHAMPARAN, BIHAR",,,,AICTE Approved,Under Graduate,Bba; Bca,240,,,,,,,,,,,,,,Contact College,,,AICTE Official Institutional Disclosures,2021,,,,,,,,,,,,,,,,https://www.aicte-india.org,False,Medium,False
1-44671747692,ANOOPLAL YADAV COLLEGE,"Bhupendra Narayan Mandal University, Madhepura",Govt aided,Government,Bihar,Supaul,SUPAUL,"TRIVENIGANJ,NEAR MAVESI HAAT",,,,AICTE Approved,Under Graduate,Bba; Bca,120,,,,,,,,,,,,,,Contact College,,,AICTE Official Institutional Disclosures,2021,,,,,,,,,,,,,,,,https://www.aicte-india.org,False,Medium,False
1-44642525114,AMBEDKAR INSTITUTE OF HIGHER EDUCATION,"Aryabhatta Knowledge University, Patna",Private-Self Financing,Private,Bihar,Patna,PATNA,"CHHITNAWA, DANAPUR, PATNA 801503",,,,AICTE Approved,Post Graduate,Mba,120,,,,,,,,,,,,,,Contact College,,,AICTE Official Institutional Disclosures,2021,,,,,,,,,,,,,,,,https://www.aicte-india.org,False,Medium,False
1-44923827148,K. S. COLLEGE OF PROFESSIONAL EDUCATION,"Maulana Mazharul Haque Arabic and Persian University, Bihar",Private-Self Financing,Private,Bihar,Patna,PATNA,"PLOT NO. 821, 830, 831, BEHIND NEORA THANA, NEORA, DANAPUR, PATNA",,,,AICTE Approved,Under Graduate,Bba; Bca,120,,,,,,,,,,,,,,Contact College,,,AICTE Official Institutional Disclosures,2021,,,,,,,,,,,,,,,,https://www.aicte-india.org,False,Medium,False
1-44638527070,MILLIA KISHANGANJ COLLEGE OF ENGINEERING & TECHNOLOGY,"Bihar Engineering University, Patna",Private-Self Financing,Private,Bihar,Kishanganj,KISHANGANJ,VERIADANGI,,,,AICTE Approved,Under Graduate,Bba; Bca; Civil Engineering; Computer Science And Engineering; Electrical Engineering; Electronics And Communication Engineering; Mechanical Engineering,420,,,,,,,,,,,,,,Contact College,,,AICTE Official Institutional Disclosures,2021,,,,,,,,,,,,,,,,https://www.aicte-india.org,False,Medium,False
1-44643207278,MAMTA INSTITUTE OF EDUCATION,"Aryabhatta Knowledge University, Patna",Private-Self Financing,Private,Bihar,Siwan,SIWAN,CHINTAMANPUR DARAUNDHA SIWAN,,,,AICTE Approved,Diploma; Post Graduate,Artificial Intelligence (Ai); Civil Engineering; Electrical Engineering; Mba; Mechanical Engineering,420,,,,,,,,,,,,,,Contact College,,,AICTE Official Institutional Disclosures,2021,,,,,,,,,,,,,,,,https://www.aicte-india.org,False,Medium,False
1-44644186371,THAKUR PRASAD SINGH COLLEGE,PATLIPUTRA UNIVERSITY,Government,Government,Bihar,Patna,PATNA,"NEAR BAIDYANATH BHAWAN, CHIRAIYATAND, PATNA",,,,AICTE Approved,Under Graduate,Bba; Bca,240,,,,,,,,,,,,,,Contact College,,,AICTE Official Institutional Disclosures,2021,,,,,,,,,,,,,,,,https://www.aicte-india.org,False,Medium,False
1-44644185215,SARDAR VALLABH BHAI PATEL COLLEGE,"Veer Kunwar Singh University, Arrah",Government,Government,Bihar,Kaimur,KAIMUR,"S.V.P COLLEGE,WARD NO-05",,,,AICTE Approved,Under Graduate,Bca,60,,,,,,,,,,,,,,Contact College,,,AICTE Official Institutional Disclosures,2021,,,,,,,,,,,,,,,,https://www.aicte-india.org,False,Medium,False
1-44645000729,PURNEA COLLEGE,"Purnea University, Purnia",Government,Government,Bihar,Purnia,PURNIA,"PURNEA COLLEGE, PURNIA",,,,AICTE Approved,Under Graduate,Bba; Bca,180,,,,,,,,,,,,,,Contact College,,,AICTE Official Institutional Disclosures,2021,,,,,,,,,,,,,,,,https://www.aicte-india.org,False,Medium,False
1-45240670853,PAASM BUSINESS COLLEGE,"Aryabhatta Knowledge University, Patna",Private-Self Financing,Private,Bihar,Rohtas,ROHTAS,SHIV SAGAR,,,,AICTE Approved,Under Graduate,Bba; Bca,240,,,,,,,,,,,,,,Contact College,,,AICTE Official Institutional Disclosures,2021,,,,,,,,,,,,,,,,https://www.aicte-india.org,False,Medium,False
1-44671767449,BIHAT MANAGEMENT AND DEGREE COLLEGE,Maulana Mazharul Haque Arabic and Persian University,Private-Self Financing,Private,Bihar,Begusarai,BEGUSARAI,"AT &PO-BIHAT ,TOLA-ASRAHPUR, PS-BARAUNI, DIST-BEGUSARAI-851135",,,,AICTE Approved,Under Graduate,Bca,120,,,,,,,,,,,,,,Contact College,,,AICTE Official Institutional Disclosures,2021,,,,,,,,,,,,,,,,https://www.aicte-india.org,False,Medium,False
1-44793393364,PATNA GLOBAL BUSINESS COLLEGE,PATLIPUTRA UNIVERSITY,Private-Self Financing,Private,Bihar,Patna,PATNA,"SH1, PALAKI , GAURICHAK",,,,AICTE Approved,Under Graduate,Bba; Bca,360,,,,,,,,,,,,,,Contact College,,,AICTE Official Institutional Disclosures,2021,,,,,,,,,,,,,,,,https://www.aicte-india.org,False,Medium,False
1-44791236993,MAHILA SHILP KALA BHAWAN COLLEGE,"Babasaheb Bhimrao Ambedkar Bihar University, Muzaffarpur",Government,Government,Bihar,Muzaffarpur,MUZAFFARPUR,BANARAS BANK CHOWK MUZAFFARPUR  BIHAR  -842001,,,,AICTE Approved,Under Graduate,Bba,100,,,,,,,,,,,,,,Contact College,,,AICTE Official Institutional Disclosures,2021,,,,,,,,,,,,,,,,https://www.aicte-india.org,False,Medium,False
1-44645010733,K B JHA COLLEGE, PURNEA UNIVERSITY PURNIA,Government,Government,Bihar,Katihar,KATIHAR,NEAR- K B JHA COLLEGE BHAGWAN CHOWK KATIHAR,,,,AICTE Approved,Under Graduate,Bba; Bca,80,,,,,,,,,,,,,,Contact College,,,AICTE Official Institutional Disclosures,2021,,,,,,,,,,,,,,,,https://www.aicte-india.org,False,Medium,False
1-44638462874,"SERSHAH ENGINEERING COLLEGE, SASARAM","Bihar Engineering University, Patna",Government,Government,Bihar,Rohtas,ROHTAS,"SERSHAH ENGINEERING COLLEGE,SASARAM , VILL+POST - BARKI KHARARI, POLICE STATION - KARGAHAR, NEAR BY BARKI KHARARI NEW PANCHAYAT BHAWAN,SASARAM, DIST- ROHTAS(BIHAR), PIN - 821113",,,,AICTE Approved,Under Graduate,Civil Engineering; Computer Science And Technology; Electrical And Electronics Engineering; Electronics Engineering (Vlsi Design And Technology); Mechanical Engineering; Mining Engineering,360,,,,,,,,,,,,,,Contact College,,,AICTE Official Institutional Disclosures,2021,,,,,,,,,,,,,,,,https://www.aicte-india.org,False,Medium,False
1-44644364660,KURMA SANSKRITI INSTITUTE OF TECHNOLOGY AND MANAGEMENT,"Aryabhatta Knowledge University, Patna",Private-Self Financing,Private,Bihar,Jehanabad,JEHANABAD,KURMA,,,,AICTE Approved,Under Graduate,Bba; Bca,300,,,,,,,,,,,,,,Contact College,,,AICTE Official Institutional Disclosures,2021,,,,,,,,,,,,,,,,https://www.aicte-india.org,False,Medium,False
1-44643830090,DR. RANJEET KUMAR PRAKASH COLLEGE,"Babasaheb Bhimrao Ambedkar Bihar University, Muzaffarpur",Private-Self Financing,Private,Bihar,Vaishali,VAISHALI,HAJIPUR,,,,AICTE Approved,Post Graduate; Under Graduate,Bba; Bca; Bms; Mba,1260,,,,,,,,,,,,,,Contact College,,,AICTE Official Institutional Disclosures,2021,,,,,,,,,,,,,,,,https://www.aicte-india.org,False,Medium,False
1-45316651315,ST JOSEPHS BUSINESS COLLEGE,"Aryabhatta Knowledge University, Patna",Private-Self Financing,Private,Bihar,Patna,PATNA,"BUDHHIJEEVI COLONY, 70 FEET ROAD, PO- SARISTABAD, PS- BEUR",,,,AICTE Approved,Under Graduate,Bba; Bca,240,,,,,,,,,,,,,,Contact College,,,AICTE Official Institutional Disclosures,2021,,,,,,,,,,,,,,,,https://www.aicte-india.org,False,Medium,False
1-44757191898,R. L. INSTITUTE OF MANAGEMENT AND TECHNOLOGY,"Aryabhatta Knowledge University, Patna",Private-Self Financing,Private,Bihar,West Champaran,WEST CHAMPARAN,"AT: NEAR PIPRA CHOWK, NH- 727, BETTIAH, MOTIHARI ROAD, WEST CHAMPARAN",,,,AICTE Approved,Under Graduate,Bba; Bca,120,,,,,,,,,,,,,,Contact College,,,AICTE Official Institutional Disclosures,2021,,,,,,,,,,,,,,,,https://www.aicte-india.org,False,Medium,False
1-44645008541,SUNAINA INSTITUTE OF MANAGEMENT AND SCIENCE,"Tilka Manjhi Bhagalpur University, Bhagalpur",Private-Self Financing,Private,Bihar,Lakhisarai,LAKHISARAI,"VIDYAPITH CHOWK, BARAHIYA ROAD, PURANI BAZAR,  PO/PS-LAKHISARAI, DISTRICT:-LAKHISARAI, PIN:-811311",,,,AICTE Approved,Under Graduate,Bba; Bca,240,,,,,,,,,,,,,,Contact College,,,AICTE Official Institutional Disclosures,2021,,,,,,,,,,,,,,,,https://www.aicte-india.org,False,Medium,False
1-44644604242,KRISHNA INSTITUTE OF IT AND MANAGEMENT,"Aryabhatta Knowledge University, Patna",Private-Self Financing,Private,Bihar,Samastipur,SAMASTIPUR,"AT-SINGHIA KHURD, P.O.-SINGHIA KHURD, P.S.-KARPOORIGRAM, DIST.-SAMASTIPUR-848113",,,,AICTE Approved,Under Graduate,Bba; Bca; Bms,240,,,,,,,,,,,,,,Contact College,,,AICTE Official Institutional Disclosures,2021,,,,,,,,,,,,,,,,https://www.aicte-india.org,False,Medium,False
1-44645040381,RAMJYOTI KAMESHWAR COLLEGE OF PROFESSIONAL EDUCATIONN,"Babasaheb Bhimrao Ambedkar Bihar University, Muzaffarpur",Private-Self Financing,Private,Bihar,Muzaffarpur,MUZAFFARPUR,VPO-SHIVDAHA BARAIL PS-GAY GHAT,,,,AICTE Approved,Under Graduate,Bba; Bca,240,,,,,,,,,,,,,,Contact College,,,AICTE Official Institutional Disclosures,2021,,,,,,,,,,,,,,,,https://www.aicte-india.org,False,Medium,False
1-44638689423,GOVERNMENT ENGINEERING COLLEGE GOPALGANJ,Bihar Engineering University Patna,Government,Government,Bihar,Gopalganj,GOPALGANJ,"GOVERNMENT ENGINEERING COLLEGE GOPALGANJ, AT- TOLA SIPAYA, PS- BISHMBHARPUR, KUCHAIKOT, DIST- GOPALGANJ",,,,AICTE Approved,Under Graduate,Aeronautical Engineering; Civil Engineering; Computer Science And Engineering (Artificial Intelligence); Computer Science And Engineering (Internet Of Things And Cyber Security Including Block Chain Techno; Electrical Engineering; Electronics Engineering (Vlsi Design And Technology); Mechanical Engineering,360,,,,,,,,,,,,,,Contact College,,,AICTE Official Institutional Disclosures,2021,,,,,,,,,,,,,,,,https://www.aicte-india.org,False,Medium,False
1-44639448838,"DR.S.S. BHATNAGAR UNIVERSITY INSTITUTE OF CHEMICAL ENGG. & TECH., PANJAB UNIVERSITY, CHANDIGARH.",NOT APPLICABLE,State Government University,Government,Chandigarh,Chandigarh,CHANDIGARH,"PANJAB UNIVERSITY, SECTOR 14",,,,AICTE Approved,Post Graduate; Under Graduate,Chemical Engineering; Food Technology; Polymer Engineering,120,,,,,,,,,,,,,,Contact College,,,AICTE Official Institutional Disclosures,2021,,,,,,,,,,,,,,,,https://www.aicte-india.org,False,Medium,False
1-44645072170,MEHR CHAND MAHAJAN DAV COLLEGE FOR WOMEN,"Panjab University, Chandigarh",Govt aided,Government,Chandigarh,Chandigarh,CHANDIGARH,SECTOR 36-A,,,,AICTE Approved,Under Graduate,Bba; Bca,120,,,,,,,,,,,,,,Contact College,,,AICTE Official Institutional Disclosures,2021,,,,,,,,,,,,,,,,https://www.aicte-india.org,False,Medium,False
1-44645079645,POST GRADUATE GOVERNMENT COLLEGE FOR GIRLS SECTOR 11 CHANDIGARH,"Panjab University, Chandigarh",Government,Government,Chandigarh,Chandigarh,CHANDIGARH,POST GRADUATE GOVERNMENT COLLEGE FOR GIRLS SECTOR 11C CHANDIGARH,,,,AICTE Approved,Under Graduate,Bca,120,,,,,,,,,,,,,,Contact College,,,AICTE Official Institutional Disclosures,2021,,,,,,,,,,,,,,,,https://www.aicte-india.org,False,Medium,False
1-44671777738,SRI GURU GOBIND SINGH COLLEGE,"Panjab University, Chandigarh",Govt aided,Government,Chandigarh,Chandigarh,CHANDIGARH,"SECTOR 26, CHANDIGARH",,,,AICTE Approved,Under Graduate,Bba,120,,,,,,,,,,,,,,Contact College,,,AICTE Official Institutional Disclosures,2021,,,,,,,,,,,,,,,,https://www.aicte-india.org,False,Medium,False
1-44671773596,SRI GURU GOBIND SINGH COLLEGE,"Panjab University, Chandigarh",Govt aided,Government,Chandigarh,Chandigarh,CHANDIGARH,SECTOR-26,,,,AICTE Approved,Under Graduate,Bca,120,,,,,,,,,,,,,,Contact College,,,AICTE Official Institutional Disclosures,2021,,,,,,,,,,,,,,,,https://www.aicte-india.org,False,Medium,False
1-44671777368,DAV COLLEGE,"Panjab University, Chandigarh",Govt aided,Government,Chandigarh,Chandigarh,CHANDIGARH,SECTOR 10,,,,AICTE Approved,Under Graduate,Bba; Bca,280,,,,,,,,,,,,,,Contact College,,,AICTE Official Institutional Disclosures,2021,,,,,,,,,,,,,,,,https://www.aicte-india.org,False,Medium,False
1-44671750761,GURU GOBIND SINGH COLLEGE FOR WOMEN,"Panjab University, Chandigarh",Govt aided,Government,Chandigarh,Chandigarh,CHANDIGARH,"SECTOR-26, CHANDIGARH",,,,AICTE Approved,Under Graduate,Bca,40,,,,,,,,,,,,,,Contact College,,,AICTE Official Institutional Disclosures,2021,,,,,,,,,,,,,,,,https://www.aicte-india.org,False,Medium,False
1-44641999112,CHANDIGARH COLLEGE OF ENGINEERING AND TECHNOLOGY,"Panjab University, Chandigarh",Government,Government,Chandigarh,Chandigarh,CHANDIGARH,CHANDIGARH COLLEGE OF ENGINEERING AND TECHNOLOGY SECTOR-26 CHANDIGARH-160019 WWW.CCET.AC.IN,,,,AICTE Approved,Post Graduate; Under Graduate,Civil Engineering; Computer Science And Engineering; Electronics & Communication Engg; Mechanical Engineering,249,,,,,,,,,,,,,,Contact College,,,AICTE Official Institutional Disclosures,2021,,,,,,,,,,,,,,,,https://www.aicte-india.org,False,Medium,False
1-44645410380,REGIONAL INSTITUTE OF COOPERATIVE MANAGEMENT,NOT APPLICABLE,Govt aided,Government,Chandigarh,Chandigarh,CHANDIGARH,"SECTOR 32-C, CHANDIGARH",,,,AICTE Approved,Post Graduate Diploma; Under Graduate,Bba; Pgdm(Agri Business Management),70,,,,,,,,,,,,,,Contact College,,,AICTE Official Institutional Disclosures,2021,,,,,,,,,,,,,,,,https://www.aicte-india.org,False,Medium,False
1-44638372371,SVKMS NMIMS DEEMED TO BE UNIVERSITY,NOT APPLICABLE,Deemed to be University(Pvt),Private,Chandigarh,Chandigarh,CHANDIGARH,PLOT NO5 OPP BOTANICAL GARDEN SARANGPUR CHANDIGARH,,,,AICTE Approved,Under Graduate,Bba; Computer Engineering; Computer Science And Engineering (Data Science),660,,,,,,,,,,,,,,Contact College,,,AICTE Official Institutional Disclosures,2021,,,,,,,,,,,,,,,,https://www.aicte-india.org,False,Medium,False
1-44671751131,DEV SAMAJ COLLEGE FOR WOMEN CHANDIGARH,"Panjab University, Chandigarh",Govt aided,Government,Chandigarh,Chandigarh,CHANDIGARH,"SECTOR 45-B, CHANDIGARH",,,,AICTE Approved,Under Graduate,Bba; Bca,140,,,,,,,,,,,,,,Contact College,,,AICTE Official Institutional Disclosures,2021,,,,,,,,,,,,,,,,https://www.aicte-india.org,False,Medium,False
1-44643078973,NATIONAL INSTITUTE OF TECHNICAL TEACHERS TRAINING & RESEARCH,NITTTR Chandigarh,Deemed to be University(Govt),Government,Chandigarh,Chandigarh,CHANDIGARH,"NATIONAL INSTITUTE OF TECHNICAL TEACHERS TRAINING & RESEARCH, SECTOR Ã¢â¬â 26, CHANDIGARH Ã¢â¬â 160 019 (FULLY FINANCED BY DEPARTMENT OF HIGHER EDUCATION, MINISTRY OF EDUCATION, GOVT. OF INDIA)",,,,AICTE Approved,Post Graduate; Under Graduate,Civil Engineering; Civil Engineering (Construction Technology And Management); Computer Science And Engineering; Electrical Engg (Instrumentation & Control); Electronics & Communication Engg; Electronics And Communication Engineering (Vlsi Design); Mechanical Engg (Manufacturing Technology); Mechanical Engineering,150,,,,,,,,,,,,,,Contact College,,,AICTE Official Institutional Disclosures,2021,,,,,,,,,,,,,,,,https://www.aicte-india.org,False,Medium,False
1-44642104461,UNIVERSITY INSTITUTE OF ENGINEERING AND TECHNOLOGY,NOT APPLICABLE,State Government University,Government,Chandigarh,Chandigarh,CHANDIGARH,"UNIVERSITY INSTITUTE OF ENGINEERING AND TECHNOLOGY SOUTH CAMPUS, SECTOR 25, PANJAB UNIVERSITY, CHANDIGARH.",,,,AICTE Approved,Post Graduate; Under Graduate,Biotechnology; Computer Science & Engineering; Electrical And Electronics Engineering; Electronics & Communication Engg; Information Technology; Mechanical Engineering; Micro Electronics,684,,,,,,,,,,,,,,Contact College,,,AICTE Official Institutional Disclosures,2021,,,,,,,,,,,,,,,,https://www.aicte-india.org,False,Medium,False
1-44644413586,POST GRADUATE GOVERNMENT COLLEGE,"Panjab University, Chandigarh",Government,Government,Chandigarh,Chandigarh,CHANDIGARH,"POST GRADUATE GOVERNMENT COLLEGE, SECTOR-11, CHANDIGARH SECTOR-11, CHANDIGARH",,,,AICTE Approved,Under Graduate,Bba; Bca,240,,,,,,,,,,,,,,Contact College,,,AICTE Official Institutional Disclosures,2021,,,,,,,,,,,,,,,,https://www.aicte-india.org,False,Medium,False
1-44645079498,GOVERNMENT COLLEGE OF GOVERNMENT COLLEGE OF COMMERCE AND BUSINESS ADMINISTRATION,"Panjab University, Chandigarh",Government,Government,Chandigarh,Chandigarh,CHANDIGARH,SECTOR 50 CHANDIGARH,,,,AICTE Approved,Under Graduate,Bba; Bca,120,,,,,,,,,,,,,,Contact College,,,AICTE Official Institutional Disclosures,2021,,,,,,,,,,,,,,,,https://www.aicte-india.org,False,Medium,False
1-44645035722,GOSWAMI GANESH DUTTA SANATAN DHARMA COLLEGE,"Panjab University, Chandigarh",Govt aided,Government,Chandigarh,Chandigarh,CHANDIGARH,"SECTOR-32C, CHANDIGARH",,,,AICTE Approved,Under Graduate,Bba; Bca,360,,,,,,,,,,,,,,Contact College,,,AICTE Official Institutional Disclosures,2021,,,,,,,,,,,,,,,,https://www.aicte-india.org,False,Medium,False
1-44638390907,PUNJAB ENGINEERING COLLEGE DEEMED TO BE UNIVERSITY,NOT APPLICABLE,Deemed to be University(Govt),Government,Chandigarh,Chandigarh,CHANDIGARH,PEC UNIVERSITY OF TECHNOLOGY SECTOR 12 CHANDIGARH,,,,AICTE Approved,Post Graduate; Under Graduate,Aero Space Engineering; Civil Engineering; Computer Aided Design Manufacture And Engineering; Computer Science & Engineering; Computer Science And Engineering (Artificial Intelligence); Computer Science And Engineering (Data Science); Computer Science And Information Security; Design; Electrical Energy Systems; Electrical Engineering,1085,,,,,,,,,,,,,,Contact College,,,AICTE Official Institutional Disclosures,2021,,,,,,,,,,,,,,,,https://www.aicte-india.org,False,Medium,False
1-44644517486,POST GRADUATE GOVERNMENT COLLEGE SECTOR 46 CHANDIGARH,"Panjab University, Chandigarh",Government,Government,Chandigarh,Chandigarh,CHANDIGARH,POST GRADUATE GOVERNMENT COLLEGE SECTOR 46 CHANDIGARH,,,,AICTE Approved,Under Graduate,Bba; Bca,80,,,,,,,,,,,,,,Contact College,,,AICTE Official Institutional Disclosures,2021,,,,,,,,,,,,,,,,https://www.aicte-india.org,False,Medium,False
1-44643547622,GOVERNMENT COLLEGE OF ART,"Panjab University, Chandigarh",Government,Government,Chandigarh,Chandigarh,CHANDIGARH,SECTOR 10C,,,,AICTE Approved,Diploma; Post Graduate; Under Graduate,Fine Arts,112,,,,,,,,,,,,,,Contact College,,,AICTE Official Institutional Disclosures,2021,,,,,,,,,,,,,,,,https://www.aicte-india.org,False,Medium,False
1-44645072092,POST GRADUATE GOVERNMENT COLLEGE FOR GIRLS SECTOR 42 CHANDIGARH,"Panjab University, Chandigarh",Government,Government,Chandigarh,Chandigarh,CHANDIGARH,POST GRADUATE GOVERNMENT COLLEGE FOR GIRLS SECTOR 42 CHANDIGARH,,,,AICTE Approved,Under Graduate,Bca,120,,,,,,,,,,,,,,Contact College,,,AICTE Official Institutional Disclosures,2021,,,,,,,,,,,,,,,,https://www.aicte-india.org,False,Medium,False
1-44644668190,MOHAN LAL JAIN GOVERNMENT COLLEGE KHURSIPAR BHILAI,"HEMCHAND YADAV UNIVERSITY, DURG",Government,Government,Chhattisgarh,Durg,DURG,"BALA JI NAGAR ZONE-2, SECTOR-11 W.NO. 32, KHURSIPAR",,,,AICTE Approved,Under Graduate,Bca,50,,,,,,,,,,,,,,Contact College,,,AICTE Official Institutional Disclosures,2021,,,,,,,,,,,,,,,,https://www.aicte-india.org,False,Medium,False
1-44644441738,PRAGATI COLLEGE OF ART COMMERCE AND SCIENCE,"Pandit Ravishankar Shukla University, Raipur",Private-Self Financing,Private,Chhattisgarh,Raipur,RAIPUR,"PRAGATI SHIKSHA KENDRA, SEJBAHAR",,,,AICTE Approved,Under Graduate,Bba; Bca,120,,,,,,,,,,,,,,Contact College,,,AICTE Official Institutional Disclosures,2021,,,,,,,,,,,,,,,,https://www.aicte-india.org,False,Medium,False
1-44637279835,UNIVERSITY TEACHING DEPARTMENT CSVTU BHILAI,"Chhattisgarh Swami Vivekanand Technical University, Bhilai",State Government University,Government,Chhattisgarh,Durg,DURG,CHHATTISGARH SWAMI VIVEKANAND TECHNICAL UNIVERSITY BHILAI NEWAI NEWAI DISTRICT DURG CHHATTISGARH  INDIA,,,,AICTE Approved,Post Graduate; Under Graduate,Biomedical Engineering; Civil (Structural Engineering); Civil Engineering; Computer Science And Engineering (Artificial Intelligence); Computer Science And Engineering (Data Science); Energy And Environmental Engineering; Environment And Water Resource Engineering; Micro Electronics And Vlsi Design; Urban Planning,348,,,,,,,,,,,,,,Contact College,,,AICTE Official Institutional Disclosures,2021,,,,,,,,,,,,,,,,https://www.aicte-india.org,False,Medium,False
1-44644342597,MAHARAJA AGRASEN INTERNATIONAL COLLEGE,"Pandit Ravishankar Shukla University, Raipur",Private-Self Financing,Private,Chhattisgarh,Raipur,RAIPUR,"SHRI RAMNATH BHIMSEN MARG, SAMTA COLONY, RAIPUR",,,,AICTE Approved,Under Graduate,Bba; Bca,210,,,,,,,,,,,,,,Contact College,,,AICTE Official Institutional Disclosures,2021,,,,,,,,,,,,,,,,https://www.aicte-india.org,False,Medium,False
1-44644325881,SETH PHOOLCHAND AGRAWAL SMRITI MAHAVIDHYALAYA,"Pandit Ravishankar Shukla University, Raipur",Private-Self Financing,Private,Chhattisgarh,Raipur,RAIPUR,"GOBRA-NAWAPARA, MAIN ROAD NH130C DIST.-RAIPUR",,,,AICTE Approved,Under Graduate,Bba; Bca,80,,,,,,,,,,,,,,Contact College,,,AICTE Official Institutional Disclosures,2021,,,,,,,,,,,,,,,,https://www.aicte-india.org,False,Medium,False
1-44643452380,"S.O. S.  IN COMPUTER SCIENCE, PT. RAVISHANKAR SHUKLA UNIVERSITY, RAIPUR",Pt. Ravishankar Shukla University,Government,Government,Chhattisgarh,Raipur,RAIPUR,"SCHOOL OF STUDIES IN COMPUTER SCIENCE PT. RAVISHANKAR SHUKLA UNIVERSITY, G.E. ROAD, AMANAKA, RAIPUR 492010 CHHATTISGARH",,,,AICTE Approved,Post Graduate,Master Of Computer Applications,60,,,,,,,,,,,,,,Contact College,,,AICTE Official Institutional Disclosures,2021,,,,,,,,,,,,,,,,https://www.aicte-india.org,False,Medium,False
1-44644350857,CHOUKSEY COLLEGE OF SCIENCE AND COMMERCE,ATAL BIHARI VAJPAYEE UNIVERSITY,Private-Self Financing,Private,Chhattisgarh,Bilaspur,BILASPUR,"NH-49, MASTURI ROAD, LALKHADAN",,,,AICTE Approved,Under Graduate,Bba; Bca,80,,,,,,,,,,,,,,Contact College,,,AICTE Official Institutional Disclosures,2021,,,,,,,,,,,,,,,,https://www.aicte-india.org,False,Medium,False
1-44644211993,BHILAI NAIR SAMAJAM COLLEGE,HEMCHAND YADAV UNIVERSITY DURG,Private-Self Financing,Private,Chhattisgarh,Durg,DURG,BHILAI NAIR SAMAJAM COLLEGE STREET - 7 SECTOR - 8 BHILAI,,,,AICTE Approved,Under Graduate,Bca,30,,,,,,,,,,,,,,Contact College,,,AICTE Official Institutional Disclosures,2021,,,,,,,,,,,,,,,,https://www.aicte-india.org,False,Medium,False
1-44644207792,NETAJI SUBHAS COLLEGE,"Pandit Ravishankar Shukla University, Raipur",Private-Self Financing,Private,Chhattisgarh,Raipur,RAIPUR,"VILLAGE-BELBHATA TALUKA-ABHANPUR,DIST. - RAIPUR",,,,AICTE Approved,Under Graduate,Bca,30,,,,,,,,,,,,,,Contact College,,,AICTE Official Institutional Disclosures,2021,,,,,,,,,,,,,,,,https://www.aicte-india.org,False,Medium,False
1-44644901446,BHANUPRATAP DEO GOVT. PG COLLEGE KANKER,shahid mahendra karma university,Government,Government,Chhattisgarh,Kanker,KANKER,BHANUPRATAP DEO GOVT. PG COLLEGE KANKER,,,,AICTE Approved,Under Graduate,Bca,50,,,,,,,,,,,,,,Contact College,,,AICTE Official Institutional Disclosures,2021,,,,,,,,,,,,,,,,https://www.aicte-india.org,False,Medium,False
1-44645015534,SHRI AGRASEN KANYA MAHAVIDYALAYA,ATAL BIHARI VAJPAYEE UNIVERSITY,Private-Self Financing,Private,Chhattisgarh,Korba,KORBA,"DARRI ROAD, KORBA",,,,AICTE Approved,Under Graduate,Bca,50,,,,,,,,,,,,,,Contact College,,,AICTE Official Institutional Disclosures,2021,,,,,,,,,,,,,,,,https://www.aicte-india.org,False,Medium,False
1-44644141551,M. J. COLLEGE,Hemchand Yadav Vishwavidyalaya,Private-Self Financing,Private,Chhattisgarh,Durg,DURG,"KOHKA-JUNWANI ROAD, NEAR CSEB SUBSTATION, BHILAI, DISTT.-DURG, C. G. 490023",,,,AICTE Approved,Under Graduate,Bba; Bca,90,,,,,,,,,,,,,,Contact College,,,AICTE Official Institutional Disclosures,2021,,,,,,,,,,,,,,,,https://www.aicte-india.org,False,Medium,False
1-44644565840,SWAMI ATMANAND GOVT ENGLISH MEDIUM MODEL COLLEGE JAGDALPUR,"Shaheed Mahendra Karma Vishwavidyalaya, Bastar",Government,Government,Chhattisgarh,Bastar,BASTAR,KALIPUR DHARMPURA NO 02 JAGDALPUR,,,,AICTE Approved,Under Graduate,Bca,40,,,,,,,,,,,,,,Contact College,,,AICTE Official Institutional Disclosures,2021,,,,,,,,,,,,,,,,https://www.aicte-india.org,False,Medium,False
1-44643761385,CHHATTISGARH ENGINEERING COLLEGE,"Chhattisgarh Swami Vivekanand Technical University, Bhilai",Private-Self Financing,Private,Chhattisgarh,Durg,DURG,"BORSI-DHANORA ROAD, IN FRONT OF ST. XAVIER SCHOOL DHANORA DISTT: DURG,CG CHHATTISGARH 491001",,,,AICTE Approved,Diploma; Under Graduate,Civil Engineering; Computer Science & Engineering; Mechanical Engineering,285,,,,,,,,,,,,,,Contact College,,,AICTE Official Institutional Disclosures,2021,,,,,,,,,,,,,,,,https://www.aicte-india.org,False,Medium,False
1-44644876635,SIDDHARTH COLLEGE,ATAL BIHARI VAJPAYEE UNIVERSITY,Private-Self Financing,Private,Chhattisgarh,Bilaspur,BILASPUR,"HARDIKALA, BLOCK- BILHA",,,,AICTE Approved,Under Graduate,Bca,20,,,,,,,,,,,,,,Contact College,,,AICTE Official Institutional Disclosures,2021,,,,,,,,,,,,,,,,https://www.aicte-india.org,False,Medium,False
1-44644335075,GURUKUL MAHILA MAHAVIDYALAYA,"Pandit Ravishankar Shukla University, Raipur",Private-Self Financing,Private,Chhattisgarh,Raipur,RAIPUR,"GURUKUL COMPLEX ,KALIBADI ROAD,RAIPUR",,,,AICTE Approved,Under Graduate,Bca,30,,,,,,,,,,,,,,Contact College,,,AICTE Official Institutional Disclosures,2021,,,,,,,,,,,,,,,,https://www.aicte-india.org,False,Medium,False
1-44643749338,BHILAI INSTITUTE OF TECHNOLOGY,"Chhattisgarh Swami Vivekanand Technical University, Bhilai",Private-Self Financing,Private,Chhattisgarh,Durg,DURG,BHILAI HOUSE G. E. ROAD DURG,,,,AICTE Approved,Post Graduate; Under Graduate, Data Sciences; Civil Engineering; Computer Applications; Computer Science And Engineering; Computer Science And Engineering (Artificial Intelligence); Computer Science And Engineering (Data Science); Computer Science And Technology; Electric Vehicle Technology; Electrical And Electronics Engineering; Electrical Engineering,1038,,,,,,,,,,,,,,Contact College,,,AICTE Official Institutional Disclosures,2021,,,,,,,,,,,,,,,,https://www.aicte-india.org,False,Medium,False
1-44644406881,PT. JAWAHAR LAL NEHRU MAHAVIDYALAY,ATAL BIHARI VAJPAYEE UNIVERSITY,Private-Self Financing,Private,Chhattisgarh,Janjgir-Champa,JANJGIR-CHAMPA,KERA ROAD RACHHA BHATA,,,,AICTE Approved,Under Graduate,Bca,30,,,,,,,,,,,,,,Contact College,,,AICTE Official Institutional Disclosures,2021,,,,,,,,,,,,,,,,https://www.aicte-india.org,False,Medium,False
1-44644856911,SHRI RISHABH VIDYODAY MAHAVIDYALAYA,SHAHEED NAND KUMAR PATEL VISHWAVIDYALAYA RAIGARH,Private-Self Financing,Private,Chhattisgarh,Janjgir-Champa,JANJGIR-CHAMPA,"NEAR SONALIKA TRACTORS SHOW ROOM, PAMGARH ROAD, BANAHIL",,,,AICTE Approved,Under Graduate,Bca,60,,,,,,,,,,,,,,Contact College,,,AICTE Official Institutional Disclosures,2021,,,,,,,,,,,,,,,,https://www.aicte-india.org,False,Medium,False
1-44638084776,SCHOOL OF ENGINEERING OP JINDAL UNIVERSITY,NOT APPLICABLE,State Private University,Private,Chhattisgarh,Raigarh,RAIGARH,"OP JINDAL UNIVERSITY, OP JINDAL KNOWLEDGE PARK, PUNJIPATHRA, RAIGARH-496109 (C.G.)",,,,AICTE Approved,Post Graduate; Under Graduate,Civil Engineering; Computer Science & Engineering; Electrical Engineering; Manufacturing Technology And Automation; Material Science And Technology; Mba; Mechanical Engineering; Metallurgical And Materials Engineering; Metallurgy And Material Technology; Mining Engineering,612,,,,,,,,,,,,,,Contact College,,,AICTE Official Institutional Disclosures,2021,,,,,,,,,,,,,,,,https://www.aicte-india.org,False,Medium,False
1-44638758522,"VISHWAVIDYALAYA ENGINEERING COLLEGE, AMBIKAPUR (A CONSTITUENT COLLEGE OF CSVTU, BHILAI)",NOT APPLICABLE,State Government University,Government,Chhattisgarh,Surguja,SURGUJA,"VISHWAVIDYALAYA ENGINEERING COLLEGE, AMBIKAPUR, NEHRU NAGAR, DIGMA, AMBIKAPUR, DISTRICT- SURGUJA (C.G.)",,,,AICTE Approved,Post Graduate; Under Graduate,Civil Engineering; Computer Science & Engineering; Computer Technology And Applications; Electrical Engineering; Machine Design; Mechanical Engineering; Mining Engineering; Power System And Control; Structural Engineering,390,,,,,,,,,,,,,,Contact College,,,AICTE Official Institutional Disclosures,2021,,,,,,,,,,,,,,,,https://www.aicte-india.org,False,Medium,False
1-44640974654,SHRI SHANKARACHARYA INSTITUTE OF PROFESSIONAL MANAGEMENT & TECHNOLOGY,"Chhattisgarh Swami Vivekanand Technical University, Bhilai",Private-Self Financing,Private,Chhattisgarh,Raipur,RAIPUR,"SHRI SHANKARACHARYA INSTITUTE OF PROFESSIONAL MANAGEMENT & TECHNOLOGY, VILLAGE- MUJGAHAN, PO-SEJBAHAR, RAIPUR(C.G.) 492015",,,,AICTE Approved,Post Graduate; Under Graduate,"""Computer Science And Engineering (Artificial Intelligence )""; Artificial Intelligence And Machine Learning; Civil Engineering; Computer Science And Engineering; Computer Science And Engineering (Data Science); Computer Science And Engineering(Artificial Intelligence And Machine Learning); Electronics And Telecommunications Engineering; Information Technology; Mba; Mechanical Engineering",966,,,,,,,,,,,,,,Contact College,,,AICTE Official Institutional Disclosures,2021,,,,,,,,,,,,,,,,https://www.aicte-india.org,False,Medium,False
1-44644299416,KALYAN POST GRADUATE COLLEGE BHILAI NAGAR CHHATTISGARH,"HEMCHAND YADAV VISHWAVIDYALAYA, DURG",Govt aided,Government,Chhattisgarh,Durg,DURG,"KALYAN POST GRADUATE COLLEGE, BHILAI-5, SECTOR-7",,,,AICTE Approved,Under Graduate,Bba; Bca,90,,,,,,,,,,,,,,Contact College,,,AICTE Official Institutional Disclosures,2021,,,,,,,,,,,,,,,,https://www.aicte-india.org,False,Medium,False
1-44644480385,GOVT SWAMI ATMANAND PG COLLEGE NARAYANPUR CHHATTISGARH,Shaheed Mahendra Karma Vishwavidyalaya,Government,Government,Chhattisgarh,Bastar,BASTAR,GOVT SWAMI ATMANAND PG COLLEGE NARAYANPUR CHHATTISGARH,,,,AICTE Approved,Under Graduate,Bca,40,,,,,,,,,,,,,,Contact College,,,AICTE Official Institutional Disclosures,2021,,,,,,,,,,,,,,,,https://www.aicte-india.org,False,Medium,False
1-44644389662,D P VIPRA COLLEGE,ATAL BIHARI VAJPAYEE UNIVERSITY,Govt aided,Government,Chhattisgarh,Bilaspur,BILASPUR,"D. P. VIPRA COLLEGE OLD HIGH COURT ROAD, TKRAPARA",,,,AICTE Approved,Under Graduate,Bba; Bca,110,,,,,,,,,,,,,,Contact College,,,AICTE Official Institutional Disclosures,2021,,,,,,,,,,,,,,,,https://www.aicte-india.org,False,Medium,False
1-44644341962,CONFLUENCE COLLEGE OF HIGHER EDUCATION,"HEMCHAND YADAV UNIVERSITY, DURG",Private-Self Financing,Private,Chhattisgarh,Rajnandgaon,RAJNANDGAON,"NEAR ARUN TRACTORS, G.E. ROAD, PARRIKALA, RAJNANDGAON (C.G.) 491441",,,,AICTE Approved,Under Graduate,Bba; Bca,120,,,,,,,,,,,,,,Contact College,,,AICTE Official Institutional Disclosures,2021,,,,,,,,,,,,,,,,https://www.aicte-india.org,False,Medium,False
1-44645003612,CPM ARTS AND SCIENCE COLLEGE,SHAHEED NANDKUMAR PATEL VISHVAVIDYALAYA RAIGARH CHHATTISGRH INDIA,Private-Self Financing,Private,Chhattisgarh,Raigarh,RAIGARH,RAIPUR ROAD SARANGARH DISTRICT SARANGARH BILAIGARH C.G.,,,,AICTE Approved,Under Graduate,Bba; Bca,90,,,,,,,,,,,,,,Contact College,,,AICTE Official Institutional Disclosures,2021,,,,,,,,,,,,,,,,https://www.aicte-india.org,False,Medium,False
1-44644188156,CHRIST COLLEGE,Self,Private-Self Financing,Private,Chhattisgarh,Bastar,BASTAR,"DANTESHWARI WARD, GEEDOM ROAD, JAGDALPUR",,,,AICTE Approved,Under Graduate,Bba; Bca,90,,,,,,,,,,,,,,Contact College,,,AICTE Official Institutional Disclosures,2021,,,,,,,,,,,,,,,,https://www.aicte-india.org,False,Medium,False
1-44644350663,CENTURY CEMENT COLLEGE BAIKUNTH,"Pandit Ravishankar Shukla University, Raipur",Private-Self Financing,Private,Chhattisgarh,Raipur,RAIPUR,CENTURY CEMENT COLLEGE BAIKUNTH,,,,AICTE Approved,Under Graduate,Bca,60,,,,,,,,,,,,,,Contact College,,,AICTE Official Institutional Disclosures,2021,,,,,,,,,,,,,,,,https://www.aicte-india.org,False,Medium,False
1-44644204220,DISHA COLLEGE,"Pandit Ravishankar Shukla University, Raipur",Private-Self Financing,Private,Chhattisgarh,Raipur,RAIPUR,"DISHA PARK, BUILDING NO. 1, FIRST FLOOR, RAM NAGAR-KOTA MARG, RAIPUR",,,,AICTE Approved,Under Graduate,Bba; Bca,220,,,,,,,,,,,,,,Contact College,,,AICTE Official Institutional Disclosures,2021,,,,,,,,,,,,,,,,https://www.aicte-india.org,False,Medium,False
1-44644069958,UTTAM MEMORIAL COLLEGE,SHAHEED NANDKUMAR PATEL VISHWAVIDYALAYA RAIGARH,Private-Self Financing,Private,Chhattisgarh,Raigarh,RAIGARH,BESIDE KRISHI UPAJ MANDI PATELPALI RAIGARH,,,,AICTE Approved,Under Graduate,Bba; Bca,100,,,,,,,,,,,,,,Contact College,,,AICTE Official Institutional Disclosures,2021,,,,,,,,,,,,,,,,https://www.aicte-india.org,False,Medium,False
1-44644500010,GOVT. NAGARJUNA POST GRADUATE COLLEGE OF SCIENCE RAIPUR,"Pandit Ravishankar Shukla University, Raipur",Government,Government,Chhattisgarh,Raipur,RAIPUR,"IN FRONT OF NIT, G.E. ROAD RAIPUR",,,,AICTE Approved,Under Graduate,Bca,50,,,,,,,,,,,,,,Contact College,,,AICTE Official Institutional Disclosures,2021,,,,,,,,,,,,,,,,https://www.aicte-india.org,False,Medium,False
1-44643055392,YUGANTAR INSTITUTE OF TECHNOLOGY AND MANAGEMENT,"Chhattisgarh Swami Vivekanand Technical University, Bhilai",Private-Self Financing,Private,Chhattisgarh,Rajnandgaon,RAJNANDGAON,"G.E. ROAD, GRAM - THEKWA POST-SOMNI RAJNANDGAON-491441 CHHATTISGARH",,,,AICTE Approved,Under Graduate,Civil Engineering; Computer Science & Engineering; Electrical And Electronics Engineering; Mechanical Engineering,150,,,,,,,,,,,,,,Contact College,,,AICTE Official Institutional Disclosures,2021,,,,,,,,,,,,,,,,https://www.aicte-india.org,False,Medium,False
1-44644846357,MODERN COLLEGE OF MANAGEMENT AND INFORMATION TECHNOLOGY,ATAL BIHARI VAJPAYEE UNIVERSITY,Private-Self Financing,Private,Chhattisgarh,Korba,KORBA,"HOTEL BLUE DIAMOND ROAD, NEAR NEW BUS STAND, BEHIND TATA MOTORS, LALURAM COLONY TRANSPORT NAGAR,KORBA(C.G.)",,,,AICTE Approved,Under Graduate,Bba; Bca,100,,,,,,,,,,,,,,Contact College,,,AICTE Official Institutional Disclosures,2021,,,,,,,,,,,,,,,,https://www.aicte-india.org,False,Medium,False
1-44644973236,GOVERNMENT NAVIN COLLEGE HASOUD,SHAHEED NANDKUMAR PATEL VISHWAVIDLAYA RAIGARH,Government,Government,Chhattisgarh,Janjgir-Champa,JANJGIR-CHAMPA,"GOVERNMENT NAVIN COLLEGE HASOUD, JAIJAIPUR ROAD, DIST. SAKTI",,,,AICTE Approved,Under Graduate,Bca,30,,,,,,,,,,,,,,Contact College,,,AICTE Official Institutional Disclosures,2021,,,,,,,,,,,,,,,,https://www.aicte-india.org,False,Medium,False
1-44644509364,GOVERNMENT MATA SHABARI NAVEEN GIRLS PG COLLEGE BILASPUR CHHATTISGARH,ATAL BIHARI VAJPAYEE UNIVERSITY,Government,Government,Chhattisgarh,Bilaspur,BILASPUR,NEAR PATWARI PRASHIKSHAN KENDRA SEEPAT ROAD SARKANDA BILASPUR,,,,AICTE Approved,Under Graduate,Bca,40,,,,,,,,,,,,,,Contact College,,,AICTE Official Institutional Disclosures,2021,,,,,,,,,,,,,,,,https://www.aicte-india.org,False,Medium,False
1-44643043170,LAKHMI CHAND INSTITUTE OF TECHNOLOGY,"Chhattisgarh Swami Vivekanand Technical University, Bhilai",Private-Self Financing,Private,Chhattisgarh,Bilaspur,BILASPUR,"LAKHMI CHAND INSTITUTE OF TECHNOLOGY, VIDYASTHALI, VILLAGE: BODRI P.O:CHAKARBHATHA DISTT-BILASPUR(CHHATTISGARH) PIN-495220",,,,AICTE Approved,Post Graduate; Under Graduate,Civil Engineering; Computer Science And Engineering; Electrical Engineering; Electronics & Communication Engg; Environmental Engineering; Mba; Mechanical Engineering,426,,,,,,,,,,,,,,Contact College,,,AICTE Official Institutional Disclosures,2021,,,,,,,,,,,,,,,,https://www.aicte-india.org,False,Medium,False
1-44644212050,ST. VINCENT PALLOTTI COLLEGE,"Pandit Ravishankar Shukla University, Raipur",Private-Self Financing,Private,Chhattisgarh,Raipur,RAIPUR,"ST. VINCENT PALLOTTI COLLEGE, LODHI PARA, KAPA, RAIPUR (C.G)",,,,AICTE Approved,Under Graduate,Bba; Bca,90,,,,,,,,,,,,,,Contact College,,,AICTE Official Institutional Disclosures,2021,,,,,,,,,,,,,,,,https://www.aicte-india.org,False,Medium,False
1-45454055333,BIT COLLEGE OF COMMERCE SCIENCE MANAGEMENT AND ARTS,"Pandit Ravishankar Shukla University, Raipur",Private-Self Financing,Private,Chhattisgarh,Raipur,RAIPUR,"NH 30, ABHANPUR ROAD. BEHIND KENDRI RAILWAY STATION, NAVA RAIPUR",,,,AICTE Approved,Under Graduate,Bba; Bca,120,,,,,,,,,,,,,,Contact College,,,AICTE Official Institutional Disclosures,2021,,,,,,,,,,,,,,,,https://www.aicte-india.org,False,Medium,False
1-44643466364,"SCHOOL OF STUDIES OF ENGINEERING AND TECHNOLOGY, GURU GHASIDAS VISHWAVIDYALAYA, BILASPUR","Guru Ghasidas Vishwavidyalaya, Bilaspur",Central University,Government,Chhattisgarh,Bilaspur,BILASPUR,"INSTITUTE OF TECHNOLOGY,  GURU GHASIDAS VISHWAVIDYALAYA",,,,AICTE Approved,Post Graduate; Under Graduate,Animation And Vfx; Artificial Intelligence And Data Science; Cad/Cam-Robotics; Chemical Engineering; Civil Engineering; Civil Engineering - Structural Engineering; Computer Science And Engineering; Electrical Engineering; Electronics And Communication Engineering; Industrial And Production Engineering,807,,,,,,,,,,,,,,Contact College,,,AICTE Official Institutional Disclosures,2021,,,,,,,,,,,,,,,,https://www.aicte-india.org,False,Medium,False
1-44643429416,ANJANEYA UNIVERSITY,ANJANEYA UNIVERSITY,State Private University,Private,Chhattisgarh,Raipur,RAIPUR,"KNOWLEDGE VILAGE, NARADAHA",,,,AICTE Approved,Diploma; Post Graduate; Under Graduate,Civil Engineering; Computer Engineering; Computer Science And Engineering; Electrical And Electronics Engineering; Electrical Engineering; Electronics And Telecommunications Engineering; Mba; Mechanical Engineering,600,,,,,,,,,,,,,,Contact College,,,AICTE Official Institutional Disclosures,2021,,,,,,,,,,,,,,,,https://www.aicte-india.org,False,Medium,False
1-44643071173,RAIPUR INSTITUTE OF TECHNOLOGY,"Chhattisgarh Swami Vivekanand Technical University, Bhilai",Private-Self Financing,Private,Chhattisgarh,Raipur,RAIPUR,"NH - 06,  CHHATAUNA, MANDIR HASAUD RAIPUR CHHATTISGARH",,,,AICTE Approved,Post Graduate; Under Graduate,Biotechnology; Chemical Engineering; Civil Engineering; Computer Science & Engineering; Computer Science And Engineering (Artificial Intelligence And Machine Learning); Computer Science And Engineering (Artificial Intelligence); Computer Science And Engineering (Data Science); Electrical And Electronics Engineering; Environmental Engineering; Information Technology,810,,,,,,,,,,,,,,Contact College,,,AICTE Official Institutional Disclosures,2021,,,,,,,,,,,,,,,,https://www.aicte-india.org,False,Medium,False
1-44645062498,GOVT. MADAN LAL SHUKLA COLLEGE SEEPAT,ATAL BIHARI VAJPAYEE UNIVERSITY,Government,Government,Chhattisgarh,Bilaspur,BILASPUR,NAWADEEH CHOWCK,,,,AICTE Approved,Under Graduate,Bca,40,,,,,,,,,,,,,,Contact College,,,AICTE Official Institutional Disclosures,2021,,,,,,,,,,,,,,,,https://www.aicte-india.org,False,Medium,False
1-44638749669,CENTRAL INSTITUTE OF PETROCHEMICALS ENGINEERING & TECHNOLOGY (CIPET),"Chhattisgarh Swami Vivekanand Technical University, Bhilai",Government,Government,Chhattisgarh,Raipur,RAIPUR,"INDUSTRIAL AREA BHANPURI,BHANPURI",,,,AICTE Approved,Under Graduate,Plastics Engineering,60,,,,,,,,,,,,,,Contact College,,,AICTE Official Institutional Disclosures,2021,,,,,,,,,,,,,,,,https://www.aicte-india.org,False,Medium,False
1-44644752885,GRACIOUS COLLEGE OF EDUCATIOIN BELBHATA ABHANPUR RAIPUR CHHATTISGARH,"Pandit Ravishankar Shukla University, Raipur",Private-Self Financing,Private,Chhattisgarh,Raipur,RAIPUR,GRACIOUS COLLEGE OF EDUCATION BELBHATA ABHANPUR RAIPUR CHHATTISGARH,,,,AICTE Approved,Under Graduate,Bca,30,,,,,,,,,,,,,,Contact College,,,AICTE Official Institutional Disclosures,2021,,,,,,,,,,,,,,,,https://www.aicte-india.org,False,Medium,False
1-44645079264,GOVT. T.C.L. P.G. COLLEGE JANJGIR,SHAHEED NANDKUMAR PATEL VISHWAVIDYALAYA RAIGARH,Government,Government,Chhattisgarh,Janjgir-Champa,JANJGIR-CHAMPA,"KHOKHARABHATA, JANJGIR",,,,AICTE Approved,Under Graduate,Bca,60,,,,,,,,,,,,,,Contact College,,,AICTE Official Institutional Disclosures,2021,,,,,,,,,,,,,,,,https://www.aicte-india.org,False,Medium,False
1-44644353031,ST.THOMAS COLLEGE,Hemchand Yadav University,Private-Self Financing,Private,Chhattisgarh,Durg,DURG,"RUABANDHA, BHILAI ,DIST -DURG.C.G.",,,,AICTE Approved,Under Graduate,Bba; Bca,120,,,,,,,,,,,,,,Contact College,,,AICTE Official Institutional Disclosures,2021,,,,,,,,,,,,,,,,https://www.aicte-india.org,False,Medium,False
1-44645061535,DR BHANWAR SINGH PORTE ARTS SCIENCE AND COMMERCE COLLEGE GHARGHODA,shaheed Nand Kumar Patel University Raigarh,Private-Self Financing,Private,Chhattisgarh,Raigarh,RAIGARH,ROAD CHUHKIMAR GHARGHODA,,,,AICTE Approved,Under Graduate,Bca,25,,,,,,,,,,,,,,Contact College,,,AICTE Official Institutional Disclosures,2021,,,,,,,,,,,,,,,,https://www.aicte-india.org,False,Medium,False
1-44644817167,GOVT E RAGHAVENDRA RAO PG SCIENCE COLLEGE,ATAL BIHARI VAJPAYEE UNIVERSITY,Government,Government,Chhattisgarh,Bilaspur,BILASPUR,SEEPAT ROAD  SARKANDA,,,,AICTE Approved,Under Graduate,Bca,95,,,,,,,,,,,,,,Contact College,,,AICTE Official Institutional Disclosures,2021,,,,,,,,,,,,,,,,https://www.aicte-india.org,False,Medium,False
1-44644424464,DR. C. V. RAMAN UNIVERSITY,"Dr. C.V. Raman University, Bilaspur",State Private University,Private,Chhattisgarh,Bilaspur,BILASPUR,"KARGI ROAD KOTA, BILASPUR",,,,AICTE Approved,Under Graduate,Bba; Bca,160,,,,,,,,,,,,,,Contact College,,,AICTE Official Institutional Disclosures,2021,,,,,,,,,,,,,,,,https://www.aicte-india.org,False,Medium,False
1-44639616127,KRISHNA ENGINEERING COLLEGE,"Chhattisgarh Swami Vivekanand Technical University, Bhilai",Private-Self Financing,Private,Chhattisgarh,Durg,DURG,"KHAMHARIA,NEAR JUNWANI",,,,AICTE Approved,Under Graduate,Civil Engineering; Computer Science And Engineering; Electrical Engineering; Mechanical Engineering,240,,,,,,,,,,,,,,Contact College,,,AICTE Official Institutional Disclosures,2021,,,,,,,,,,,,,,,,https://www.aicte-india.org,False,Medium,False
1-44644188449,GOVERMENT JAMUNA PRASAD VERMA PG ARTS AND COMMERCE COLLEGE  BILASPUR,ATAL BIHARI VAJPAYEE UNIVERSITY BILASPUR,Government,Government,Chhattisgarh,Bilaspur,BILASPUR,RAIPUR ROAD JARAHABHATA,,,,AICTE Approved,Under Graduate,Bba,60,,,,,,,,,,,,,,Contact College,,,AICTE Official Institutional Disclosures,2021,,,,,,,,,,,,,,,,https://www.aicte-india.org,False,Medium,False
1-44641775217,INSITUTE OF TECHNOLOGY KORBA,"Chhattisgarh Swami Vivekanand Technical University, Bhilai",Private-Self Financing,Private,Chhattisgarh,Korba,KORBA,"BALCO URGA RING ROAD, VILL- JHAGARHA, RISDI KORBA (C.G.)",,,,AICTE Approved,Under Graduate,Civil Engineering; Computer Science And Engineering; Electrical And Electronics Engineering; Mechanical Engineering,150,,,,,,,,,,,,,,Contact College,,,AICTE Official Institutional Disclosures,2021,,,,,,,,,,,,,,,,https://www.aicte-india.org,False,Medium,False
1-44771119308,COLUMBIA COLLEGE OF SCIENCE AND COMMERCE,"Pandit Ravishankar Shukla University, Raipur",Private-Self Financing,Private,Chhattisgarh,Raipur,RAIPUR,"VILL-TEKARI, POST-MANDHAR, NEAR VIDHANSABHA, RAIPUR (C.G.)",,,,AICTE Approved,Under Graduate,Bba; Bca,120,,,,,,,,,,,,,,Contact College,,,AICTE Official Institutional Disclosures,2021,,,,,,,,,,,,,,,,https://www.aicte-india.org,False,Medium,False
1-44637295222,ATAL BIHARI VAJPAYEE VISHWAVIDYALAYA,NOT APPLICABLE,State Government University,Government,Chhattisgarh,Bilaspur,BILASPUR,"OPPOSITE KONI POLICE STATION, RATANPUR MARG, BILASPUR",,,,AICTE Approved,Post Graduate; Under Graduate,Hotel Management; Mba,90,,,,,,,,,,,,,,Contact College,,,AICTE Official Institutional Disclosures,2021,,,,,,,,,,,,,,,,https://www.aicte-india.org,False,Medium,False
1-44644196456,AGRASEN MAHAVIDYALAYA,"Pandit Ravishankar Shukla University, Raipur",Private-Self Financing,Private,Chhattisgarh,Raipur,RAIPUR,"JAITU SAO MATH PARISAR, PURANI BASTI RAIPUR",,,,AICTE Approved,Under Graduate,Bba; Bca,100,,,,,,,,,,,,,,Contact College,,,AICTE Official Institutional Disclosures,2021,,,,,,,,,,,,,,,,https://www.aicte-india.org,False,Medium,False
1-44644687170,SWAMI ATMANAND GOVT ENGLISH MEDIUM MODEL COLLEGE ATARI,"Pandit Ravishankar Shukla University, Raipur",Government,Government,Chhattisgarh,Raipur,RAIPUR,"WARD NO -01, VEER SAVARKAR NAGAR, ATARI, RAIPUR",,,,AICTE Approved,Under Graduate,Bca,50,,,,,,,,,,,,,,Contact College,,,AICTE Official Institutional Disclosures,2021,,,,,,,,,,,,,,,,https://www.aicte-india.org,False,Medium,False
1-44644218036,RITEE COLLEGE OF MANAGEMENT,"Pandit Ravishankar Shukla University, Raipur",Private-Self Financing,Private,Chhattisgarh,Raipur,RAIPUR,"DUMARTALAB, NEAR KAANGER VALLEY ACADEMY, BEHIND PRSU GYMNASIUM",,,,AICTE Approved,Under Graduate,Bba; Bca,180,,,,,,,,,,,,,,Contact College,,,AICTE Official Institutional Disclosures,2021,,,,,,,,,,,,,,,,https://www.aicte-india.org,False,Medium,False
1-44644344498,GOVT DIGVIJAY AUTONOMOUS PG COLLEGE RAJNANDGAON,Hemchand yadav university durg,Government,Government,Chhattisgarh,Rajnandgaon,RAJNANDGAON,GOVT DIGVIJAY AUTONOMOUS PG COLLEGE RAJNANDGAON KILLA PARA,,,,AICTE Approved,Under Graduate,Bca,60,,,,,,,,,,,,,,Contact College,,,AICTE Official Institutional Disclosures,2021,,,,,,,,,,,,,,,,https://www.aicte-india.org,False,Medium,False
1-44644201283,SHRI SHANKARACHARYA INSTITUTE OF PROFESSIONAL STUDIES,"Pandit Ravishankar Shukla University, Raipur",Private-Self Financing,Private,Chhattisgarh,Raipur,RAIPUR,"OLD DHAMTARI ROAD,PO SEJBAHAR",,,,AICTE Approved,Under Graduate,Bba; Bca,250,,,,,,,,,,,,,,Contact College,,,AICTE Official Institutional Disclosures,2021,,,,,,,,,,,,,,,,https://www.aicte-india.org,False,Medium,False
1-44644398199,VIVEKANAND MAHAVIDYALAYA,"pt. Ravishanker Shukla university ,raipur",Private-Self Financing,Private,Chhattisgarh,Raipur,RAIPUR,K K ROAD MOUDHAPARA,,,,AICTE Approved,Under Graduate,Bba; Bca,120,,,,,,,,,,,,,,Contact College,,,AICTE Official Institutional Disclosures,2021,,,,,,,,,,,,,,,,https://www.aicte-india.org,False,Medium,False
1-44644195843,GOVERNMENT KAKTIYA POST GRADUATE COLLEGE JAGDALPUR,"Shaheed Mahendra Karma Vishwavidyalaya, Bastar, Jagdalpur, Vhhattisgarh",Government,Government,Chhattisgarh,Bastar,BASTAR,DHARAMPURA NO.2 JAGDALPUR,,,,AICTE Approved,Under Graduate,Bca,40,,,,,,,,,,,,,,Contact College,,,AICTE Official Institutional Disclosures,2021,,,,,,,,,,,,,,,,https://www.aicte-india.org,False,Medium,False
1-44644382374,CENTRAL COLLEGE OF INFORMMATION TECHNOLOGY,"Pandit Ravishankar Shukla University, Raipur",Private-Self Financing,Private,Chhattisgarh,Raipur,RAIPUR,OPPOSITE LALGANGA MIDAS FAFADIH RAIPUR C.G.,,,,AICTE Approved,Under Graduate,Bba; Bca,80,,,,,,,,,,,,,,Contact College,,,AICTE Official Institutional Disclosures,2021,,,,,,,,,,,,,,,,https://www.aicte-india.org,False,Medium,False
1-44644910800,SHANTI DURGA COLLEGE MUDPAR,shaheed nandkumar patel vishwavidyalaya,Private-Self Financing,Private,Chhattisgarh,Janjgir-Champa,JANJGIR-CHAMPA,"VILL+POST, MUDPAR , BLOCK, SHIVRINARAYAN DIST JANJGIR CHAMPA PIN 495557",,,,AICTE Approved,Under Graduate,Bca,30,,,,,,,,,,,,,,Contact College,,,AICTE Official Institutional Disclosures,2021,,,,,,,,,,,,,,,,https://www.aicte-india.org,False,Medium,False
1-44643011066,INSTITUTE OF MANAGEMENT,NOT APPLICABLE,State Government University,Government,Chhattisgarh,Raipur,RAIPUR,INSTITUTE OF MANAGEMENT PT.RAVISHANKAR SHUKLA UNIVERSITY RAIPUR(C.G.) 492010,,,,AICTE Approved,Post Graduate,Mba,60,,,,,,,,,,,,,,Contact College,,,AICTE Official Institutional Disclosures,2021,,,,,,,,,,,,,,,,https://www.aicte-india.org,False,Medium,False
1-44643609519,"BHILAI INSTITUTE OF TECHNOLOGY,RAIPUR.","Chhattisgarh Swami Vivekanand Technical University, Bhilai",Private-Self Financing,Private,Chhattisgarh,Raipur,RAIPUR,"ON NATIONAL HIGHWAY 43, 5 KM.BEFORE ABHANPUR,VILLAGE KENDRI,NEW RAIPUR,RAIPUR.",,,,AICTE Approved,Diploma; Post Graduate; Under Graduate,Civil Engineering; Computer Science And Engineering; Computer Science And Engineering (Artificial Intelligence And Machine Learning); Electrical And Electronics Engineering; Electrical Engineering; Electronics And Computer Engineering; Industrial Safety; Mechanical Engineering; Mechanical Engineering (Industry Integrated),420,,,,,,,,,,,,,,Contact College,,,AICTE Official Institutional Disclosures,2021,,,,,,,,,,,,,,,,https://www.aicte-india.org,False,Medium,False
1-44637287570,DR. SHYAMA PRASAD MUKHERJEE INTERNATIONAL INSTITUTE OF INFORMATION TECHNOLOGY,NOT APPLICABLE,State Government University,Government,Chhattisgarh,Raipur,RAIPUR,"PLOT NO. 7, SECTOR 24, NEAR PURKHOTI MUKTANGAN , ATAL NAGAR Ã¢â¬â 493661 CHHATTISGARH",,,,AICTE Approved,Post Graduate; Under Graduate,Artificial Intelligence And Data Science; Computer Science & Engineering; Electronics And Communications Engineering,310,,,,,,,,,,,,,,Contact College,,,AICTE Official Institutional Disclosures,2021,,,,,,,,,,,,,,,,https://www.aicte-india.org,False,Medium,False
1-44642474086,RSR RUNGTA COLLEGE OF ENGINEERING & TECHNOLOGY,"Chhattisgarh Swami Vivekanand Technical University, Bhilai",Private-Self Financing,Private,Chhattisgarh,Durg,DURG,"RUNGTA EDUCATIONAL CAMPUS, KOHKA ROAD, KURUD,",,,,AICTE Approved,Diploma; Post Graduate; Under Graduate,Artificial Intelligence (Ai)  And Machine Learning; Artificial Intelligence And Machine Learning; Bba; Bca; Civil Engineering; Computer Science And Engineering; Computer Science And Engineering (Data Science); Computer Science And Engineering(Artificial Intelligence And Machine Learning); Electrical Engineering; Electronics And Telecommunications Engineering,1860,,,,,,,,,,,,,,Contact College,,,AICTE Official Institutional Disclosures,2021,,,,,,,,,,,,,,,,https://www.aicte-india.org,False,Medium,False
1-44642691027,SSR INSTITUTE OF MANAGEMENT & RESEARCH,"University of Pune, Pune",Private-Self Financing,Private,Dadra and Nagar Haveli,Dadra And Nagar Haveli,DADRA AND NAGAR HAVELI,"SSR INSTITUTE OF MANAGEMENT &RESEARCH SAYLI RD, SILVASSA - 396230, U.T.O F DADRA & NAGAR HAVELI.",,,,AICTE Approved,Post Graduate; Under Graduate,Bba; Mba,120,,,,,,,,,,,,,,Contact College,,,AICTE Official Institutional Disclosures,2021,,,,,,,,,,,,,,,,https://www.aicte-india.org,False,Medium,False
1-44644414433,SWARGEEYA SANJIBHAI RUPJIBHAI MEMORIAL TRUST'S SSR COLLEGE OF ARTS COMMERCE AND SCIENCE,"Savitribai Phule Pune University, Pune",Private-Self Financing,Private,Dadra and Nagar Haveli,Dadra And Nagar Haveli,DADRA AND NAGAR HAVELI,"PRINCIPAL, SSR COLLEGE OF ARTS, COMMERCE AND SCIENCE, SAYLI ROAD, SILVASSA, DADRA AND NAGAR HAVELI",,,,AICTE Approved,Under Graduate,Bba,120,,,,,,,,,,,,,,Contact College,,,AICTE Official Institutional Disclosures,2021,,,,,,,,,,,,,,,,https://www.aicte-india.org,False,Medium,False
1-44638518271,GOVERNMENT ENGINEERING COLLEGE DAMAN,"Gujarat Technological University, Ahmedabad",Government,Government,Daman and Diu,Daman,DAMAN,"VARKUND, MOTA FALIYA, NANI DAMAN",,,,AICTE Approved,Under Graduate,Biomedical Engineering; Civil Engineering; Computer Engineering; Electrical Engineering; Mechanical Engineering,300,,,,,,,,,,,,,,Contact College,,,AICTE Official Institutional Disclosures,2021,,,,,,,,,,,,,,,,https://www.aicte-india.org,False,Medium,False
1-44644204353,SHRINATHJI COLLEGE OF BUSINESS ADMINISTRATION,"Veer Narmad South Gujarat University, Surat",Private-Self Financing,Private,Daman and Diu,Daman,DAMAN,"69/1, VARKUND,VAPI DAMAN MAIN ROAD",,,,AICTE Approved,Under Graduate,Bba; Bca,240,,,,,,,,,,,,,,Contact College,,,AICTE Official Institutional Disclosures,2021,,,,,,,,,,,,,,,,https://www.aicte-india.org,False,Medium,False
1-44643849159,JAGANNATH INTERNATIONAL MANAGEMENT SCHOOL,"Guru Gobind Singh Indraprastha University, Delhi",Private-Self Financing,Private,Delhi,South Delhi,SOUTH DELHI,"JAGANNATH INTERNATIONAL MANAGEMENT SCHOOL, OCF, POCKET 9, SECTOR B, VASANT KUNJ, NEW DELHI",,,,AICTE Approved,Under Graduate,Bba; Bca,360,,,,,,,,,,,,,,Contact College,,,AICTE Official Institutional Disclosures,2021,,,,,,,,,,,,,,,,https://www.aicte-india.org,False,Medium,False
1-44642083141,BHARATI VIDYAPEETH'S COLLEGE OF ENGINEERING,"Guru Gobind Singh Indraprastha University, Delhi",Private-Self Financing,Private,Delhi,West Delhi,WEST DELHI,"A-4, PASCHIM VIHAR, ROHTAK ROAD, NEW DELHI - 110 063.",,,,AICTE Approved,Under Graduate,Computer Science & Engineering; Computer Science And Engineering (Artificial Intelligence And Machine Learning); Electrical And Electronics Engineering; Electronics And Communications Engineering; Information Technology; Instrumentation And Control Engineering,750,,,,,,,,,,,,,,Contact College,,,AICTE Official Institutional Disclosures,2021,,,,,,,,,,,,,,,,https://www.aicte-india.org,False,Medium,False
1-44643266082,NSUT EAST CAMPUS,NOT APPLICABLE,State Government University,Government,Delhi,East Delhi,EAST DELHI,"GEETA COLONY, DELHI - 110 031",,,,AICTE Approved,Post Graduate; Under Graduate,Advanced Materials Technology; Artificial Intelligence; Computer Science & Engineering; Computer Science And Engineering (Internet Of Things); Digital Communications; Electronics & Communication Engg; Information Security; Vlsi,369,,,,,,,,,,,,,,Contact College,,,AICTE Official Institutional Disclosures,2021,,,,,,,,,,,,,,,,https://www.aicte-india.org,False,Medium,False
1-44643691768,HMR INSTITUTE OF TECHNOLOGY AND MANAGEMENT,"Guru Gobind Singh Indraprastha University, Delhi",Private-Self Financing,Private,Delhi,North West Delhi,NORTH WEST DELHI,PLOT NO.370&364 HAMIDPUR,,,,AICTE Approved,Under Graduate,Artificial Intelligence (Ai)  And Data Science; Artificial Intelligence And Machine Learning; Computer Science And Engineering; Computer Science And Engineering (Artificial Intelligence And Machine Learning); Computer Science And Engineering (Artificial Intelligence); Computer Science And Engineering (Cyber Security); Computer Science And Engineering (Data Science); Computer Science And Technology; Information Technology,660,,,,,,,,,,,,,,Contact College,,,AICTE Official Institutional Disclosures,2021,,,,,,,,,,,,,,,,https://www.aicte-india.org,False,Medium,False
1-44638361541,MAHARAJA SURAJMAL INSTITUTE,"Guru Gobind Singh Indraprastha University, Delhi",Private-Self Financing,Private,Delhi,West Delhi,WEST DELHI,"C-4, JANAKPURI",,,,AICTE Approved,Post Graduate; Under Graduate,Bba; Bca; Mba,840,,,,,,,,,,,,,,Contact College,,,AICTE Official Institutional Disclosures,2021,,,,,,,,,,,,,,,,https://www.aicte-india.org,False,Medium,False
1-44644163210,SANT HARI DASS COLLEGE OF HIGHER EDUCATION,"Guru Gobind Singh Indraprastha University, Delhi",Private-Self Financing,Private,Delhi,South West Delhi,SOUTH WEST DELHI,"SANT HARIDASS COLLEGE OF HIGHER EDUCATION NEAR, AIRFORCE STATION, BANICAMP",,,,AICTE Approved,Under Graduate,Bba,60,,,,,,,,,,,,,,Contact College,,,AICTE Official Institutional Disclosures,2021,,,,,,,,,,,,,,,,https://www.aicte-india.org,False,Medium,False
1-44640230241,JAMIA HAMDARD DEEMED TO BE UNIVERSITY,NOT APPLICABLE,Deemed to be University(Govt),Government,Delhi,South Delhi,SOUTH DELHI,DEPARTMENT OF MANAGEMENT HAMDARD NAGAR NEW DELHI 110062,,,,AICTE Approved,Post Graduate; Under Graduate,Bba; Bms; Mba; Mba(Agri Business Management/ Entrepreneurship); Mba(General Management); Mba(Health Care Administration); Mba(International Business); Mba(Pharmaceutical Management),510,,,,,,,,,,,,,,Contact College,,,AICTE Official Institutional Disclosures,2021,,,,,,,,,,,,,,,,https://www.aicte-india.org,False,Medium,False
1-44792769483,INDIAN INSTITUTE OF PACKAGING DELHI,"Guru Gobind Singh Indraprastha University, Delhi",Government,Government,Delhi,East Delhi,EAST DELHI,"FUNCTIONAL INDUSTRIAL ESTATE, PLOT NO. 21, EAST DELHI-110092",,,,AICTE Approved,Under Graduate,Bms,60,,,,,,,,,,,,,,Contact College,,,AICTE Official Institutional Disclosures,2021,,,,,,,,,,,,,,,,https://www.aicte-india.org,False,Medium,False
1-44642087324,DR. AKHILESH DAS GUPTA INSTITUTE OF PROFESSIONAL STUDIES,"Guru Gobind Singh Indraprastha University, Delhi",Private-Self Financing,Private,Delhi,North West Delhi,NORTH WEST DELHI,"FC-26, SHASTRI PARK,",,,,AICTE Approved,Post Graduate; Under Graduate,Artificial Intelligence And Data Science; Artificial Intelligence And Machine Learning; Bba; Civil Engineering; Computer Science; Computer Science And Engineering; Computer Science And Technology; Electronics & Communication Engg; Information Technology; Mba,1560,,,,,,,,,,,,,,Contact College,,,AICTE Official Institutional Disclosures,2021,,,,,,,,,,,,,,,,https://www.aicte-india.org,False,Medium,False
1-44644203193,KAMAL INSTITUTE OF HIGHER EDUCATION AND ADVANCE TECHNOLOGY,"Guru Gobind Singh Indraprastha University, Delhi",Private-Self Financing,Private,Delhi,South West Delhi,SOUTH WEST DELHI,"K-1 EXTENSON, MOHAN GARDEN, NEW DELHI",,,,AICTE Approved,Under Graduate,Bba; Bca,210,,,,,,,,,,,,,,Contact College,,,AICTE Official Institutional Disclosures,2021,,,,,,,,,,,,,,,,https://www.aicte-india.org,False,Medium,False
1-44644349573,LINGAYAS LALITA DEVI INSTITUTE OF MANAGEMENT AND SCIENCES,"Guru Gobind Singh Indraprastha University, Delhi",Private-Self Financing,Private,Delhi,South Delhi,SOUTH DELHI,847-848 MANDI ROAD VILLAGE MANDI,,,,AICTE Approved,Under Graduate,Bba; Bca,225,,,,,,,,,,,,,,Contact College,,,AICTE Official Institutional Disclosures,2021,,,,,,,,,,,,,,,,https://www.aicte-india.org,False,Medium,False
1-44644140933,DELHI INSTITUTE OF SCIENCE AND TECHNOLOGY-DIST,"Guru Gobind Singh Indraprastha University, Delhi",Private-Self Financing,Private,Delhi,North West Delhi,NORTH WEST DELHI,"BEHIND LE GARDEN'S VICTORIAN PALACE, G.T. KARNAL ROAD, NANGLI POONA DELHI-110036",,,,AICTE Approved,Under Graduate,Bba; Computer Science And Engineering,210,,,,,,,,,,,,,,Contact College,,,AICTE Official Institutional Disclosures,2021,,,,,,,,,,,,,,,,https://www.aicte-india.org,False,Medium,False
1-44638395090,TERI SCHOOL OF ADVANCED STUDIES DEEMED TO BE UNIVERSITY,NOT APPLICABLE,Deemed to be University(Pvt),Private,Delhi,South West Delhi,SOUTH WEST DELHI,"10, INSTITUTIONAL AREA, VASANT KUNJ NEW DELHI",,,,AICTE Approved,Post Graduate; Under Graduate,Bba; Mba(Sustainability Management); Renewable Energy Engineering And Management,180,,,,,,,,,,,,,,Contact College,,,AICTE Official Institutional Disclosures,2021,,,,,,,,,,,,,,,,https://www.aicte-india.org,False,Medium,False
1-44642885974,BANARSIDAS CHANDIWALA INSTITUTE OF HOTEL MANAGAMENT & CATERING TECHNOLOGY,"Guru Gobind Singh Indraprastha University, Delhi",Private-Self Financing,Private,Delhi,New Delhi,NEW DELHI,"CHANDIWALA ESTATE MAA ANANDMAI MARG, KALKAJI NEW DELHI. (110019)",,,,AICTE Approved,Under Graduate,Hotel Management And Catering Technology,120,,,,,,,,,,,,,,Contact College,,,AICTE Official Institutional Disclosures,2021,,,,,,,,,,,,,,,,https://www.aicte-india.org,False,Medium,False
1-44640421263,INSTITUTE OF INFORMATION TECHNOLOGY & MANAGEMENT,"Guru Gobind Singh Indraprastha University, Delhi",Private-Self Financing,Private,Delhi,West Delhi,WEST DELHI,"D-29, INSTITUTIONAL AREA, JANAKPURI",,,,AICTE Approved,Post Graduate; Under Graduate,Bba; Bca; Mba; Mca,720,,,,,,,,,,,,,,Contact College,,,AICTE Official Institutional Disclosures,2021,,,,,,,,,,,,,,,,https://www.aicte-india.org,False,Medium,False
1-44643889031,DON BOSCO INSTITUTE OF TECHNOLOGY,"Guru Gobind Singh Indraprastha University, Delhi",Private-Self Financing,Private,Delhi,South Delhi,SOUTH DELHI,OKHLA ROAD (ADJACENT TO SUKHDEV VIHAR METRO STATION),,,,AICTE Approved,Post Graduate; Under Graduate,Bba; Bca; Mba; Mca,420,,,,,,,,,,,,,,Contact College,,,AICTE Official Institutional Disclosures,2021,,,,,,,,,,,,,,,,https://www.aicte-india.org,False,Medium,False
1-44643487065,IMI DELHI,NOT APPLICABLE,Private-Self Financing,Private,Delhi,South Delhi,SOUTH DELHI,B-10 QUTAB INSTITUTIONAL AREA TARA CRESCENT NEW DELHI-110016,,,,AICTE Approved,Fellowship; Post Graduate; Post Graduate Diploma,Fellow Program In Management; Pgdm; Pgdm(Banking And Financial Services); Pgdm(Human Resource Management),740,,,,,,,,,,,,,,Contact College,,,AICTE Official Institutional Disclosures,2021,,,,,,,,,,,,,,,,https://www.aicte-india.org,False,Medium,False
1-44640515081,DELHI INSTITUTE OF ADVANCED STUDIES,"Guru Gobind Singh Indraprastha University, Delhi",Private-Self Financing,Private,Delhi,North Delhi,NORTH DELHI,"PLOT NO 6, SECTOR 25, ROHINI",,,,AICTE Approved,Post Graduate; Under Graduate,Bba; Mba; Mba(Financial Management),200,,,,,,,,,,,,,,Contact College,,,AICTE Official Institutional Disclosures,2021,,,,,,,,,,,,,,,,https://www.aicte-india.org,False,Medium,False
1-44643945478,IDEAL INSTITUTE OF MANAGEMENT AND TECHNOLOGY,"Guru Gobind Singh Indraprastha University, Delhi",Private-Self Financing,Private,Delhi,East Delhi,EAST DELHI,PLOT NO. 16-X KARKARDOOMA INSTITUTIONAL AREA,,,,AICTE Approved,Under Graduate,Bba; Bca,210,,,,,,,,,,,,,,Contact College,,,AICTE Official Institutional Disclosures,2021,,,,,,,,,,,,,,,,https://www.aicte-india.org,False,Medium,False
1-44644839334,COMM IT CAREER ACADEMY,"Guru Gobind Singh Indraprastha University, Delhi",Private-Self Financing,Private,Delhi,South Delhi,SOUTH DELHI,"FC 31, AWADH BHAWAN, PRESS ENCLAVE ROAD, SHEIKH SARAI, PHASE II",,,,AICTE Approved,Under Graduate,Bba; Bca,110,,,,,,,,,,,,,,Contact College,,,AICTE Official Institutional Disclosures,2021,,,,,,,,,,,,,,,,https://www.aicte-india.org,False,Medium,False
1-44642305541,RUKMINI DEVI INSTITUTE OF ADVANCED STUDIES,"Guru Gobind Singh Indraprastha University, Delhi",Private-Self Financing,Private,Delhi,North West Delhi,NORTH WEST DELHI,"2A & 2B, PHASE-I, MADHUBAN CHOWK, ROHINI",,,,AICTE Approved,Post Graduate; Under Graduate,Bba; Mba,540,,,,,,,,,,,,,,Contact College,,,AICTE Official Institutional Disclosures,2021,,,,,,,,,,,,,,,,https://www.aicte-india.org,False,Medium,False
1-44643791902,FAIRFIELD INSTITUTE OF MANAGEMENT AND TECHNOLOGY,"Guru Gobind Singh Indraprastha University, Delhi",Private-Self Financing,Private,Delhi,South West Delhi,SOUTH WEST DELHI,"1037/1 FIMT INSTITUTIONAL CAMPUS, BIJWASAN ROAD KAPASHERA NEW DELHI",,,,AICTE Approved,Under Graduate,Artificial Intelligence And Machine Learning; Bba; Bca; Computer Science & Engineering; Electronics & Communication Engg; Information Technology,390,,,,,,,,,,,,,,Contact College,,,AICTE Official Institutional Disclosures,2021,,,,,,,,,,,,,,,,https://www.aicte-india.org,False,Medium,False
1-44644317937,SRI GURU TEGH BAHADUR INSTITUTE OF MANAGEMENT AND INFORMATION TECHNOLOGY,"Guru Gobind Singh Indraprastha University, Delhi",Private-Self Financing,Private,Delhi,North West Delhi,NORTH WEST DELHI,PLOT NO 24 ADJACENT TO GURDWARANANAK PIAO STATE BANK COLONY NEAR MODEL TOWN METRO STATION,,,,AICTE Approved,Under Graduate,Bba; Bca,600,,,,,,,,,,,,,,Contact College,,,AICTE Official Institutional Disclosures,2021,,,,,,,,,,,,,,,,https://www.aicte-india.org,False,Medium,False
1-44644033523,KALKA INSTITUTE FOR RESEARCH AND ADVANCED STUDIES,"Guru Gobind Singh Indraprastha University, Delhi",Private-Self Financing,Private,Delhi,South Delhi,SOUTH DELHI,"KPS CAMPUS, ALAKNANDA, NEW DELHI",,,,AICTE Approved,Under Graduate,Bca,60,,,,,,,,,,,,,,Contact College,,,AICTE Official Institutional Disclosures,2021,,,,,,,,,,,,,,,,https://www.aicte-india.org,False,Medium,False
1-44641321420,NETAJI SUBHAS UNIVERSITY OF TECHNOLOGY,NOT APPLICABLE,State Government University,Government,Delhi,South West Delhi,SOUTH WEST DELHI,"AZAD HIND FAUJ MARG, SECTOR-3, DWARKA, NEW DELHI-110078",,,,AICTE Approved,Post Graduate; Under Graduate,Biochemical Engineering; Bioinformatics; Biotechnology; Cad Cam; Computer Science & Engineering; Computer Science And Engineering; Computer Science And Engineering (Artificial Intelligence ); Computer Science And Engineering (Data Science); Electrical Engineering; Electronics And Communications Engineering,1572,,,,,,,,,,,,,,Contact College,,,AICTE Official Institutional Disclosures,2021,,,,,,,,,,,,,,,,https://www.aicte-india.org,False,Medium,False
1-44643617013,BHAGWAN PARSHURAM INSTITUTE OF TECHNOLOGY,"Guru Gobind Singh Indraprastha University, Delhi",Private-Self Financing,Private,Delhi,North Delhi,NORTH DELHI,"PSP AREA-4, SECTOR-17,(OPP. SEC-11), ROHINI, DELHI-110089",,,,AICTE Approved,Post Graduate; Under Graduate,Bba; Computer Science And Engineering; Computer Science And Engineering (Data Science); Electrical And Electronics Engineering; Electronics And Communications Engineering; Information Technology; Mba,780,,,,,,,,,,,,,,Contact College,,,AICTE Official Institutional Disclosures,2021,,,,,,,,,,,,,,,,https://www.aicte-india.org,False,Medium,False
1-44644076981,TRINITY INSTITUTE OF PROFESSIONAL STUDIES,"Guru Gobind Singh Indraprastha University, Delhi",Private-Self Financing,Private,Delhi,South West Delhi,SOUTH WEST DELHI,SECTOR-9 DWARKA INSTITUTIONAL AREA,,,,AICTE Approved,Under Graduate,Bba; Bca,360,,,,,,,,,,,,,,Contact College,,,AICTE Official Institutional Disclosures,2021,,,,,,,,,,,,,,,,https://www.aicte-india.org,False,Medium,False
1-44643587791,MAHARAJA SURAJMAL INSTITUTE OF TECHNOLOGY,"Guru Gobind Singh Indraprastha University, Delhi",Private-Self Financing,Private,Delhi,North West Delhi,NORTH WEST DELHI,MSIT C-4 JANAKPURI NEW DELHI- 110058,,,,AICTE Approved,Under Graduate,Computer Science & Engineering; Computer Science And Engineering; Electrical And Electronics Engineering; Electronics & Communication Engg; Information Technology,780,,,,,,,,,,,,,,Contact College,,,AICTE Official Institutional Disclosures,2021,,,,,,,,,,,,,,,,https://www.aicte-india.org,False,Medium,False
1-44641395251,BANARSIDAS CHANDIWALA INSTITUTE OF INFORMATION TECHNOLOGY,"Guru Gobind Singh Indraprastha University, Delhi",Private-Self Financing,Private,Delhi,South Delhi,SOUTH DELHI,CHANDIWALA ESTATE  MAA ANAND MAI MARG  KALKAJI NEW DELHI,,,,AICTE Approved,Post Graduate; Under Graduate,Bca; Masters In Computer Applications,120,,,,,,,,,,,,,,Contact College,,,AICTE Official Institutional Disclosures,2021,,,,,,,,,,,,,,,,https://www.aicte-india.org,False,Medium,False
1-44643833931,INSTITUTE OF INNOVATION IN TECHNOLOGY AND MANAGEMENT,"Guru Gobind Singh Indraprastha University, Delhi",Private-Self Financing,Private,Delhi,West Delhi,WEST DELHI,D-27 28 INSTITUTIONAL AREA JANAKPURI,,,,AICTE Approved,Under Graduate,Bba; Bca,600,,,,,,,,,,,,,,Contact College,,,AICTE Official Institutional Disclosures,2021,,,,,,,,,,,,,,,,https://www.aicte-india.org,False,Medium,False
1-44644888486,MBS COLLEGE,"Guru Gobind Singh Indraprastha University, Delhi",Private-Self Financing,Private,Delhi,South West Delhi,SOUTH WEST DELHI,SECTOR 9 PSP AREA,,,,AICTE Approved,Under Graduate,Bba; Bca,180,,,,,,,,,,,,,,Contact College,,,AICTE Official Institutional Disclosures,2021,,,,,,,,,,,,,,,,https://www.aicte-india.org,False,Medium,False
1-44642746160,BHARATI VIDYAPEETH'S INSTITUTE OF COMPUTER APPLICATIONS AND MANAGEMENT,"Guru Gobind Singh Indraprastha University, Delhi",Private-Self Financing,Private,Delhi,West Delhi,WEST DELHI,"A-4, PASCHIM VIHAR, ROHTAK ROAD, NEW DELHI",,,,AICTE Approved,Post Graduate,Masters In Computer Applications,120,,,,,,,,,,,,,,Contact College,,,AICTE Official Institutional Disclosures,2021,,,,,,,,,,,,,,,,https://www.aicte-india.org,False,Medium,False
1-44639580025,GURU TEGH BAHADUR 4TH CENTENARY ENGINEERING COLLEGE,"Guru Gobind Singh Indraprastha University, Delhi",Private-Self Financing,Private,Delhi,South Delhi,SOUTH DELHI,"GURU TEGH BAHADUR POLYTECHNIC INSTITUTE, G-8 AREA, RAJOURI GARDEN, NEW DELHI-110027",,,,AICTE Approved,Under Graduate,Computer Science And Engineering; Computer Science And Engineering (Artificial Intelligence And Machine Learning); Computer Science And Engineering (Data Science); Electronics And Communication Engineering; Information Technology,360,,,,,,,,,,,,,,Contact College,,,AICTE Official Institutional Disclosures,2021,,,,,,,,,,,,,,,,https://www.aicte-india.org,False,Medium,False
1-44641608568,COLLEGE OF ART,"University of Delhi, Delhi",Government,Government,Delhi,East Delhi,EAST DELHI,20-22 TILAK MARG,,,,AICTE Approved,Post Graduate; Under Graduate,Fine Arts,255,,,,,,,,,,,,,,Contact College,,,AICTE Official Institutional Disclosures,2021,,,,,,,,,,,,,,,,https://www.aicte-india.org,False,Medium,False
1-44642894027,TECNIA INSTITUTE OF ADVANCED STUDIES,"Guru Gobind Singh Indraprastha University, Delhi",Private-Self Financing,Private,Delhi,North West Delhi,NORTH WEST DELHI,3 PSP INSTITUTIONAL AREA MADHUBAN CHOWK ROHINI NEW DELHI,,,,AICTE Approved,Post Graduate; Under Graduate,Bba; Bca; Masters In Computer Applications; Mba,660,,,,,,,,,,,,,,Contact College,,,AICTE Official Institutional Disclosures,2021,,,,,,,,,,,,,,,,https://www.aicte-india.org,False,Medium,False
1-44636971034,INDIRA GANDHI DELHI TECHNICAL UNIVERSITY FOR WOMEN,NOT APPLICABLE,State Government University,Government,Delhi,Central Delhi,CENTRAL DELHI,"KASHMERE GATE, DELHI",,,,AICTE Approved,Post Graduate; Under Graduate,Artificial Intelligence And Data Science; Artificial Intelligence And Machine Learning; Computer Science & Engineering; Computer Science And Engineering (Artificial Intelligence ); Computer Science And Engineering (Artificial Intelligence); Cyber Security; Electronics And Communication Engineering; Electronics And Communication Engineering (Artificial Intelligence); Electronics And Communication(Vlsi Design); Information Technology,1375,,,,,,,,,,,,,,Contact College,,,AICTE Official Institutional Disclosures,2021,,,,,,,,,,,,,,,,https://www.aicte-india.org,False,Medium,False
1-44643854097,MAHARAJA AGRASEN INSTITUTE OF MANAGEMENT STUDIES,"Guru Gobind Singh Indraprastha University, Delhi",Private-Self Financing,Private,Delhi,North West Delhi,NORTH WEST DELHI,"MAHARAJA AGRASEN CHOWK, ROHINI SECTOR-22",,,,AICTE Approved,Under Graduate,Bba; Bca,480,,,,,,,,,,,,,,Contact College,,,AICTE Official Institutional Disclosures,2021,,,,,,,,,,,,,,,,https://www.aicte-india.org,False,Medium,False
1-44638297365,JAGAN INSTITUTE OF MANAGEMENT STUDIES,"Guru Gobind Singh Indraprastha University, Delhi",Private-Self Financing,Private,Delhi,North West Delhi,NORTH WEST DELHI,"3, INSTITUTIONAL AREA, SECTOR-5, ROHINI",,,,AICTE Approved,Fellowship; Post Graduate; Post Graduate Diploma; Under Graduate,Bba; Bca; Fellow Program In Management; Masters In Computer Applications; Pgdm; Pgdm (International Business); Pgdm (Retail Management),730,,,,,,,,,,,,,,Contact College,,,AICTE Official Institutional Disclosures,2021,,,,,,,,,,,,,,,,https://www.aicte-india.org,False,Medium,False
1-44643453540,GURU NANAK INSTITUTE OF MANAGEMENT,"Guru Gobind Singh Indraprastha University, Delhi",Private-Self Financing,Private,Delhi,West Delhi,WEST DELHI,"ROAD NO. 75, WEST PUNJABI BAGH",,,,AICTE Approved,Post Graduate,Masters In Computer Applications,90,,,,,,,,,,,,,,Contact College,,,AICTE Official Institutional Disclosures,2021,,,,,,,,,,,,,,,,https://www.aicte-india.org,False,Medium,False
1-44643860255,KASTURI RAM COLLEGE OF HIGHER EDUCATION,"Guru Gobind Singh Indraprastha University, Delhi",Private-Self Financing,Private,Delhi,North Delhi,NORTH DELHI,"KURENI MOD, NEAR NEW ANAJ MANDI, NARELA",,,,AICTE Approved,Under Graduate,Bba; Bca,160,,,,,,,,,,,,,,Contact College,,,AICTE Official Institutional Disclosures,2021,,,,,,,,,,,,,,,,https://www.aicte-india.org,False,Medium,False
1-44639659250,JAMIA MILLIA ISLAMIA (A CENTRAL UNIVERSITY),NOT APPLICABLE,Central University,Government,Delhi,South Delhi,SOUTH DELHI,"FACULTY OF ENGINEERING & TECHONOLOGY JAMIA MILLIA ISLAMIA MAULANA MOHAMMED ALI JAUHAR MARG JAMIA NAGAR, NEW DELHI-110025",,,,AICTE Approved,Post Graduate; Under Graduate,Civil Engineering; Computer Engineering; Computer Science And Engineering (Data Science); Control And Instrumentation; Earthquake Engineering; Electrical And Computer Engineering; Electrical Engineering; Electrical Power Systems; Electronics & Communication Engg; Electronics And Communcation Engineering,981,,,,,,,,,,,,,,Contact College,,,AICTE Official Institutional Disclosures,2021,,,,,,,,,,,,,,,,https://www.aicte-india.org,False,Medium,False
1-44643789953,BHARATIYA VIDYA BHAVAN,"Guru Gobind Singh Indraprastha University, Delhi",Private-Self Financing,Private,Delhi,New Delhi,NEW DELHI,KASTURBA GANDHI MARG,,,,AICTE Approved,Under Graduate,Bba; Bca,120,,,,,,,,,,,,,,Contact College,,,AICTE Official Institutional Disclosures,2021,,,,,,,,,,,,,,,,https://www.aicte-india.org,False,Medium,False
1-44641662658,JAGANNATH INTERNATIONAL MANAGEMENT SCHOOL,NOT APPLICABLE,Private-Self Financing,Private,Delhi,South Delhi,SOUTH DELHI,"MOR, POCKET-105, KALKAJI, NEW DELHI-110019",,,,AICTE Approved,Post Graduate Diploma; Under Graduate,Bba; Pgdm; Pgdm(International Business),300,,,,,,,,,,,,,,Contact College,,,AICTE Official Institutional Disclosures,2021,,,,,,,,,,,,,,,,https://www.aicte-india.org,False,Medium,False
1-44638922900,INDRAPRASTHA INSTITUTE OF INFORMATION TECHNOLOGY DELHI,NOT APPLICABLE,State Government University,Government,Delhi,South Delhi,SOUTH DELHI,"INDRAPRASTHA INSTITUTE OF INFORMATION TECHNOLOGY - DELHI (IIIT-DELHI) OKHLA INDUSTRIAL ESTATE,PHASE III (NEAR GOVIND PURI METRO STATION)",,,,AICTE Approved,Post Graduate; Under Graduate,Artificial Intelligence (Ai); Computational Biology; Computer Science And Applied Mathematics; Computer Science And Biosciences; Computer Science And Design; Computer Science And Engineering; Computer Science And Social Sciences; Electronics And Communications Engineering; Electronics Engineering (Vlsi Design And Technology),780,,,,,,,,,,,,,,Contact College,,,AICTE Official Institutional Disclosures,2021,,,,,,,,,,,,,,,,https://www.aicte-india.org,False,Medium,False
1-44638746300,DELHI PHARMACEUTICAL SCIENCES AND RESEARCH UNIVERSITY,NOT APPLICABLE,State Government University,Government,Delhi,South Delhi,SOUTH DELHI,"PUSHP VIHAR SECTOR-III, M.B. ROAD, NEW DELHI",,,,AICTE Approved,Post Graduate; Under Graduate,Bba; Mba (Health Care And Hospital Management); Mba (International Trade Management); Mba (Pharmaceutical Management ),130,,,,,,,,,,,,,,Contact College,,,AICTE Official Institutional Disclosures,2021,,,,,,,,,,,,,,,,https://www.aicte-india.org,False,Medium,False
1-44638902800,VIVEKANANDA INSTITUTE OF PROFESSIONAL STUDIES- TECHNICAL CAMPUS,"Guru Gobind Singh Indraprastha University, Delhi",Private-Self Financing,Private,Delhi,North Delhi,NORTH DELHI,"AU BLOCK (OUTER RING ROAD), PITAMPURA, DELHI- 110088",,,,AICTE Approved,Post Graduate; Under Graduate,Artificial Intelligence (Ai) And Data Science; Artificial Intelligence And Machine Learning; Bba; Bca; Computer Science And Applied Mathematics; Computer Science And Engineering; Computer Science And Engineering (Cyber Security); Electronics Engineering (Vlsi Design And Technology); Industrial Iot; Master Of Computer Applications,1740,,,,,,,,,,,,,,Contact College,,,AICTE Official Institutional Disclosures,2021,,,,,,,,,,,,,,,,https://www.aicte-india.org,False,Medium,False
1-44643541236,BANARSIDAS CHANDIWALA INSTITUTE OF PROFESSIONAL STUDIES,"Guru Gobind Singh Indraprastha University, Delhi",Private-Self Financing,Private,Delhi,North West Delhi,NORTH WEST DELHI,"PLOT NO 9, SECTOR 11, DWARKA, NEW DELHI  110075",,,,AICTE Approved,Post Graduate; Under Graduate,Bba; Mba,240,,,,,,,,,,,,,,Contact College,,,AICTE Official Institutional Disclosures,2021,,,,,,,,,,,,,,,,https://www.aicte-india.org,False,Medium,False
1-44642997069,"BHARATI VIDYAPEETH UNIVERSITY INSTITUTE OF MANAGEMENT AND RESEARCH, NEW DELHI",NOT APPLICABLE,Deemed to be University(Pvt),Private,Delhi,New Delhi,NEW DELHI,"A - 4, PASCHIM VIHAR, MAIN ROHTAK ROAD, NEAR ORDINANCE DEPOT, NEW DELHI - 110063",,,,AICTE Approved,Post Graduate; Under Graduate,Bba; Bca; Mba,660,,,,,,,,,,,,,,Contact College,,,AICTE Official Institutional Disclosures,2021,,,,,,,,,,,,,,,,https://www.aicte-india.org,False,Medium,False
1-44640584550,GITARATTAN INTERNATIONAL BUSINESS SCHOOL,"Guru Gobind Singh Indraprastha University, Delhi",Private-Self Financing,Private,Delhi,North West Delhi,NORTH WEST DELHI,"PSP 2A & 2B COMPLEX-II, MADHUBAN CHOWK, ROHINI",,,,AICTE Approved,Integrated; Post Graduate; Under Graduate,Bba; Bba/Mba; Mba; Mba(International Business),780,,,,,,,,,,,,,,Contact College,,,AICTE Official Institutional Disclosures,2021,,,,,,,,,,,,,,,,https://www.aicte-india.org,False,Medium,False
1-44639757485,NETAJI SUBHAS UNIVERSITY OF TECHNOLOGY WEST CAMPUS,Netaji Subhas University of Technology,State Government University,Government,Delhi,South West Delhi,SOUTH WEST DELHI,BEHIND RAO TULA RAM HOSPITAL JAFFARPUR DELHI-110073,,,,AICTE Approved,Post Graduate; Under Graduate,Civil Engineering; Geo Informatics; Mechanical Engineering; Structural Engineering,210,,,,,,,,,,,,,,Contact College,,,AICTE Official Institutional Disclosures,2021,,,,,,,,,,,,,,,,https://www.aicte-india.org,False,Medium,False
1-44641879420,MAHARAJA AGRASEN INSTITUTE OF TECHNOLOGY,"Guru Gobind Singh Indraprastha University, Delhi",Private-Self Financing,Private,Delhi,West Delhi,WEST DELHI,"AGRASEN CHOWK, PSP AREA, PLOT NO. - 1, SECTOR - 22, ROHINI",,,,AICTE Approved,Post Graduate; Under Graduate,Bba; Computer Science And Engineering; Computer Science And Engineering (Artificial Intelligence And Machine Learning); Computer Science And Engineering (Artificial Intelligence); Computer Science And Engineering (Data Science); Computer Science And Technology; Electrical And Electronics Engineering; Electronics And Communication(Advanced Communication Technology); Electronics And Communications Engineering; Electronics Engineering (Vlsi Design And Technology),1680,,,,,,,,,,,,,,Contact College,,,AICTE Official Institutional Disclosures,2021,,,,,,,,,,,,,,,,https://www.aicte-india.org,False,Medium,False
1-44643823340,DELHI SCHOOL OF PROFESSIONAL STUDIES AND RESEARCH,"Guru Gobind Singh Indraprastha University, Delhi",Private-Self Financing,Private,Delhi,North West Delhi,NORTH WEST DELHI,"9, INSTITUTIONAL AREA, SECTOR 25, ROHINI, DELHI, 110085",,,,AICTE Approved,Under Graduate,Bba; Bca,200,,,,,,,,,,,,,,Contact College,,,AICTE Official Institutional Disclosures,2021,,,,,,,,,,,,,,,,https://www.aicte-india.org,False,Medium,False
1-44644343279,INSTITUTE OF MARKETING AND MANAGEMENT BUSINESS SCHOOL,SELF,Private-Self Financing,Private,Delhi,South Delhi,SOUTH DELHI,"B-11, QUTAB INSTITUTIONAL AREA",,,,AICTE Approved,Under Graduate,Bba,120,,,,,,,,,,,,,,Contact College,,,AICTE Official Institutional Disclosures,2021,,,,,,,,,,,,,,,,https://www.aicte-india.org,False,Medium,False
1-44638940673,INDIAN INSTITUTE OF FOREIGN TRADE,"Indian Institute of Foreign Trade, New Delhi",Government,Government,Delhi,South Delhi,SOUTH DELHI,"B-21, QUTAB INSTITUTIONAL AREA",,,,AICTE Approved,Post Graduate; Post Graduate Certificate; Post Graduate Diploma,Executive Pgdm Online; Mba (Business Analytics); Mba (International Business); Mba(International Business) Online; Pgcm (Human Resource Management); Pgcm (International Business); Pgdm (Human Resource Development And Management); Pgdm (International Business),1360,,,,,,,,,,,,,,Contact College,,,AICTE Official Institutional Disclosures,2021,,,,,,,,,,,,,,,,https://www.aicte-india.org,False,Medium,False
1-44643798048,NEW DELHI INSTITUTE OF MANAGEMENT. DELHI,"Guru Gobind Singh Indraprastha University, Delhi",Private-Self Financing,Private,Delhi,South Delhi,SOUTH DELHI,"60-61, TUGHLAKABAD INSTITUIONAL AREA,",,,,AICTE Approved,Under Graduate,Bba; Bca,360,,,,,,,,,,,,,,Contact College,,,AICTE Official Institutional Disclosures,2021,,,,,,,,,,,,,,,,https://www.aicte-india.org,False,Medium,False
1-44644941764,CHANDERPRABHU JAIN COLLEGE OF HIGHER STUDIES AND SCHOOL OF LAW,"Guru Gobind Singh Indraprastha University, Delhi",Private-Self Financing,Private,Delhi,North West Delhi,NORTH WEST DELHI,"PLOT NO. OCF, SECTOR A-8",,,,AICTE Approved,Under Graduate,Bba; Bca,270,,,,,,,,,,,,,,Contact College,,,AICTE Official Institutional Disclosures,2021,,,,,,,,,,,,,,,,https://www.aicte-india.org,False,Medium,False
1-44643019565,GURU TEGH BAHADUR INSTITUTE OF TECHNOLOGY,"Guru Gobind Singh Indraprastha University, Delhi",Private-Self Financing,Private,Delhi,New Delhi,NEW DELHI,G - 8 AREA RAJOURI GARDEN,,,,AICTE Approved,Under Graduate,Computer Science And Engineering; Computer Science And Engineering (Artificial Intelligence And Machine Learning); Computer Science And Engineering (Data Science); Electronics And Communications Engineering; Information Technology,720,,,,,,,,,,,,,,Contact College,,,AICTE Official Institutional Disclosures,2021,,,,,,,,,,,,,,,,https://www.aicte-india.org,False,Medium,False
1-44644746203,SIRIFORT INSTITUTE OF MANAGEMENT STUDIES,"Guru Gobind Singh Indraprastha University, Delhi",Private-Self Financing,Private,Delhi,North Delhi,NORTH DELHI,"PLOT NO. 8, INSTITUTIONAL AREA, SECTOR-25, ROHINI, DELHI-110085",,,,AICTE Approved,Under Graduate,Bba; Bca,270,,,,,,,,,,,,,,Contact College,,,AICTE Official Institutional Disclosures,2021,,,,,,,,,,,,,,,,https://www.aicte-india.org,False,Medium,False
1-44644926562,INDIRA GANDHI DELHI TECHNICAL UNIVERSITY FOR WOMEN,"INDIRA GANDHI DELHI TECHNICAL UNIVERSITY FOR WOMEN, KASHMERE GATE, DELHI",State Government University,Government,Delhi,Central Delhi,CENTRAL DELHI,KASHMERE GATE,,,,AICTE Approved,Under Graduate,Bba,90,,,,,,,,,,,,,,Contact College,,,AICTE Official Institutional Disclosures,2021,,,,,,,,,,,,,,,,https://www.aicte-india.org,False,Medium,False
1-44639892925,MANAGEMENT EDUCATION AND RESEARCH INSTITUTE,"Guru Gobind Singh Indraprastha University, Delhi",Private-Self Financing,Private,Delhi,West Delhi,WEST DELHI,53-54 INSTITUTIONAL AREA JANAKPURI NEW DELHI,,,,AICTE Approved,Post Graduate; Under Graduate,Bba; Bca; Mba(General Management),600,,,,,,,,,,,,,,Contact College,,,AICTE Official Institutional Disclosures,2021,,,,,,,,,,,,,,,,https://www.aicte-india.org,False,Medium,False
1-44643917843,SATERI PISANI EDUCATION SOCIETYS SHRI GOPAL GAONKAR MEMORIAL GOA MULTI FACULTY COLLEGE,"Goa University, Goa",Govt aided,Government,Goa,South Goa,SOUTH GOA,"NH-4A, PONDA-BELGAUM ROAD, DAYANAND NAGAR, TAL.  DHARBANDORA",,,,AICTE Approved,Under Graduate,Bba; Bca,100,,,,,,,,,,,,,,Contact College,,,AICTE Official Institutional Disclosures,2021,,,,,,,,,,,,,,,,https://www.aicte-india.org,False,Medium,False
1-44644319152,FR. AGNEL COLLEGE OF ARTS AND COMMERCE,"Goa University, Goa",Private-Self Financing,Private,Goa,North Goa,NORTH GOA,PILAR GOA,,,,AICTE Approved,Under Graduate,Bca,50,,,,,,,,,,,,,,Contact College,,,AICTE Official Institutional Disclosures,2021,,,,,,,,,,,,,,,,https://www.aicte-india.org,False,Medium,False
1-44644966021,ST. XAVIER'S COLLEGE,"Goa University, Goa",Private-Self Financing,Private,Goa,North Goa,NORTH GOA,XAVIERNAGAR,,,,AICTE Approved,Under Graduate,Bba; Bca,126,,,,,,,,,,,,,,Contact College,,,AICTE Official Institutional Disclosures,2021,,,,,,,,,,,,,,,,https://www.aicte-india.org,False,Medium,False
1-44638941102,BIRLA INSTITUTE OF TECHNOLOGY AND SCIENCE PILANI K K BIRLA GOA CAMPUS,"Birla Institute of Technology & Science, Pilani",Deemed to be University(Pvt),Private,Goa,South Goa,SOUTH GOA,BITS PILANI K K BIRLA GOA CAMPUS NATIONAL HIGHWAY 17B BYPASS ROAD ZUARINAGAR,,,,AICTE Approved,Post Graduate; Under Graduate,Biotechnology; Chemical Engineering; Communication Engineering; Computer Science; Computer Science & Engineering; Design Engineering; Electrical And Electronics Engineering; Electronics And Communication Engineering; Electronics And Computer Engineering; Electronics And Instrumentation Engineering,1250,,,,,,,,,,,,,,Contact College,,,AICTE Official Institutional Disclosures,2021,,,,,,,,,,,,,,,,https://www.aicte-india.org,False,Medium,False
1-44641208691,DON BOSCO COLLEGE OF ENGINEERING,"Goa University, Goa",Private-Self Financing,Private,Goa,South Goa,SOUTH GOA,"DON BOSCO, FATORDA,",,,,AICTE Approved,Post Graduate; Under Graduate,Civil Engineering; Civil Engineering (Computer Aided Structural Engineering); Computer Engineering; Data Sciences; Electronics And Computer Science; Mechanical Engineering,306,,,,,,,,,,,,,,Contact College,,,AICTE Official Institutional Disclosures,2021,,,,,,,,,,,,,,,,https://www.aicte-india.org,False,Medium,False
1-44642850036,GOA COLLEGE OF ART,"Goa University, Goa",Government,Government,Goa,North Goa,NORTH GOA,"ALTINHO, PANAJI - GOA 403 001",,,,AICTE Approved,Post Graduate; Under Graduate,Fine Arts,90,,,,,,,,,,,,,,Contact College,,,AICTE Official Institutional Disclosures,2021,,,,,,,,,,,,,,,,https://www.aicte-india.org,False,Medium,False
1-44642724745,SHREE RAYESHWAR INSTITUTE OF ENGINEERING AND INFORMATION TECHNOLOY,"Goa University, Goa",Private-Self Financing,Private,Goa,North Goa,NORTH GOA,"SHIV SHAIL, KARAI, SHIRODA, GOA 403103",,,,AICTE Approved,Under Graduate,Computer Engineering; Electronics And Computer Engineering; Information Technology; Mechanical And Automation Engineering,240,,,,,,,,,,,,,,Contact College,,,AICTE Official Institutional Disclosures,2021,,,,,,,,,,,,,,,,https://www.aicte-india.org,False,Medium,False
1-44641643847,PADRE CONCEICAO COLLEGE OF ENGINEERING,"Goa University, Goa",Private-Self Financing,Private,Goa,South Goa,SOUTH GOA,"AGNEL GANV, VERNA, GOA - 403722",,,,AICTE Approved,Post Graduate; Under Graduate,Artificial Intelligence And Data Science; Computer Engineering; Computer Science And Engineering (Artificial Intelligence And Machine Learning); Electronics And Computer Engineering; Mechanical Engineering,318,,,,,,,,,,,,,,Contact College,,,AICTE Official Institutional Disclosures,2021,,,,,,,,,,,,,,,,https://www.aicte-india.org,False,Medium,False
1-44644181410,DNYANPRASSARAK MANDAL'S COLLEGE AND RESEARCH CENTRE,"Goa University, Goa",Govt aided,Government,Goa,North Goa,NORTH GOA,"ASSAGAO, BARDEZ",,,,AICTE Approved,Under Graduate,Bba; Bca,120,,,,,,,,,,,,,,Contact College,,,AICTE Official Institutional Disclosures,2021,,,,,,,,,,,,,,,,https://www.aicte-india.org,False,Medium,False
1-44639914645,AGNEL INSTITUTE OF TECHNOLOGY AND DESIGN,"Goa University, Goa",Private-Self Financing,Private,Goa,North Goa,NORTH GOA,"ASSAGAO, BARDEZ, GOA.",,,,AICTE Approved,Post Graduate; Under Graduate,Computer Engineering; Electronics And Computer Engineering; Mba; Mechanical And Automation Engineering,240,,,,,,,,,,,,,,Contact College,,,AICTE Official Institutional Disclosures,2021,,,,,,,,,,,,,,,,https://www.aicte-india.org,False,Medium,False
1-44776667237,SANT SOHIROBANATH AMBIYE GOVERNMENT COLLEGE OF ARTS AND COMMERCE,"Goa University, Goa",Government,Government,Goa,North Goa,NORTH GOA,VIRNODA PERNEM GOA,,,,AICTE Approved,Under Graduate,Bba,60,,,,,,,,,,,,,,Contact College,,,AICTE Official Institutional Disclosures,2021,,,,,,,,,,,,,,,,https://www.aicte-india.org,False,Medium,False
1-44644333370,GOA COLLEGE OF HOSPITALITY AND CULINARY EDUCATION,"Goa University, Goa",Private-Self Financing,Private,Goa,North Goa,NORTH GOA,CIDADE DE GOA VAINGUINIM BEACH,,,,AICTE Approved,Under Graduate,Bba,30,,,,,,,,,,,,,,Contact College,,,AICTE Official Institutional Disclosures,2021,,,,,,,,,,,,,,,,https://www.aicte-india.org,False,Medium,False
1-44643572001,GOA COLLEGE OF ENGINEERING (GOVERNMENT OF GOA),"Goa University, Goa",Government,Government,Goa,North Goa,NORTH GOA,"FARMAGUDI, PONDA-GOA PIN-403401",,,,AICTE Approved,Post Graduate; Under Graduate,Civil Engineering; Computer Engineering; Computer Science And Engineering(Artificial Intelligence And Machine Learning); Electrical And Electronics Engineering; Electronics And Telecommunication Engineering; Electronics Communication  And Instrumentation Engg; Electronics Engineering (Vlsi Design And Technology); Geotechnical Engineering; Industrial Automation And Robotics; Industrial Engineering,687,,,,,,,,,,,,,,Contact College,,,AICTE Official Institutional Disclosures,2021,,,,,,,,,,,,,,,,https://www.aicte-india.org,False,Medium,False
1-44644597945,SARASWAT EDUCATION SOCIETY'S SRIDORA CACULO COLLEGE OF COMMERCE AND MANAGEMENT STUDIES,"Goa University, Goa",Private-Self Financing,Private,Goa,North Goa,NORTH GOA,TELANG NAGAR KHORLIM MAPUSA,,,,AICTE Approved,Under Graduate,Bba; Bca,90,,,,,,,,,,,,,,Contact College,,,AICTE Official Institutional Disclosures,2021,,,,,,,,,,,,,,,,https://www.aicte-india.org,False,Medium,False
1-44644340458,VVM'S SHREE DAMODAR COLLEGE OF COMMERCE AND ECONOMICS,"Goa University, Goa",Govt aided,Government,Goa,South Goa,SOUTH GOA,"SHREE DAMODAR EDUCATIONAL CAMPUS, G. R. KARE ROAD, TANSOR, COMBA",,,,AICTE Approved,Under Graduate,Bba; Bca,220,,,,,,,,,,,,,,Contact College,,,AICTE Official Institutional Disclosures,2021,,,,,,,,,,,,,,,,https://www.aicte-india.org,False,Medium,False
1-44644074287,SRINIVASSA SINAI DEMPO COLLEGE (AUTONOMOUS),"Goa University, Goa",Private-Self Financing,Private,Goa,North Goa,NORTH GOA,"DEENDAYAL INTEGRATED SCHOOL COMPLEX, CUJIRA, BAMBOLIM-GOA",,,,AICTE Approved,Post Graduate Diploma; Under Graduate,Bba; Pgdm; Pgdm (Management),270,,,,,,,,,,,,,,Contact College,,,AICTE Official Institutional Disclosures,2021,,,,,,,,,,,,,,,,https://www.aicte-india.org,False,Medium,False
1-44644352782,ROSARY COLLEGE OF COMMERCE AND ARTS,"Goa University, Goa",Govt aided,Government,Goa,South Goa,SOUTH GOA,BUTICAS,,,,AICTE Approved,Under Graduate,Bba; Bca,240,,,,,,,,,,,,,,Contact College,,,AICTE Official Institutional Disclosures,2021,,,,,,,,,,,,,,,,https://www.aicte-india.org,False,Medium,False
1-44644336638,GOA VIDYAPRASARAK MANDAL'S GOPAL GOVIND POY RAITURCAR COLLEGE OF COMMERCE AND ECONOMICS,"Goa University, Goa",Govt aided,Government,Goa,North Goa,NORTH GOA,"P.B. NO. 102, FARMAGUDI, PONDA - GOA, 403-401",,,,AICTE Approved,Under Graduate,Bca,40,,,,,,,,,,,,,,Contact College,,,AICTE Official Institutional Disclosures,2021,,,,,,,,,,,,,,,,https://www.aicte-india.org,False,Medium,False
1-44644165255,MES VASANT JOSHI COLLEGE,"Goa University, Goa",Private-Self Financing,Private,Goa,South Goa,SOUTH GOA,MES COLLEGE ROAD ZUARINAGAR GOA,,,,AICTE Approved,Under Graduate,Bba; Bca,240,,,,,,,,,,,,,,Contact College,,,AICTE Official Institutional Disclosures,2021,,,,,,,,,,,,,,,,https://www.aicte-india.org,False,Medium,False
1-44642355580,CHHOTUBHAI GOPALBHAI PATEL INSTITUTE OF TECHNOLOGY,"UKA TARSADIA UNIVERSITY, BARDOLI",Private-Self Financing,Private,Gujarat,Surat,SURAT,"MALIBA CAMPUS, GOPAL VIDYNAGAR, BARDOLI-MAHUVA ROAD",,,,AICTE Approved,Diploma; Post Graduate; Under Graduate,Artificial Intelligence And Data Science; Automobile Engineering; Automobile Technology; Civil Engineering; Computer Engineering; Cyber Security; Electrical Engineering; Electronics & Communication Engg; Electronics Engineering; Information Technology,813,,,,,,,,,,,,,,Contact College,,,AICTE Official Institutional Disclosures,2021,,,,,,,,,,,,,,,,https://www.aicte-india.org,False,Medium,False
1-44644030764,C Z PATEL INSTITUTE OF BUSINESS AND MANAGEMENT,"The Charutar Vidya Mandal (CVM) University, Vallabh Vidyanagar",Private-Self Financing,Private,Gujarat,Anand,ANAND,"MOGRI GANA BYPASS ROAD, NEW VALLABH VIDYANAGAR",,,,AICTE Approved,Under Graduate,Bba,90,,,,,,,,,,,,,,Contact College,,,AICTE Official Institutional Disclosures,2021,,,,,,,,,,,,,,,,https://www.aicte-india.org,False,Medium,False
1-44644508228,SARVODAYA COLLEGE OF COMPUTER SCIENCE,"Saurashtra University, Rajkot",Private-Self Financing,Private,Gujarat,Rajkot,RAJKOT,"B/H P.D.M. COLLEGE , GONDAL ROAD,RAJKOT",,,,AICTE Approved,Under Graduate,Bca,240,,,,,,,,,,,,,,Contact College,,,AICTE Official Institutional Disclosures,2021,,,,,,,,,,,,,,,,https://www.aicte-india.org,False,Medium,False
1-44644030957,GROW MORE INSTITUTE OF COMPUTER APPLICATION,"Hemchandracharya North Gujarat University, Patan",Private-Self Financing,Private,Gujarat,Sabarkantha,SABARKANTHA,"AHEMDABAD -UDAIPUR HIGHWAY, HIMATNAGAR.",,,,AICTE Approved,Under Graduate,Bba; Bca,180,,,,,,,,,,,,,,Contact College,,,AICTE Official Institutional Disclosures,2021,,,,,,,,,,,,,,,,https://www.aicte-india.org,False,Medium,False
1-44644923077,SMT Z S PATEL COLLEGE OF MANAGEMENT,"Veer Narmad South Gujarat University, Surat",Private-Self Financing,Private,Gujarat,Surat,SURAT,"SHANTIKUNJ EDUCATION COMPLEX, PALANPUR JAKATNAKA, SURAT, GUJARAT 395009",,,,AICTE Approved,Under Graduate,Bba,120,,,,,,,,,,,,,,Contact College,,,AICTE Official Institutional Disclosures,2021,,,,,,,,,,,,,,,,https://www.aicte-india.org,False,Medium,False
1-44765487104,SARDAR PATEL KELAVANI MANDAL,"Saurashtra University, Rajkot",Private-Self Financing,Private,Gujarat,Rajkot,RAJKOT,DHORAJI ROAD NR RAILWAY CROSSING JETPUR 360370,,,,AICTE Approved,Under Graduate,Bba; Bca,300,,,,,,,,,,,,,,Contact College,,,AICTE Official Institutional Disclosures,2021,,,,,,,,,,,,,,,,https://www.aicte-india.org,False,Medium,False
1-44644217456,SDJ INTERNATIONAL COLLEGE,"Veer Narmad South Gujarat University, Surat",Private-Self Financing,Private,Gujarat,Surat,SURAT,"PLOT NO:166, OPPOSITE INDIAN DIAMOND INSTITUTE, B/H SOMESHWARA BUNGLOWS, VESU, SURAT",,,,AICTE Approved,Under Graduate,Bba; Bca,1375,,,,,,,,,,,,,,Contact College,,,AICTE Official Institutional Disclosures,2021,,,,,,,,,,,,,,,,https://www.aicte-india.org,False,Medium,False
1-44637348271,SMT. KUSUMBEN KADAKIA INSTITUTE OF COMPUTER APPLICATION,"Gujarat Technological University, Ahmedabad",Private-Self Financing,Private,Gujarat,Bharuch,BHARUCH,"KADAKIA EDUCATIONAL CAMPUS, KADAKIA VIDYA GRAM, HANSOT ROAD, ANKLESHWAR",,,,AICTE Approved,Post Graduate,Mca,60,,,,,,,,,,,,,,Contact College,,,AICTE Official Institutional Disclosures,2021,,,,,,,,,,,,,,,,https://www.aicte-india.org,False,Medium,False
1-44640428097,VADODARA INSTITUTE OF ENGINEERING,"Gujarat Technological University, Ahmedabad",Private-Self Financing,Private,Gujarat,Vadodara,VADODARA,"VADODARA-HALOL TOLL ROAD AT. KOTAMBI, TA. WAGHODIA DIST. VADODARA  GUJARAT  PIN - 391510",,,,AICTE Approved,Diploma; Under Graduate,Chemical Engineering; Civil Engineering; Computer Engineering; Electrical Engineering; Information Technology; Mechanical Engineering,420,,,,,,,,,,,,,,Contact College,,,AICTE Official Institutional Disclosures,2021,,,,,,,,,,,,,,,,https://www.aicte-india.org,False,Medium,False
1-44671726723,SMT R P BHALODIA B C A COLLEGE UPLETA,"Saurashtra University, Rajkot",Private-Self Financing,Private,Gujarat,Rajkot,RAJKOT,"KOLKI RPAD, UPLETA TA - UPLETA, DIST - RAJKOT, STATE - GUJARAT PIN - 360490",,,,AICTE Approved,Under Graduate,Bca,60,,,,,,,,,,,,,,Contact College,,,AICTE Official Institutional Disclosures,2021,,,,,,,,,,,,,,,,https://www.aicte-india.org,False,Medium,False
1-44644364153,SHREE BRAHMANAND INSTITUTE OF TEACHER EDUCATION,BHAKTA KAVI NARSINH MEHTA UNIVERSITY JUNAGADH,Private-Self Financing,Private,Gujarat,Junagadh,JUNAGADH,CHAPARDA JUNAGADH,,,,AICTE Approved,Under Graduate,Bba; Bca,120,,,,,,,,,,,,,,Contact College,,,AICTE Official Institutional Disclosures,2021,,,,,,,,,,,,,,,,https://www.aicte-india.org,False,Medium,False
1-44645058285,AHMEDABAD INSTITUTE OF COMPUTER APPLICATIONS,"Gujarat Technological University, Ahmedabad",Private-Self Financing,Private,Gujarat,Ahmedabad,AHMEDABAD,"NEAR CLIANTHA RESEARCH LIMITED, OPP. APPLEWOOD TOWNSHIP, S P RING ROAD",,,,AICTE Approved,Under Graduate,Bca,300,,,,,,,,,,,,,,Contact College,,,AICTE Official Institutional Disclosures,2021,,,,,,,,,,,,,,,,https://www.aicte-india.org,False,Medium,False
1-44798742453,SHREE GNANGANGA INSTITUTE OF MANAGEMENT AND COMPUTER SCIENCE,"Gujarat Technological University, Ahmedabad",Private-Self Financing,Private,Gujarat,Jamnagar,JAMNAGAR,"AT VINJARKHI, NEAR MOTA THAVARIYA, SUVARDA ROAD, TA/DIST: JAMNAGAR - 361110",,,,AICTE Approved,Under Graduate,Bba; Bca,240,,,,,,,,,,,,,,Contact College,,,AICTE Official Institutional Disclosures,2021,,,,,,,,,,,,,,,,https://www.aicte-india.org,False,Medium,False
1-44644845446,SRK INSTITUTE OF MANAGEMENT AND COMPUTER EDUCATION,KACHCHH UNIVERSITY,Private-Self Financing,Private,Gujarat,Kutch,KUTCH,"SURVEY NO. 128/2, ANJAR-BHUJ HIGHWAY, NR. SAPEDA VILLAGE, ANJAR",,,,AICTE Approved,Under Graduate,Bba; Bca,240,,,,,,,,,,,,,,Contact College,,,AICTE Official Institutional Disclosures,2021,,,,,,,,,,,,,,,,https://www.aicte-india.org,False,Medium,False
1-44644034661,SMT. TANUBEN AND DR. MANUBHAI TRIVEDI COLLEGE OF INFORMATION SCIENCE,"Veer Narmad South Gujarat University, Surat",Private-Self Financing,Private,Gujarat,Surat,SURAT,"Z.F WADIA WOMENS COLLEGE CAMPUS,JAWAHARLAL NEHRU MARG,",,,,AICTE Approved,Under Graduate,Bca,180,,,,,,,,,,,,,,Contact College,,,AICTE Official Institutional Disclosures,2021,,,,,,,,,,,,,,,,https://www.aicte-india.org,False,Medium,False
1-44644509877,SHRI M.N. KAMPANI ARTS AND SHRI A.K. SHAH COMMERCE COLLEGE,"Bhakt Kavi Narsinh Mehta University, Junagadh",Private-Self Financing,Private,Gujarat,Junagadh,JUNAGADH,"SHAPUR ROAD, TA, MANGROL",,,,AICTE Approved,Under Graduate,Bca,60,,,,,,,,,,,,,,Contact College,,,AICTE Official Institutional Disclosures,2021,,,,,,,,,,,,,,,,https://www.aicte-india.org,False,Medium,False
1-44798586883,SHREE ARYATEJ INSTITUTE OF MANAGEMENT AND COMPUTER SCIENCE,"Gujarat Technological University, Ahmedabad",Private-Self Financing,Private,Gujarat,Morbi,MORBI,"ARYAVART, NR. NAVYUG TILES, OPP. LAXMINAGAR VILLAGE, 8-A NATIONAL HIGHWAY/KANDLA HIGHWAY, MORBI - 363642. GUJARAT",,,,AICTE Approved,Post Graduate,Mba; Mca,120,,,,,,,,,,,,,,Contact College,,,AICTE Official Institutional Disclosures,2021,,,,,,,,,,,,,,,,https://www.aicte-india.org,False,Medium,False
1-44638865644,S.S.AGRAWAL INSTITUTE OF MANAGEMENT & TECHNOLOGY,"Gujarat Technological University, Ahmedabad",Private-Self Financing,Private,Gujarat,Navsari,NAVSARI,"VEERANJALI MARG, OPP. VIDYAKUNJ HIGH SCHOOL, NEAR DEVINA PARK SOCIETY,  GANDEVI ROAD,  NAVSARI-396445",,,,AICTE Approved,Post Graduate,Masters In Computer Applications; Mba,180,,,,,,,,,,,,,,Contact College,,,AICTE Official Institutional Disclosures,2021,,,,,,,,,,,,,,,,https://www.aicte-india.org,False,Medium,False
1-44644202375,KAMANI SCIENCE AND PRATAPRAI ARTS COLLEGE,"Saurashtra University, Rajkot",Private-Self Financing,Private,Gujarat,Amreli,AMRELI,VIDYAVIHAR LATHI ROAD AMRELI,,,,AICTE Approved,Under Graduate,Bca,300,,,,,,,,,,,,,,Contact College,,,AICTE Official Institutional Disclosures,2021,,,,,,,,,,,,,,,,https://www.aicte-india.org,False,Medium,False
1-44643357539,"GOVERNMENT ENGINEERING COLLEGE,GODHRA","Gujarat Technological University, Ahmedabad",Government,Government,Gujarat,Panchmahal,PANCHMAHAL,"OPP CIVIL HOSPITAL, GODHRA",,,,AICTE Approved,Under Graduate,Civil Engineering; Electrical Engineering; Mechanical Engineering,120,,,,,,,,,,,,,,Contact College,,,AICTE Official Institutional Disclosures,2021,,,,,,,,,,,,,,,,https://www.aicte-india.org,False,Medium,False
1-44644204897,SMT. CHANDRAMANIBEN ZAVERCHAND MEGHJI GOSRANI BCA COLLEGE,"Saurashtra University, Rajkot",Private-Self Financing,Private,Gujarat,Jamnagar,JAMNAGAR,"SHRI B K SHAH EDUCATION COMPLEX, INDIRA GANDHI MARG, AHEAD OF OSHWAL CIRCLE, JAMNAGAR - GUJARAT - 361004",,,,AICTE Approved,Under Graduate,Bca,300,,,,,,,,,,,,,,Contact College,,,AICTE Official Institutional Disclosures,2021,,,,,,,,,,,,,,,,https://www.aicte-india.org,False,Medium,False
1-44644201868,NATIONAL COMPUTER COLLEGE,"Saurashtra University, Rajkot",Private-Self Financing,Private,Gujarat,Jamnagar,JAMNAGAR,"2-OSWAL COLONY, SATYAM COLONY ROAD, JAMNAGAR",,,,AICTE Approved,Under Graduate,Bba; Bca,240,,,,,,,,,,,,,,Contact College,,,AICTE Official Institutional Disclosures,2021,,,,,,,,,,,,,,,,https://www.aicte-india.org,False,Medium,False
1-44643917730,LOKMANYA INSTITUTE OF MANAGEMENT AND COMPUTER APPLICATION,"Gujarat Technological University, Ahmedabad",Private-Self Financing,Private,Gujarat,Ahmedabad,AHMEDABAD,"LOKMANYA COLLEGE, SHIVRANJANI CROSS ROAD, SATELLITE, AHMEDABAD, GUJARAT 380015",,,,AICTE Approved,Post Graduate,Mba; Mca,180,,,,,,,,,,,,,,Contact College,,,AICTE Official Institutional Disclosures,2021,,,,,,,,,,,,,,,,https://www.aicte-india.org,False,Medium,False
1-44644976313,IQRA BCA COLLEGE,"Veer Narmad South Gujarat University, Surat",Private-Self Financing,Private,Gujarat,Bharuch,BHARUCH,"DAHEGAM, DAHEJ ROAD,BHARUCH",,,,AICTE Approved,Under Graduate,Bca,60,,,,,,,,,,,,,,Contact College,,,AICTE Official Institutional Disclosures,2021,,,,,,,,,,,,,,,,https://www.aicte-india.org,False,Medium,False
1-44645026358,ANANT INSTITUTE OF COMPUTER APPLICATION,"Gujarat Technological University, Ahmedabad",Private-Self Financing,Private,Gujarat,Ahmedabad,AHMEDABAD,"NEAR CHAMUNDA BRIDGE, BEHIND GCS HOSPITAL. NARODA ROAD, AHMEDABAD -382345-GUJARAT",,,,AICTE Approved,Under Graduate,Bca,180,,,,,,,,,,,,,,Contact College,,,AICTE Official Institutional Disclosures,2021,,,,,,,,,,,,,,,,https://www.aicte-india.org,False,Medium,False
1-44641745478,K.J.INSTITUTE OF ENGINEERING & TECHNOLOGY,"Gujarat Technological University, Ahmedabad",Private-Self Financing,Private,Gujarat,Vadodara,VADODARA,"K.J.INSTITUTE OF ENGINEERING & TECHNOLOGY, OPP. I.T.I, JAVLA, SAVLI-391770, DIST: VADODARA",,,,AICTE Approved,Diploma; Under Graduate,Automobile Engineering; Civil Engineering; Computer Engineering; Electrical Engineering; Electronics And Communications Engineering; Information Technology; Mechanical Engineering,765,,,,,,,,,,,,,,Contact College,,,AICTE Official Institutional Disclosures,2021,,,,,,,,,,,,,,,,https://www.aicte-india.org,False,Medium,False
1-44639883539,SAL COLLEGE OF ENGINEERING,"Gujarat Technological University, Ahmedabad",Private-Self Financing,Private,Gujarat,Ahmedabad,AHMEDABAD,"OPP. SCIENCE CITY, VILLAGE BHADAJ, SOLA ROAD",,,,AICTE Approved,Post Graduate; Under Graduate,Chemical Engineering; Computer Engineering; Computer Science And Engineering (Data Science); Information Technology; Machine Design; Mechatronics,369,,,,,,,,,,,,,,Contact College,,,AICTE Official Institutional Disclosures,2021,,,,,,,,,,,,,,,,https://www.aicte-india.org,False,Medium,False
1-44638180495,VEERAYATAN INSTITUTE OF ENGINEERING,"Gujarat Technological University, Ahmedabad",Private-Self Financing,Private,Gujarat,Kutch,KUTCH,BHUJ-MANDVI ROAD,,,,AICTE Approved,Diploma; Post Graduate; Under Graduate,Chemical Engineering; Civil Engineering; Civil(Structural Engineering); Computer Engineering; Electrical Engineering; Machine Design; Mechanical Engineering,282,,,,,,,,,,,,,,Contact College,,,AICTE Official Institutional Disclosures,2021,,,,,,,,,,,,,,,,https://www.aicte-india.org,False,Medium,False
1-44644685615,SHREE OM COLLEGE OF COMPUTER SCIENCE,"Saurashtra University, Rajkot",Private-Self Financing,Private,Gujarat,Rajkot,RAJKOT,NEAR RANCHHOD DAS BAPU ASHRAM KUVADVA ROAD,,,,AICTE Approved,Under Graduate,Bba; Bca,530,,,,,,,,,,,,,,Contact College,,,AICTE Official Institutional Disclosures,2021,,,,,,,,,,,,,,,,https://www.aicte-india.org,False,Medium,False
1-44639563433,GIDC DEGREE ENGINERING COLLEGE,"Gujarat Technological University, Ahmedabad",Private-Self Financing,Private,Gujarat,Navsari,NAVSARI,"BLOCK NO. 997, VILLAGE: ABRAMA, TALUKA: JALALPORE, DISTRICT, NAVSARI",,,,AICTE Approved,Under Graduate,Automobile Engineering; Civil Engineering; Computer Engineering; Electrical Engineering; Mechanical Engineering,330,,,,,,,,,,,,,,Contact College,,,AICTE Official Institutional Disclosures,2021,,,,,,,,,,,,,,,,https://www.aicte-india.org,False,Medium,False
1-44642680435,SHREE SAMANVAY INSTITUTE OF MBA,"Gujarat Technological University, Ahmedabad",Private-Self Financing,Private,Gujarat,Bhavnagar,BHAVNAGAR,"AT & POST-BHAMBHAN, TA-BOTAD, NEAR PANDAVDHAR, OPP. MARUTI ASHRAM, PANDAVDHAR",,,,AICTE Approved,Post Graduate,Mba; Mba(General Management),120,,,,,,,,,,,,,,Contact College,,,AICTE Official Institutional Disclosures,2021,,,,,,,,,,,,,,,,https://www.aicte-india.org,False,Medium,False
1-44641960393,PG DEPARTMENT OF COMPUTER SCIENCE,NOT APPLICABLE,State Government University,Government,Gujarat,Patan,PATAN,"HEMCHANDRACHARYA NORTH GUJARAT UNIVERSITY UNIVERSITY ROAD, PATAN",,,,AICTE Approved,Integrated; Post Graduate,Master Of Computer Applications (Integrated); Masters In Computer Applications,120,,,,,,,,,,,,,,Contact College,,,AICTE Official Institutional Disclosures,2021,,,,,,,,,,,,,,,,https://www.aicte-india.org,False,Medium,False
1-44645007386,SHRI SHARAD SHAH COMMERCE AND COMPUTER SCIENCE,"Shree Govind Guru Univertisy, Godhra, Gujarat",Private-Self Financing,Private,Gujarat,Panchmahal,PANCHMAHAL,"SHRI SHARAD SHAH SHAIKSHANIK SANKUL, NEW ERA SCHOOL COMPOUND, NR SCIENCE COLLEGE, JAFRABAD,",,,,AICTE Approved,Under Graduate,Bca,60,,,,,,,,,,,,,,Contact College,,,AICTE Official Institutional Disclosures,2021,,,,,,,,,,,,,,,,https://www.aicte-india.org,False,Medium,False
1-44643864170,SHRRE SWAMINARAYAN GADI INSTITUTE OF TECHNOLOGY,"Gujarat Technological University, Ahmedabad",Private-Self Financing,Private,Gujarat,Ahmedabad,AHMEDABAD,BESIDES SHAH TOLL NAKA GITAMANDIR ROAD,,,,AICTE Approved,Post Graduate; Under Graduate,Bca; Computer Engineering; Computer Science & Engineering; Computer Science And Engineering (Artificial Intelligence And Machine Learning); Computer Science And Engineering (Cyber Security); Computer Science And Engineering (Data Science); Information Technology; Mca,540,,,,,,,,,,,,,,Contact College,,,AICTE Official Institutional Disclosures,2021,,,,,,,,,,,,,,,,https://www.aicte-india.org,False,Medium,False
1-44644842015,MATRUSHRI L J GANDHI BAKORWALA BCA AND DR N J SHAH PGDCA COLLEGE,"Hemchandracharya North Gujarat University, Patan",Private-Self Financing,Private,Gujarat,Sabarkantha,SABARKANTHA,"AT - COLLEGE CAMPUS, DHANSURA ROAD, TA- MODASA",,,,AICTE Approved,Under Graduate,Bca,180,,,,,,,,,,,,,,Contact College,,,AICTE Official Institutional Disclosures,2021,,,,,,,,,,,,,,,,https://www.aicte-india.org,False,Medium,False
1-44644508167,D. R. PATEL & R. B. PATEL COMMERCE COLLEGE & NAVNIRMAN INSTITUTE OF MANAGEMENT,"Veer Narmad South Gujarat University, Surat",Private-Self Financing,Private,Gujarat,Surat,SURAT,"GATE NO. 1, D. C. PATEL EDUCATIONAL CAMPUS, NEW CITYLIGHT ROAD, BHARTHANA(VESU),",,,,AICTE Approved,Under Graduate,Bba,750,,,,,,,,,,,,,,Contact College,,,AICTE Official Institutional Disclosures,2021,,,,,,,,,,,,,,,,https://www.aicte-india.org,False,Medium,False
1-44638835077,SHRI LABHUBHAI TRIVEDI INSTITUTE OF ENGINEERING AND TECHNOLOGY,"Gujarat Technological University, Ahmedabad",Private-Self Financing,Private,Gujarat,Rajkot,RAJKOT,"AT VILLAGE MAVDI, NEAR GOVERNMENT ENGINEERING COLLEGE, KALAWAD ROAD, RAJKOT",,,,AICTE Approved,Diploma; Under Graduate,Bca; Civil Engineering; Computer Science And Engineering; Computer Science And Engineering (Data Science); Electrical Engineering; Mechanical Engineering; Smart And Sustainable Energy,600,,,,,,,,,,,,,,Contact College,,,AICTE Official Institutional Disclosures,2021,,,,,,,,,,,,,,,,https://www.aicte-india.org,False,Medium,False
1-44639528483,THE MANDVI EDUCATION SOCIETY INSTITUTE OF  COMPUTER STUDIES,"Gujarat Technological University, Ahmedabad",Private-Self Financing,Private,Gujarat,Surat,SURAT,"NEAR BUS STATION, AT & POST-MANDVI, DIST-SURAT,GUJARAT,394160",,,,AICTE Approved,Post Graduate,Master Of Computer Applications,60,,,,,,,,,,,,,,Contact College,,,AICTE Official Institutional Disclosures,2021,,,,,,,,,,,,,,,,https://www.aicte-india.org,False,Medium,False
1-44671772819,H  H B KOTAK INSTITUTE OF SCIENCE,"Saurashtra University, Rajkot",Private-Self Financing,Private,Gujarat,Rajkot,RAJKOT,DR YAGNIK ROAD,,,,AICTE Approved,Under Graduate,Bca,60,,,,,,,,,,,,,,Contact College,,,AICTE Official Institutional Disclosures,2021,,,,,,,,,,,,,,,,https://www.aicte-india.org,False,Medium,False
1-44644196830,SHRI GOSAR HANSRAJ GOSRANI COMMERCE AND SHRI D.D.NAGDA B.B.A. COLLEGE,"Saurashtra University, Rajkot",Private-Self Financing,Private,Gujarat,Jamnagar,JAMNAGAR,"SHAH BHAGWANJI KACHRA EDUCATION COMPLEX, AHEAD OF OSHWAL CIRCLE, INDIRA GANDHI MARG,JAMNAGAR- 361004",,,,AICTE Approved,Under Graduate,Bba,300,,,,,,,,,,,,,,Contact College,,,AICTE Official Institutional Disclosures,2021,,,,,,,,,,,,,,,,https://www.aicte-india.org,False,Medium,False
1-44638669874,SHREE PAREKH  ENGINEERING COLLEGE,"Gujarat Technological University, Ahmedabad",Private-Self Financing,Private,Gujarat,Bhavnagar,BHAVNAGAR,PAREKH COLLEGE GAYATRINAGAR ROAD,,,,AICTE Approved,Under Graduate,Computer Engineering; Food Engineering And Technology; Information Technology,120,,,,,,,,,,,,,,Contact College,,,AICTE Official Institutional Disclosures,2021,,,,,,,,,,,,,,,,https://www.aicte-india.org,False,Medium,False
1-44641771420,SARDAR VALLABHBHAI PATEL INSTITUTE OF TECHNOLOGY (SVIT),"Gujarat Technological University, Ahmedabad",Private-Self Financing,Private,Gujarat,Anand,ANAND,"AT & PO. RAJUPURA, VASAD - 388 306, GUJARAT, INDIA",,,,AICTE Approved,Diploma; Post Graduate; Under Graduate,Aeronautical Engineering; Civil Engineering; Civil(Structural Engineering); Computer Engineering; Computer Engineering(Software Engineering); Computer Science And Design; Electrical Engineering; Electronics & Communication Engg; Information Engineering; Information Technology,927,,,,,,,,,,,,,,Contact College,,,AICTE Official Institutional Disclosures,2021,,,,,,,,,,,,,,,,https://www.aicte-india.org,False,Medium,False
1-44640046939,HANSABA COLLEGE OF ENGINEERING & TECHNOLOGY,"GOKUL GLOBAL UNIVERSITY, SIDHPUR",Private-Self Financing,Private,Gujarat,Patan,PATAN,"SUJANPUR PATIYA, MAHESANA - PALANPUR STATE HIGHWAY NO 41,",,,,AICTE Approved,Diploma; Post Graduate; Under Graduate, Civil Engineering;  Electrical Engineering;  Mechanical Engineering; Automobile Engineering; Civil Engineering; Computer Engineering; Electrical Engineering; Mechanical Engineering; Mechanical Engineering (Thermal Engg),804,,,,,,,,,,,,,,Contact College,,,AICTE Official Institutional Disclosures,2021,,,,,,,,,,,,,,,,https://www.aicte-india.org,False,Medium,False
1-44755595943,MANJUSHREE INSTITUTE OF DESIGN,"Gujarat Technological University, Ahmedabad",Private-Self Financing,Private,Gujarat,Gandhinagar,GANDHINAGAR,"PETHAPUR MAHUDI ROAD, NEAR GGS, PIPLAJ, GANDHINAGAR",,,,AICTE Approved,Under Graduate,Communication Design; Interaction Design,60,,,,,,,,,,,,,,Contact College,,,AICTE Official Institutional Disclosures,2021,,,,,,,,,,,,,,,,https://www.aicte-india.org,False,Medium,False
1-44640813453,SMT. SHANTABEN HARIBHAI GAJERA MBA MAHILA COLLEGE,"Gujarat Technological University, Ahmedabad",Private-Self Financing,Private,Gujarat,Amreli,AMRELI,"SMT. SHANTABEN HARIBHAI GAJERA SHAKSHANIK SANKUL CHAKKARGADH ROAD, NR. BYPASS AMRELI - 365601",,,,AICTE Approved,Post Graduate,Mba,60,,,,,,,,,,,,,,Contact College,,,AICTE Official Institutional Disclosures,2021,,,,,,,,,,,,,,,,https://www.aicte-india.org,False,Medium,False
1-44638615863,AAERT AND THE SSB FACULTY OF ARCHITECTURE SARVAJANIK COLLEGE OF ENGINEERING AN TECHNOLOGY SURAT,Sarvajanik University,Private-Self Financing,Private,Gujarat,Surat,SURAT,"DR. R. K. DESAI MARG, OPP. MISSION HOSPITAL, ATHWALINES, SURAT",,,,AICTE Approved,Post Graduate,Urban And Regional Planning; Urban Design,40,,,,,,,,,,,,,,Contact College,,,AICTE Official Institutional Disclosures,2021,,,,,,,,,,,,,,,,https://www.aicte-india.org,False,Medium,False
1-44644148808,VITTHALBHAI PATEL AND RAJRATNA P T PATEL SCIENCE COLLEGE,"Sardar Patel University, Vallabh Vidyanagar",Govt aided,Government,Gujarat,Anand,ANAND,NEAR POST OFFICE MOTA BAZAR,,,,AICTE Approved,Under Graduate,Bca,120,,,,,,,,,,,,,,Contact College,,,AICTE Official Institutional Disclosures,2021,,,,,,,,,,,,,,,,https://www.aicte-india.org,False,Medium,False
1-44643857165,SARDAR VALLABHBHAI PATEL INSTITUTE OF COMPUTER APPLICATION,"Sardar Patel University, Vallabh Vidyanagar",Private-Self Financing,Private,Gujarat,Anand,ANAND,"AT & PO. RAJUPURA, VASAD",,,,AICTE Approved,Under Graduate,Bca,120,,,,,,,,,,,,,,Contact College,,,AICTE Official Institutional Disclosures,2021,,,,,,,,,,,,,,,,https://www.aicte-india.org,False,Medium,False
1-44642359067,POST GRADUATE DEPARTMENT OF COMPUTER SCIENCE AND TECHNOLOGY,"Sardar Patel University, Anand",Government,Government,Gujarat,Anand,ANAND,"NEAR JAIN TEMPLE, NANA BAZAAR",,,,AICTE Approved,Post Graduate,Master Of Computer Applications,60,,,,,,,,,,,,,,Contact College,,,AICTE Official Institutional Disclosures,2021,,,,,,,,,,,,,,,,https://www.aicte-india.org,False,Medium,False
1-44644488861,SHREE SWAMINARAYAN GURUKUL COLLEGE OF INFORMATION TECHNOLOGY,"Gujarat Technological University, Ahmedabad",Private-Self Financing,Private,Gujarat,Porbandar,PORBANDAR,"C/O, SHREE SWAMINARAYAN GURUKUL, CHHAYA MAIN ROAD, CHHAYA - PORBANDAR 360578",,,,AICTE Approved,Under Graduate,Bca,120,,,,,,,,,,,,,,Contact College,,,AICTE Official Institutional Disclosures,2021,,,,,,,,,,,,,,,,https://www.aicte-india.org,False,Medium,False
1-44639754848,VIDHYADEEP INSTITUTE OF ENGINEERING AND TECHNOLOGY,SELF,State Private University,Private,Gujarat,Surat,SURAT,"G.S. HIGHWAY ROAD, AT : ANITA (KIM) TAL : OLPAD",,,,AICTE Approved,Diploma; Under Graduate,Civil Engineering; Computer Engineering; Electrical Engineering; Mechanical Engineering,510,,,,,,,,,,,,,,Contact College,,,AICTE Official Institutional Disclosures,2021,,,,,,,,,,,,,,,,https://www.aicte-india.org,False,Medium,False
1-44755645676,S V VIRANI COLLEGE,"Saurashtra University, Rajkot",Private-Self Financing,Private,Gujarat,Rajkot,RAJKOT,"TAGIRE MARG, RAJKOT",,,,AICTE Approved,Under Graduate,Bba; Bca,120,,,,,,,,,,,,,,Contact College,,,AICTE Official Institutional Disclosures,2021,,,,,,,,,,,,,,,,https://www.aicte-india.org,False,Medium,False
1-44645043591,AHMEDABAD INSTITUTE OF BUSINESS MANAGEMENT,"Gujarat Technological University, Ahmedabad",Private-Self Financing,Private,Gujarat,Ahmedabad,AHMEDABAD,"5, MITRAMANDAL USMANPURA AHMEDABAD",,,,AICTE Approved,Under Graduate,Bba,120,,,,,,,,,,,,,,Contact College,,,AICTE Official Institutional Disclosures,2021,,,,,,,,,,,,,,,,https://www.aicte-india.org,False,Medium,False
1-44644494581,SHETH SHREE KARSANBHAI JETHIDAS PATEL BBA COLLEGE,"Hemchandracharya North Gujarat University, Patan",Private-Self Financing,Private,Gujarat,Mehsana,MEHSANA,"MEGHANA CHHATRALAYA NANIKADI ROAD,NANIKADI",,,,AICTE Approved,Under Graduate,Bba,60,,,,,,,,,,,,,,Contact College,,,AICTE Official Institutional Disclosures,2021,,,,,,,,,,,,,,,,https://www.aicte-india.org,False,Medium,False
1-44644154804,NARAN LALA COLLEGE OF PROFESSIONAL AND APPLIED SCIENCES,"Veer Narmad South Gujarat University, Surat",Private-Self Financing,Private,Gujarat,Navsari,NAVSARI,BHAGWATI SANKUL  NEAR ERU CHAR RASTA,,,,AICTE Approved,Under Graduate,Bca,240,,,,,,,,,,,,,,Contact College,,,AICTE Official Institutional Disclosures,2021,,,,,,,,,,,,,,,,https://www.aicte-india.org,False,Medium,False
1-44644182044,COLLEGE OF APPLIED SCIENCES AND PROFESSIONAL STUDIES CHIKHLI,"Veer Narmad South Gujarat University, Surat",Private-Self Financing,Private,Gujarat,Navsari,NAVSARI,AT KHUNDH CHIKHLI COLLEGE CAMPUS,,,,AICTE Approved,Under Graduate,Bca,120,,,,,,,,,,,,,,Contact College,,,AICTE Official Institutional Disclosures,2021,,,,,,,,,,,,,,,,https://www.aicte-india.org,False,Medium,False
1-44644500609,COLLEGE OF COMPUTER SCIENCE AND INFORMATION TECHNOLOGY,"Bhakta Kavi Narsinh Mehta University, Junagadh",Private-Self Financing,Private,Gujarat,Junagadh,JUNAGADH,"GREENCITY, BYPASS, CHOBARI ROAD, NR. CHOBARI RAILWAY CROSSING, JUNAGADH",,,,AICTE Approved,Under Graduate,Bca,60,,,,,,,,,,,,,,Contact College,,,AICTE Official Institutional Disclosures,2021,,,,,,,,,,,,,,,,https://www.aicte-india.org,False,Medium,False
1-44645058744,AHMEDABAD BUSINESS SCHOOL,"Gujarat Technological University, Ahmedabad",Private-Self Financing,Private,Gujarat,Ahmedabad,AHMEDABAD,"NEAR CLIANTHA RESEARCH LIMITED, OPP APPLEWOOD TOWNSHIP, S P RING ROAD, AHMEDABAD",,,,AICTE Approved,Under Graduate,Bba,300,,,,,,,,,,,,,,Contact College,,,AICTE Official Institutional Disclosures,2021,,,,,,,,,,,,,,,,https://www.aicte-india.org,False,Medium,False
1-44644113356,SHREE H. N. SHUKLA COLLEGE OF I.T. AND MANAGEMENT,"Saurashtra University, Rajkot",Private-Self Financing,Private,Gujarat,Rajkot,RAJKOT,"VAISHALI NAGAR, NR. AMRAPALI UNDER BRIDGE, RAIYA ROAD, RAJKOT",,,,AICTE Approved,Under Graduate,Bba; Bca,420,,,,,,,,,,,,,,Contact College,,,AICTE Official Institutional Disclosures,2021,,,,,,,,,,,,,,,,https://www.aicte-india.org,False,Medium,False
1-44644162500,NARMADA COLLEGE OF SCIENCE AND COMMERCE,"Veer Narmad South Gujarat University, Surat",Govt aided,Government,Gujarat,Bharuch,BHARUCH,"ZADESHWAR - TAVARA ROAD, NR. ZADESHWAR CHOWKDI, BHARUCH",,,,AICTE Approved,Under Graduate,Bba; Bca,180,,,,,,,,,,,,,,Contact College,,,AICTE Official Institutional Disclosures,2021,,,,,,,,,,,,,,,,https://www.aicte-india.org,False,Medium,False
1-44644414364,SHRI K V RAMANI MAHILA ARTS AND COMMERCE COLLEGE MAHILA NIVASI SANKUL,"Saurashtra University, Rajkot",Private-Self Financing,Private,Gujarat,Rajkot,RAJKOT,KAILASH NAGARBHAVNAGAR HIGWAY,,,,AICTE Approved,Under Graduate,Bca,60,,,,,,,,,,,,,,Contact College,,,AICTE Official Institutional Disclosures,2021,,,,,,,,,,,,,,,,https://www.aicte-india.org,False,Medium,False
1-44769764763,PLUS INFOTECH AND MANAGEMENT COLLEGE,"Gujarat Technological University, Ahmedabad",Private-Self Financing,Private,Gujarat,Surat,SURAT,"UMRAGAM, OPP.BAPASITARAM PETROLUM, VELANJA-HAZIRA ROAD,SURAT - 394130",,,,AICTE Approved,Under Graduate,Bca,180,,,,,,,,,,,,,,Contact College,,,AICTE Official Institutional Disclosures,2021,,,,,,,,,,,,,,,,https://www.aicte-india.org,False,Medium,False
1-44638573601,P P SAVANI SCHOOL OF ENGINEERING,P P SAVANI UNIVERSITY,Private-Self Financing,Private,Gujarat,Surat,SURAT,"P P SAVANI KNOWLEDGE CITY CAMPUS,NH 8, GETCO, NEAR BILTECH COMPANY, VILLAGE: DHAMDOD, KOSAMBA,  TA.: MANGROL, DIST.: SURAT - 394125.",,,,AICTE Approved,Under Graduate,Civil Engineering; Computer Engineering; Computer Science & Engineering; Information Technology; Mechanical Engineering,300,,,,,,,,,,,,,,Contact College,,,AICTE Official Institutional Disclosures,2021,,,,,,,,,,,,,,,,https://www.aicte-india.org,False,Medium,False
1-44638905303,NAVYUG COLLEGE,"Gujarat Technological University, Ahmedabad",Private-Self Financing,Private,Gujarat,Morbi,MORBI,"NAVYUG CAMPUS,MORBI- RAJKOT HIGHWAY, B/H Ã¢â¬ÅBAÃ¢â¬Â NI VADI- AT &PO-VIRPAR",,,,AICTE Approved,Post Graduate,Mba,60,,,,,,,,,,,,,,Contact College,,,AICTE Official Institutional Disclosures,2021,,,,,,,,,,,,,,,,https://www.aicte-india.org,False,Medium,False
1-44671750359,AVIRAT BBA BCA COLLEGE,"Gujarat Technological University, Ahmedabad",Private-Self Financing,Private,Gujarat,Ahmedabad,AHMEDABAD,"NEAR CAMBAY HOTEL, S.G. HIGHWAY, AHMEDABAD",,,,AICTE Approved,Under Graduate,Bba; Bca,300,,,,,,,,,,,,,,Contact College,,,AICTE Official Institutional Disclosures,2021,,,,,,,,,,,,,,,,https://www.aicte-india.org,False,Medium,False
1-44644328722,ST STEPHEN INSTITUTE OF BUSINESS MANAGEMENT AND TECHNOLOGY,"Sardar Patel University, Vallabh Vidyanagar",Private-Self Financing,Private,Gujarat,Anand,ANAND,I P MISSION COMPOUND STATION ROAD ANAND 388001,,,,AICTE Approved,Under Graduate,Bba; Bca,160,,,,,,,,,,,,,,Contact College,,,AICTE Official Institutional Disclosures,2021,,,,,,,,,,,,,,,,https://www.aicte-india.org,False,Medium,False
1-44638734913,"""SHRI SATSANGI SAKETDHAM 'RAM ASHRAM' GROUP OF INSTITUTIONS""","Gujarat Technological University, Ahmedabad",Private-Self Financing,Private,Gujarat,Mehsana,MEHSANA,AT. & PO. VADASMA,,,,AICTE Approved,Diploma; Integrated; Post Graduate; Under Graduate,Automobile Engineering; Civil Engineering; Computer Engineering(Software Engineering); Computer Science And Engineering; Electrical Engineering; Master Of Business Administration (Integrated); Mba; Mechanical Engineering; Mechatronics,786,,,,,,,,,,,,,,Contact College,,,AICTE Official Institutional Disclosures,2021,,,,,,,,,,,,,,,,https://www.aicte-india.org,False,Medium,False
1-44643858264,SHREE RAJESHKUMAR KANTILAL PATEL BCA COLLEGE,"Hemchandracharya North Gujarat University, Patan",Private-Self Financing,Private,Gujarat,Mehsana,MEHSANA,"MEGHANA CHHATRALAYA.NANIKADI ROAD,NANIKADI",,,,AICTE Approved,Under Graduate,Bca,120,,,,,,,,,,,,,,Contact College,,,AICTE Official Institutional Disclosures,2021,,,,,,,,,,,,,,,,https://www.aicte-india.org,False,Medium,False
1-44639523513,INTERNATIONAL INSTITUTE OF ENGINEERING & TECHNOLOGYVILL,"Kurukshetra University, Kurukshetra",Private-Self Financing,Private,Haryana,Kurukshetra,KURUKSHETRA,VILLAGE SAMANI KURUKSHETRA,,,,AICTE Approved,Post Graduate; Under Graduate,Bba; Bca; Civil Engineering; Computer Science & Engineering; Electrical Engineering; Electronics & Communication Engg; Mechanical Engineering,558,,,,,,,,,,,,,,Contact College,,,AICTE Official Institutional Disclosures,2021,,,,,,,,,,,,,,,,https://www.aicte-india.org,False,Medium,False
1-44644423640,HINDU GIRLS COLLEGE,"Kurukshetra University, Kurukshetra",Govt aided,Government,Haryana,Yamuna Nagar,YAMUNA NAGAR,"NEAR MATKA CHOWK, JAGADHRI",,,,AICTE Approved,Under Graduate,Bca,40,,,,,,,,,,,,,,Contact College,,,AICTE Official Institutional Disclosures,2021,,,,,,,,,,,,,,,,https://www.aicte-india.org,False,Medium,False
1-44638733394,LINGAYA'S VIDYAPEETH DEEMED TO BE UNIVERSITY,NOT APPLICABLE,Deemed to be University(Pvt),Private,Haryana,Faridabad,FARIDABAD,"NACHAULI, JASANA ROAD, OLD FARIDABAD",,,,AICTE Approved,Integrated; Post Graduate; Under Graduate,B.Tech (Civil Engineering); B.Tech (Computer Science & Engineering); B.Tech (Mechanical Engineering); B.Tech(Mechanical And Automobile Engineering ); B.Tech. (Electronics & Communication Engineering); Bba; Bca; Computer M.Tech (Computer Science & Engineering); Computer Science And Engineering (Artificial Intelligence And Machine Learning); Computer Science And Engineering (Artificial Intelligence),1932,,,,,,,,,,,,,,Contact College,,,AICTE Official Institutional Disclosures,2021,,,,,,,,,,,,,,,,https://www.aicte-india.org,False,Medium,False
1-44637295666,GURUGRAM UNIVERSITY,GURUGRAM UNIVERSITY,State Government University,Government,Haryana,Gurgaon,GURGAON,"GURUGRAM UNIVERSITY,SECTOR-51",,,,AICTE Approved,Integrated; Post Graduate; Under Graduate,Bba/Mba; Computer Applications; Computer Science And Engineering; Computer Science And Engineering (Artificial Intelligence); Computer Science And Engineering (Cyber Security); Computer Science And Engineering (Internet Of Things); Electrical Engineering; Electronics Engineering (Vlsi Design And Technology); Master Of Computer Applications (Integrated); Mba,696,,,,,,,,,,,,,,Contact College,,,AICTE Official Institutional Disclosures,2021,,,,,,,,,,,,,,,,https://www.aicte-india.org,False,Medium,False
1-44640177278,ASIA PACIFIC INSTITUTE OF INFORMATION TECHNOLOGY SD INDIA PANIPAT,"Kurukshetra University, Kurukshetra",Private-Self Financing,Private,Haryana,Panipat,PANIPAT,"FARIDPUR ROAD, G.T. ROAD, KARNAL SIDE, PANIPAT-132103",,,,AICTE Approved,Post Graduate; Under Graduate,Bba; Bca; Computer Science & Engineering; Computer Science And Engineering; Computer Science And Engineering (Artificial Intelligence And Machine Learning); Electrical And Electronics Engineering; Mba; Mca; Mechatronics,420,,,,,,,,,,,,,,Contact College,,,AICTE Official Institutional Disclosures,2021,,,,,,,,,,,,,,,,https://www.aicte-india.org,False,Medium,False
1-44641933373,SANSKARAM GROUP OF INSTITUTIONS,"Maharshi Dayanand University, Rohtak",Private-Self Financing,Private,Haryana,Jhajjar,JHAJJAR,VPO KHERI TALUKA PATAUDA,,,,AICTE Approved,Post Graduate,Mba; Mca,120,,,,,,,,,,,,,,Contact College,,,AICTE Official Institutional Disclosures,2021,,,,,,,,,,,,,,,,https://www.aicte-india.org,False,Medium,False
1-44638912840,JHANKAR COLLEGE,GURUGRAM UNIVERSITY,Private-Self Financing,Private,Haryana,Gurgaon,GURGAON,"VILL.BABRA BAKIPUR,SUB TEHSIL FARRUKHNAGAR",,,,AICTE Approved,Post Graduate,Mba,300,,,,,,,,,,,,,,Contact College,,,AICTE Official Institutional Disclosures,2021,,,,,,,,,,,,,,,,https://www.aicte-india.org,False,Medium,False
1-44645055075,GURU NANAK KHALSA COLLEGE,"Kurukshetra University, Kurukshetra",Govt aided,Government,Haryana,Karnal,KARNAL,RAILWAY ROAD,,,,AICTE Approved,Under Graduate,Bba,60,,,,,,,,,,,,,,Contact College,,,AICTE Official Institutional Disclosures,2021,,,,,,,,,,,,,,,,https://www.aicte-india.org,False,Medium,False
1-44641829804,"DEPARTMENT OF COMPUTER SCIENCE AND APPLICATIONS, KURUKSHETRA UNIVERSITY KURUKSHETRA","Kurukshetra University, Kurukshetra",Government,Government,Haryana,Kurukshetra,KURUKSHETRA,KURUKSHETRA UNIVERSITY KURUKSHETRA,,,,AICTE Approved,Post Graduate,Computer Science & Engineering; Master Of Computer Applications,138,,,,,,,,,,,,,,Contact College,,,AICTE Official Institutional Disclosures,2021,,,,,,,,,,,,,,,,https://www.aicte-india.org,False,Medium,False
1-44641001793,GANGA INSTITUTE OF TECHNOLOGY AND MANAGEMENT,"Maharshi Dayanand University, Rohtak",Private-Self Financing,Private,Haryana,Jhajjar,JHAJJAR,"20 KM MILESTONE, JHAJJAR- BAHADURGARH ROAD VILL. KABLANA, DISTT. JHAJJAR, HARYANA",,,,AICTE Approved,Post Graduate; Under Graduate,Bba; Bca; Civil Engineering; Computer Science & Engineering; Computer Science And Engineering; Computer Science And Engineering (Artificial Intelligence And Machine Learning); Computer Science And Engineering (Data Science); Cyber Forensics And Information Security; Electrical Engineering; Electrical Power Systems,1464,,,,,,,,,,,,,,Contact College,,,AICTE Official Institutional Disclosures,2021,,,,,,,,,,,,,,,,https://www.aicte-india.org,False,Medium,False
1-44644133381,RAO NEKIRAM MEMORIAL COLLEGE,GURUGRAM UNIVERSITY,Private-Self Financing,Private,Haryana,Gurgaon,GURGAON,VILLAGE TURKAPUR,,,,AICTE Approved,Under Graduate,Bba; Bca,240,,,,,,,,,,,,,,Contact College,,,AICTE Official Institutional Disclosures,2021,,,,,,,,,,,,,,,,https://www.aicte-india.org,False,Medium,False
1-44643848885,SH L N HINDU COLLEGE ROHTAK,"Maharshi Dayanand University, Rohtak",Govt aided,Government,Haryana,Rohtak,ROHTAK,"BHIWANI ROAD, ROHTAK",,,,AICTE Approved,Under Graduate,Bba; Bca,300,,,,,,,,,,,,,,Contact College,,,AICTE Official Institutional Disclosures,2021,,,,,,,,,,,,,,,,https://www.aicte-india.org,False,Medium,False
1-44643446066,SWAMI DEVI DYAL INSTITUTE OF ENGG. & TECHNOLOGY (EX:SWAMI DEVI DYAL INSTITUTE OF COMP & INFO. TECH),"Kurukshetra University, Kurukshetra",Private-Self Financing,Private,Haryana,Panchkula,PANCHKULA,"VILL: GOLPURA, TEH: BARWALA, DISTT: PANCHKULA",,,,AICTE Approved,Post Graduate; Under Graduate,Civil Engineering; Computer Science & Engineering; Computer Science And Engineering; Computer Science And Engineering (Artificial Intelligence And Machine Learning); Computer Science And Engineering (Cyber Security); Electrical Engineering; Electronics & Communication Engg; Mechanical Engineering,540,,,,,,,,,,,,,,Contact College,,,AICTE Official Institutional Disclosures,2021,,,,,,,,,,,,,,,,https://www.aicte-india.org,False,Medium,False
1-44643661630,SETH JAI PARKASH MUKAND LAL INSTITUTE OF ENGINEERING & TECHNOLOGY,"Kurukshetra University, Kurukshetra",Private-Self Financing,Private,Haryana,Yamuna Nagar,YAMUNA NAGAR,VILLAGE CHHOTA BANS TEHSIL RADAUR DISTT. YAMUNANAGAR STATE : HARYANA PIN 135133,,,,AICTE Approved,Post Graduate; Under Graduate,Bba; Bca; Computer Science And Engineering; Electrical And Computer Engineering; Information Technology; Mba; Mechanical And Mechatronics Engineering(Additive Manufacturing),600,,,,,,,,,,,,,,Contact College,,,AICTE Official Institutional Disclosures,2021,,,,,,,,,,,,,,,,https://www.aicte-india.org,False,Medium,False
1-44640329847,SMT. SHANTI DEVI COLLEGE OF MANAGEMENT & TECHNOLOGY,"Indira Gandhi University, Meepur, Rewari (Haryana)",Private-Self Financing,Private,Haryana,Rewari,REWARI,VILLAGE- GANGOLI (SAHARANWAS),,,,AICTE Approved,Post Graduate; Under Graduate,Bba; Mba(General Management),120,,,,,,,,,,,,,,Contact College,,,AICTE Official Institutional Disclosures,2021,,,,,,,,,,,,,,,,https://www.aicte-india.org,False,Medium,False
1-44644414146,SHAHEED UDHAM SINGH GOVERNMENT COLLEGE MATAK MAJRI INDRI,"Kurukshetra University, Kurukshetra",Government,Government,Haryana,Karnal,KARNAL,INDERGARH ROAD MATAK MAJRI INDRI,,,,AICTE Approved,Under Graduate,Bca,35,,,,,,,,,,,,,,Contact College,,,AICTE Official Institutional Disclosures,2021,,,,,,,,,,,,,,,,https://www.aicte-india.org,False,Medium,False
1-44644507883,DRONACHARYA DEGREE COLLEGE,"Kurukshetra University, Kurukshetra",Private-Self Financing,Private,Haryana,Kurukshetra,KURUKSHETRA,"DRONACHARYA DEGREE COLLEGE, VPO JYOTISAR, DHAND ROAD",,,,AICTE Approved,Under Graduate,Bba; Bca,120,,,,,,,,,,,,,,Contact College,,,AICTE Official Institutional Disclosures,2021,,,,,,,,,,,,,,,,https://www.aicte-india.org,False,Medium,False
1-44644325222,CHHAJU RAM MEMORIAL JAT COLLEGE,"Guru Jambheshwar University of Science and Technology, Hisar",Govt aided,Government,Haryana,Hisar,HISAR,CHHAJU RAM MEMORIAL JAT COLLEGE HISAR,,,,AICTE Approved,Under Graduate,Bba; Bca,220,,,,,,,,,,,,,,Contact College,,,AICTE Official Institutional Disclosures,2021,,,,,,,,,,,,,,,,https://www.aicte-india.org,False,Medium,False
1-44641173047,SD INSTITUTE OF MANAGEMENT AND TECHNOLOGY,"Kurukshetra University, Kurukshetra",Private-Self Financing,Private,Haryana,Yamuna Nagar,YAMUNA NAGAR,"HUDA ROAD, CHOTI LINE , NEAR SD PUBLIC SCHOOL, JAGADHRI, DIST. HARYANA",,,,AICTE Approved,Post Graduate; Under Graduate,Bba; Bca; Mba; Mca,390,,,,,,,,,,,,,,Contact College,,,AICTE Official Institutional Disclosures,2021,,,,,,,,,,,,,,,,https://www.aicte-india.org,False,Medium,False
1-44643975906,ARYA COLLEGE,"Kurukshetra University, Kurukshetra",Govt aided,Government,Haryana,Panipat,PANIPAT,"OPP. OLD BUS STAND, G.T. ROAD",,,,AICTE Approved,Under Graduate,Bba; Bca,560,,,,,,,,,,,,,,Contact College,,,AICTE Official Institutional Disclosures,2021,,,,,,,,,,,,,,,,https://www.aicte-india.org,False,Medium,False
1-45033929607,SHRI GURU TEG BAHADUR JI GOVT COLLEGE TARAORI KARNAL,"Kurukshetra University, Kurukshetra",Government,Government,Haryana,Karnal,KARNAL,"SHRI GURU TEG BAHADUR JI GOVT. COLLEGE, TARAORI , KARNAL, NEAR ITI, TARAORI, KARNAL, , KARNAL, HARYANA 132116",,,,AICTE Approved,Under Graduate,Bca,60,,,,,,,,,,,,,,Contact College,,,AICTE Official Institutional Disclosures,2021,,,,,,,,,,,,,,,,https://www.aicte-india.org,False,Medium,False
1-44638519284,RAO BIRENDER SINGH STATE INSTITUTE OF ENGINEERING AND TECHNOLOGY ZAINABAD REWARI,"Indira Gandhi University, Meerpur, Rewari",Government,Government,Haryana,Rewari,REWARI,VILLAGE ZAINABAD DISTRICT REWARI,,,,AICTE Approved,Under Graduate,Civil Engineering; Computer Engineering; Computer Science And Engineering (Data Science); Electrical Engineering; Electronics & Communication Engg; Mechanical Engineering,330,,,,,,,,,,,,,,Contact College,,,AICTE Official Institutional Disclosures,2021,,,,,,,,,,,,,,,,https://www.aicte-india.org,False,Medium,False
1-44638514891,INDIRA GANDHI UNIVERSITY MEERPUR,NOT APPLICABLE,State Government University,Government,Haryana,Rewari,REWARI,INDIRA GANDHI UNIVERSITY MEERPUR REWARI,,,,AICTE Approved,Under Graduate,Computer Science And Engineering,60,,,,,,,,,,,,,,Contact College,,,AICTE Official Institutional Disclosures,2021,,,,,,,,,,,,,,,,https://www.aicte-india.org,False,Medium,False
1-44643695731,"GURU NANAK KHALSA INSTITUTES OF TECHNOLOGY AND  MANAGEMENT TECHNICAL CAMPUS, YAMUNA NAGAR","Kurukshetra University, Kurukshetra",Private-Self Financing,Private,Haryana,Yamuna Nagar,YAMUNA NAGAR,"CITY CENTRE ROAD, NEAR GURU NANAK KHALSA COLLEGE, YAMUNA NAGAR",,,,AICTE Approved,Post Graduate; Under Graduate,Bba; Mba,180,,,,,,,,,,,,,,Contact College,,,AICTE Official Institutional Disclosures,2021,,,,,,,,,,,,,,,,https://www.aicte-india.org,False,Medium,False
1-44644363711,GOVT.COLLEGE MEHAM,"Maharshi Dayanand University, Rohtak",Government,Government,Haryana,Rohtak,ROHTAK,FRONT OF ANAJ MANDI  NH-9 MEHAM,,,,AICTE Approved,Under Graduate,Bca,80,,,,,,,,,,,,,,Contact College,,,AICTE Official Institutional Disclosures,2021,,,,,,,,,,,,,,,,https://www.aicte-india.org,False,Medium,False
1-44638655226,DPG DEGREE COLLEGE,"Maharshi Dayanand University, Rohtak",Private-Self Financing,Private,Haryana,Gurgaon,GURGAON,"BEHIND MARBLE MARKET, SECTOR -34",,,,AICTE Approved,Post Graduate; Under Graduate,Bba; Bca; Computer Science; Computer Science And Engineering (Artificial Intelligence And Machine Learning); Computer Science And Engineering (Data Science); Electronics And Communication Engineering; Master Of Computer Applications; Masters In Business Administration; Mechanical Engineering,1530,,,,,,,,,,,,,,Contact College,,,AICTE Official Institutional Disclosures,2021,,,,,,,,,,,,,,,,https://www.aicte-india.org,False,Medium,False
1-44643887296,GITA VIDYA MANDIR GIRLS COLLEGE,"Maharshi Dayanand University, Rohtak",Govt aided,Government,Haryana,Sonepat,SONEPAT,"MURTHAL ROAD, SONIPAT",,,,AICTE Approved,Under Graduate,Bba; Bca,190,,,,,,,,,,,,,,Contact College,,,AICTE Official Institutional Disclosures,2021,,,,,,,,,,,,,,,,https://www.aicte-india.org,False,Medium,False
1-44644082748,MAHARANI KISHORI MEMORIAL KANYA MAHAVIDHYALAY HODAL,"Maharshi Dayanand University, Rohtak",Private-Self Financing,Private,Haryana,Palwal,PALWAL,OLD G T ROAD NEAR BUS STAND HODAL DISTT PALWAL,,,,AICTE Approved,Under Graduate,Bba; Bca,120,,,,,,,,,,,,,,Contact College,,,AICTE Official Institutional Disclosures,2021,,,,,,,,,,,,,,,,https://www.aicte-india.org,False,Medium,False
1-44638278237,DEPARTMENT OF COMPUTER SCIENCE AND APPLICATIONS,"Maharshi Dayanand University, Rohtak",Government,Government,Haryana,Rohtak,ROHTAK,DEPARTMENT OF COMPUTER SCIENCE & APPLICATIONS  DDE BUILDING MAHARSHI DAYANAND UNIVERSITY ROHTAK-124001 MAHARSHI DAYANAND UNIVERSITY ROHTAK-124001  HARYANA,,,,AICTE Approved,Post Graduate,Computer Applications; Computer Science; Master Of Computer Applications,150,,,,,,,,,,,,,,Contact College,,,AICTE Official Institutional Disclosures,2021,,,,,,,,,,,,,,,,https://www.aicte-india.org,False,Medium,False
1-44639889834,MR DAV INSTITUTE OF MANAGEMENT STUDIES,"Maharshi Dayanand University, Rohtak",Private-Self Financing,Private,Haryana,Rohtak,ROHTAK,"MR DAV INSTITUTE OF MANAGEMENT STUDIES, 5TH K.M. STONE,  SONEPAT ROAD, ROHTAK - 124023",,,,AICTE Approved,Post Graduate; Under Graduate,Bba; Bca; Masters In Computer Applications; Mba,260,,,,,,,,,,,,,,Contact College,,,AICTE Official Institutional Disclosures,2021,,,,,,,,,,,,,,,,https://www.aicte-india.org,False,Medium,False
1-44641420613,ICL INSTITUTE OF MANAGEMENT AND  TECHNOLOGY,"Kurukshetra University, Kurukshetra",Private-Self Financing,Private,Haryana,Ambala,AMBALA,"VILLAGE-SOUNTLI, PO-SHAHZADPUR, TEHSIL- NARAINGARH, DISTT.- AMBALA,STATE- HARYANA,  PIN-134202",,,,AICTE Approved,Post Graduate,Mba(Business Management),60,,,,,,,,,,,,,,Contact College,,,AICTE Official Institutional Disclosures,2021,,,,,,,,,,,,,,,,https://www.aicte-india.org,False,Medium,False
1-44644330065,ISH SCHOOL OF HOSPITALITY,"Gurugram University, Gurugram, Haryana",Private-Self Financing,Private,Haryana,Gurgaon,GURGAON,"VATIKA INXT CITY CENTRE, SECTOR-83",,,,AICTE Approved,Post Graduate Certificate; Under Graduate,Bba; Pgcm; Pgcm (Hospitality Management),150,,,,,,,,,,,,,,Contact College,,,AICTE Official Institutional Disclosures,2021,,,,,,,,,,,,,,,,https://www.aicte-india.org,False,Medium,False
1-44643793060,CODEQUOTIENT SCHOOL OF TECHNOLOGY,"Kurukshetra University, Kurukshetra",Private-Self Financing,Private,Haryana,Panipat,PANIPAT,"SIMLA MOLANA ROAD, PO: CHAUDAULI, NH-44, PANIPAT (HARYANA) 132103",,,,AICTE Approved,Under Graduate,Bca,300,,,,,,,,,,,,,,Contact College,,,AICTE Official Institutional Disclosures,2021,,,,,,,,,,,,,,,,https://www.aicte-india.org,False,Medium,False
1-44642684526,BIMLA DEVI EDUCATIONAL SOCIETY'S GROUP OF INSTITUTIONS,"Maharshi Dayanand University, Rohtak",Private-Self Financing,Private,Haryana,Faridabad,FARIDABAD,"JB KNOWLEDGE PARK, KHERI MANJHAWALI ROAD, NAHAR PAR, VILLAGE- MANJHAWALI, FARIDABAD( HARYANA)  - 121102",,,,AICTE Approved,Post Graduate; Under Graduate,Artificial Intelligence And Machine Learning; Bba; Bca; Computer Science And Engineering; Electrical Engineering; Electronics & Communication Engg; Mba; Mca; Mechanical Engineering,2070,,,,,,,,,,,,,,Contact College,,,AICTE Official Institutional Disclosures,2021,,,,,,,,,,,,,,,,https://www.aicte-india.org,False,Medium,False
1-44644419578,BUDHA COLLEGE OF HIGHER EDUCATION,"Kurukshetra University, Kurukshetra",Private-Self Financing,Private,Haryana,Karnal,KARNAL,"SH7, INDRI ROAD, RAMBA, KARNAL",,,,AICTE Approved,Under Graduate,Bba; Bca,200,,,,,,,,,,,,,,Contact College,,,AICTE Official Institutional Disclosures,2021,,,,,,,,,,,,,,,,https://www.aicte-india.org,False,Medium,False
1-44642630930,PKG COLLEGE OF ENGINEERING & TECHNOLOGY,"Kurukshetra University, Kurukshetra",Private-Self Financing,Private,Haryana,Panipat,PANIPAT,MOHIDINPUR THIRANA TEHSIL MADLAUDA ASSAND ROAD PANIPAT,,,,AICTE Approved,Post Graduate; Under Graduate,Bba; Bca; Chemical Engineering; Civil Engineering; Compuetr Science And Engineering With Specialization In Artificial Intelligence And Machine Learning; Computer Science And Engineering; Electronics & Communication Engg; Mba; Mechanical Engineering,516,,,,,,,,,,,,,,Contact College,,,AICTE Official Institutional Disclosures,2021,,,,,,,,,,,,,,,,https://www.aicte-india.org,False,Medium,False
1-44644834279,K M COLLEGE OF EDUCATION,"chaudhary bansi lal university, bhiwani",Govt aided,Government,Haryana,Bhiwani,BHIWANI,"HANSI ROAD, OPPOSITE HALWASIYA MALL",,,,AICTE Approved,Under Graduate,Bba; Bca,60,,,,,,,,,,,,,,Contact College,,,AICTE Official Institutional Disclosures,2021,,,,,,,,,,,,,,,,https://www.aicte-india.org,False,Medium,False
1-44640970092,ST. ANDREWS INSTITUTE OF TECHNOLOGY & MANAGEMENT,"Maharshi Dayanand University, Rohtak",Private-Self Financing,Private,Haryana,Gurgaon,GURGAON,"VILLAGE KHURRAMPUR, FARRUKH NAGAR, HAILEY MANDI ROAD, GURGAON, HARYANA",,,,AICTE Approved,Post Graduate; Under Graduate,Bba; Bca; Computer Science & Engineering; Computer Science And Engineering; Computer Science And Engineering (Data Science); Computer Science And Engineering(Artificial Intelligence And Machine Learning); Computer Science And Technology; Electronics And Telecommunication Engineering; Mba(General); Mca,1280,,,,,,,,,,,,,,Contact College,,,AICTE Official Institutional Disclosures,2021,,,,,,,,,,,,,,,,https://www.aicte-india.org,False,Medium,False
1-44978575044,DESH BANDHU GUPTA GOVT COLLEGE PANIPAT,"Kurukshetra University, Kurukshetra",Government,Government,Haryana,Panipat,PANIPAT,"DESH BANDHU GUPTA GOVT. COLLEGE SECTOR-18, PANIPAT DESH BANDHU GUPTA GOVT. COLLEGE, SECTOR-18, PANIPAT",,,,AICTE Approved,Under Graduate,Bba; Bca,80,,,,,,,,,,,,,,Contact College,,,AICTE Official Institutional Disclosures,2021,,,,,,,,,,,,,,,,https://www.aicte-india.org,False,Medium,False
1-44644746874,INDIRA GANDHI MAHILA MAHAVIDYALAYA,"Kurukshetra University, Kurukshetra",Govt aided,Government,Haryana,Kaithal,KAITHAL,KARNAL ROAD KAITHAL,,,,AICTE Approved,Under Graduate,Bca,60,,,,,,,,,,,,,,Contact College,,,AICTE Official Institutional Disclosures,2021,,,,,,,,,,,,,,,,https://www.aicte-india.org,False,Medium,False
1-44644016128,SANATAN DHARMA COLLEGE,"Kurukshetra University, Kurukshetra",Govt aided,Government,Haryana,Ambala,AMBALA,JAGADHARI ROAD AMBALA CANTT,,,,AICTE Approved,Under Graduate,Bba; Bca,300,,,,,,,,,,,,,,Contact College,,,AICTE Official Institutional Disclosures,2021,,,,,,,,,,,,,,,,https://www.aicte-india.org,False,Medium,False
1-44644374871,S.D. P.G. COLLEGE PANIPAT,"Kurukshetra University, Kurukshetra",Govt aided,Government,Haryana,Panipat,PANIPAT,"NEAR SANJAY CHOWK, GT ROAD, PANIPAT",,,,AICTE Approved,Under Graduate,Bba; Bca,240,,,,,,,,,,,,,,Contact College,,,AICTE Official Institutional Disclosures,2021,,,,,,,,,,,,,,,,https://www.aicte-india.org,False,Medium,False
1-44641787060,DELHI INSTITUTE OF TECHNOLOGY & MANAGEMENT,"Haryana State Board of Technical Education, Panchkula",Private-Self Financing,Private,Haryana,Sonepat,SONEPAT,"NH-1 VILLAGE - BARAUT, GANNAUR, SONIPAT (HR)",,,,AICTE Approved,Diploma; Post Graduate; Under Graduate,Artificial Intelligence And Data Science; Artificial Intelligence And Machine Learning; Bba; Bca; Civil Engineering; Computer Science And Engineering; Electrical Engineering; Electronics & Communication Engg; Mba; Mechanical Engineering,1140,,,,,,,,,,,,,,Contact College,,,AICTE Official Institutional Disclosures,2021,,,,,,,,,,,,,,,,https://www.aicte-india.org,False,Medium,False
1-44643794344,THE NORTHCAP UNIVERSITY,The NorthCap University,State Private University,Private,Haryana,Gurgaon,GURGAON,"THE NORTHCAP UNIVERSITY, HUDA, SECTOR 23A, GURUGRAM, HARYANA 122017",,,,AICTE Approved,Post Graduate,Mba; Mba (Business Analytics),180,,,,,,,,,,,,,,Contact College,,,AICTE Official Institutional Disclosures,2021,,,,,,,,,,,,,,,,https://www.aicte-india.org,False,Medium,False
1-44641890685,TECHNOLOGY EDUCATION & RESEARCH INSTITUTE,"Kurukshetra University, Kurukshetra",Private-Self Financing,Private,Haryana,Kurukshetra,KURUKSHETRA,"9TH MILESTONE, KAITHAL ROAD, VPO BARNA, KURUKSHETRA",,,,AICTE Approved,Post Graduate; Under Graduate,Artificial Intelligence (Ai) And Data Science; Bba; Bca; Civil Engineering; Computer Science And Engineering; Electrical And Electronics Engineering; Mba,270,,,,,,,,,,,,,,Contact College,,,AICTE Official Institutional Disclosures,2021,,,,,,,,,,,,,,,,https://www.aicte-india.org,False,Medium,False
1-44644450872,MATA SUNDRI KHALSA GIRLS COLLEGE,"Kurukshetra University, Kurukshetra",Private-Self Financing,Private,Haryana,Karnal,KARNAL,NEAR RORI SAHIB GURUDWARA,,,,AICTE Approved,Under Graduate,Bba; Bca,80,,,,,,,,,,,,,,Contact College,,,AICTE Official Institutional Disclosures,2021,,,,,,,,,,,,,,,,https://www.aicte-india.org,False,Medium,False
1-44643846175,RAMANUJAN COLLEGE OF EDUCATION,"Chaudhary Ranbir Singh University, Jind",Private-Self Financing,Private,Haryana,Palwal,PALWAL,"72 KM STONE, VILLAGE MITROL, PO AURNGABAD",,,,AICTE Approved,Under Graduate,Bca,60,,,,,,,,,,,,,,Contact College,,,AICTE Official Institutional Disclosures,2021,,,,,,,,,,,,,,,,https://www.aicte-india.org,False,Medium,False
1-44644412677,PT. CHIRANJI LAL SHARMA GOVT COLLEGE KARNAL,"Kurukshetra University, Kurukshetra",Government,Government,Haryana,Karnal,KARNAL,PT. CHIRANJI LAL SHARMA GOVT COLLEGE SECTOR 14 KARNAL,,,,AICTE Approved,Under Graduate,Bca,120,,,,,,,,,,,,,,Contact College,,,AICTE Official Institutional Disclosures,2021,,,,,,,,,,,,,,,,https://www.aicte-india.org,False,Medium,False
1-44644646312,GOVT. COLLEGE,"Kurukshetra University, Kurukshetra",Government,Government,Haryana,Panchkula,PANCHKULA,BARWALA(PANCHKULA),,,,AICTE Approved,Under Graduate,Bca,40,,,,,,,,,,,,,,Contact College,,,AICTE Official Institutional Disclosures,2021,,,,,,,,,,,,,,,,https://www.aicte-india.org,False,Medium,False
1-44644373504,SMT. ARUNA ASAF ALI GOVT P. G. COLLEGE KALKA,"Kurukshetra University, Kurukshetra",Government,Government,Haryana,Panchkula,PANCHKULA,"NEAR BUS STAND, KALKA",,,,AICTE Approved,Under Graduate,Bba; Bca,80,,,,,,,,,,,,,,Contact College,,,AICTE Official Institutional Disclosures,2021,,,,,,,,,,,,,,,,https://www.aicte-india.org,False,Medium,False
1-44639530572,DPG INSTITUTE OF TECHNOLOGY AND MANAGEMENT,"Maharshi Dayanand University, Rohtak",Private-Self Financing,Private,Haryana,Gurgaon,GURGAON,"SECTOR-34,NEAR HERO HONDA CHOWK(NH8)",,,,AICTE Approved,Post Graduate; Under Graduate,Bba; Bca; Civil Engineering; Computer Science & Engineering; Computer Science And Engineering; Computer Science And Engineering (Data Science); Computer Science And Engineering(Artificial Intelligence And Machine Learning); Electrical Engineering; Electronics And Communications Engineering; Mechanical Engineering,905,,,,,,,,,,,,,,Contact College,,,AICTE Official Institutional Disclosures,2021,,,,,,,,,,,,,,,,https://www.aicte-india.org,False,Medium,False
1-44638115079,B M GROUP OF INSTITUTIONS,"Gurugram University, Gurugram, Haryana",Private-Self Financing,Private,Haryana,Gurgaon,GURGAON,"VILLAGE HARI NAGAR (DUMHA), FARUKHNAGAR",,,,AICTE Approved,Diploma; Post Graduate; Under Graduate,Artificial Intelligence (Ai)  And Data Science; Bba; Bca; Civil Engineering; Computer Science & Engineering; Electrical And Electronics Engineering; Electrical Engineering; Electronics & Communication Engg; Mba; Mechanical Engineering,666,,,,,,,,,,,,,,Contact College,,,AICTE Official Institutional Disclosures,2021,,,,,,,,,,,,,,,,https://www.aicte-india.org,False,Medium,False
1-44642121201,MAHARAJA AGRASEN INSTITUTE OF MANAGEMENT & TECHNOLOGY,"Kurukshetra University, Kurukshetra",Private-Self Financing,Private,Haryana,Yamuna Nagar,YAMUNA NAGAR,"OLD SAHARANPUR ROAD, NEAR AGRASEN CHOWK, JAGADHRI",,,,AICTE Approved,Post Graduate; Under Graduate,Bca; Masters In Computer Applications,360,,,,,,,,,,,,,,Contact College,,,AICTE Official Institutional Disclosures,2021,,,,,,,,,,,,,,,,https://www.aicte-india.org,False,Medium,False
1-44754284513,AERP INSTITUTE OF BUSINESS MANAGEMENT,"Maharshi Dayanand University, Rohtak",Private-Self Financing,Private,Haryana,Palwal,PALWAL,"HODAL-NUH ROAD, VILLAGE-SONDH, TEHSIL-HODAL",,,,AICTE Approved,Post Graduate; Under Graduate,Bba; Bca; Mba,180,,,,,,,,,,,,,,Contact College,,,AICTE Official Institutional Disclosures,2021,,,,,,,,,,,,,,,,https://www.aicte-india.org,False,Medium,False
1-44644341885,GOVERNMENT NATIONAL COLLEGE SIRSA,"Chaudhary Devi Lal University, Sirsa",Government,Government,Haryana,Sirsa,SIRSA,"OPPOSITE BUS STAND, HISAR ROAD, SIRSA",,,,AICTE Approved,Under Graduate,Bba,40,,,,,,,,,,,,,,Contact College,,,AICTE Official Institutional Disclosures,2021,,,,,,,,,,,,,,,,https://www.aicte-india.org,False,Medium,False
1-44643097636,"BHARAT INSTITUTE OF TECHNOLOGY, SONEPAT","Deenbandhu Chhotu Ram University of Science and Technology, Murthal",Private-Self Financing,Private,Haryana,Sonepat,SONEPAT,SONEPAT-GOHANA HIGHWAY VILLAGE NAINA TATARPUR NEAR MOHANA POLICE STATION SONEPAT-131025 HARYANA,,,,AICTE Approved,Post Graduate; Under Graduate,Bba; Bca; Civil Engineering; Computer Science & Engineering; Computer Science And Engineering; Electrical Engineering; Information Technology; Mba; Mechanical Engineering,345,,,,,,,,,,,,,,Contact College,,,AICTE Official Institutional Disclosures,2021,,,,,,,,,,,,,,,,https://www.aicte-india.org,False,Medium,False
1-44642044908,R.P. INDERAPRASTHA INSTITUTE OF TECHNOLOGY,"Kurukshetra University, Kurukshetra",Private-Self Financing,Private,Haryana,Karnal,KARNAL,"BASTARA, NEAR MADHUBAN, G.T. ROAD, KARNAL",,,,AICTE Approved,Post Graduate; Under Graduate,Bba; Bca; Computer Science & Engineering; Computer Science And Engineering; Electronics & Communication Engg; Mba; Mechanical Engineering,387,,,,,,,,,,,,,,Contact College,,,AICTE Official Institutional Disclosures,2021,,,,,,,,,,,,,,,,https://www.aicte-india.org,False,Medium,False
1-44645458331,MANAV INSTITUTE OF TECHNOLOGY AND MANA,"Guru Jambheshwar University of Science and Technology, Hisar",Private-Self Financing,Private,Haryana,Hisar,HISAR,"VPO, JEVRA, BARWALA ROAD , DISTT. HISAR",,,,AICTE Approved,Post Graduate; Under Graduate,Aeronautical Engineering; Agricultural Engineering; Civil Engineering; Computer Sceince & Engineering; Computer Science & Engineering; Computer Science And Engineering (Artificial Intelligence And Machine Learning); Computer Science And Engineering (Internet Of Things And Cyber Security Including Block Chain Techno; Electrical Engineering; Electronics & Communication Engg; Electronics And Communications Engineering,462,,,,,,,,,,,,,,Contact College,,,AICTE Official Institutional Disclosures,2021,,,,,,,,,,,,,,,,https://www.aicte-india.org,False,Medium,False
1-44641893029,"B. M. INSTITUTE OF ENGINEERING AND TECHNOLOGY, SONEPAT","Deenbandhu Chhotu Ram University of Science and Technology, Murthal",Private-Self Financing,Private,Haryana,Sonepat,SONEPAT,"BAHALGARH ROAD, OPPPOSITE FAZILPUR POWER SUBSTATION, SONEPAT, 131001",,,,AICTE Approved,Under Graduate,Bba; Bca; Computer Science & Engineering (Artificial Intelligence And Machine Learning); Computer Science And Engineering; Computer Science And Engineering (Data Science),300,,,,,,,,,,,,,,Contact College,,,AICTE Official Institutional Disclosures,2021,,,,,,,,,,,,,,,,https://www.aicte-india.org,False,Medium,False
1-44644462200,SMT. SUSHMA SWARAJ GOVERNMENT COLLEGE FOR GIRLS BALLABGARH,"Maharshi Dayanand University, Rohtak",Government,Government,Haryana,Faridabad,FARIDABAD,"SMT. SUSHMA SWARAJ GOVT. COLLEGE FOR GIRLS, BALLABGARH, SECTOR - 2,",,,,AICTE Approved,Under Graduate,Bba; Bca,160,,,,,,,,,,,,,,Contact College,,,AICTE Official Institutional Disclosures,2021,,,,,,,,,,,,,,,,https://www.aicte-india.org,False,Medium,False
1-44642895041,G.V.M. INSTITUTE OF TECHNOLOGY & MANAGEMENT (FOR GIRLS),"Deenbandhu Chhotu Ram University of Science and Technology, Murthal",Private-Self Financing,Private,Haryana,Sonepat,SONEPAT,"G.V.M. INSTITUTE OF TECHNOLOGY & MANAGEMENT (FOR GIRLS) MURTHAL ROAD, SONIPAT - 131001",,,,AICTE Approved,Post Graduate; Under Graduate,Bba; Bca; Master Of Computer Applications; Mba(General Management),240,,,,,,,,,,,,,,Contact College,,,AICTE Official Institutional Disclosures,2021,,,,,,,,,,,,,,,,https://www.aicte-india.org,False,Medium,False
1-44640991138,MEWAT ENGINEERING COLLEGE (WAQF),"Gurugram University, Gurugram, Haryana",Govt aided,Government,Haryana,Mewat,MEWAT,VILLAGE PALLA TEHSIL NUH DISTRICT MEWAT,,,,AICTE Approved,Under Graduate,Civil Engineering; Computer Science & Engineering; Electrical And Electronics Engineering; Electronics And Communication Engineering; Mechanical Engineering,270,,,,,,,,,,,,,,Contact College,,,AICTE Official Institutional Disclosures,2021,,,,,,,,,,,,,,,,https://www.aicte-india.org,False,Medium,False
1-44644148893,K L MEHTA DAYANAND COLLEGE FOR WOMEN FARIDABAD,"Maharshi Dayanand University, Rohtak",Govt aided,Government,Haryana,Faridabad,FARIDABAD,K L MEHTA MARG NH-3 NIT FARIDABAD,,,,AICTE Approved,Under Graduate,Bba; Bca,180,,,,,,,,,,,,,,Contact College,,,AICTE Official Institutional Disclosures,2021,,,,,,,,,,,,,,,,https://www.aicte-india.org,False,Medium,False
1-44783739353,ARYA GIRLS COLLEGE AMBALA CANTT,"Kurukshetra University, Kurukshetra",Govt aided,Government,Haryana,Ambala,AMBALA,52 STAFF ROAD ARYA GIRLS COLLEGE AMBALA CANTT,,,,AICTE Approved,Under Graduate,Bca,60,,,,,,,,,,,,,,Contact College,,,AICTE Official Institutional Disclosures,2021,,,,,,,,,,,,,,,,https://www.aicte-india.org,False,Medium,False
1-44643945376,STATE INSTITUTE OF ENGINEERING AND TECHNOLOGY PANCHKULA,"Kurukshetra University, Kurukshetra",Government,Government,Haryana,Panchkula,PANCHKULA,"STATE INSTITUTE OF ENGINEERING AND TECHNOLOGY PANCHKULA (SIET-PANCHKULA) IN THE CAMPUS OF GOVT. POLYTECHNIC, SECTOR-26 PANCHKULA",,,,AICTE Approved,Under Graduate,Computer Science And Engineering (Artificial Intelligence And Machine Learning); Computer Science And Engineering (Cyber Security); Robotics And Automation,180,,,,,,,,,,,,,,Contact College,,,AICTE Official Institutional Disclosures,2021,,,,,,,,,,,,,,,,https://www.aicte-india.org,False,Medium,False
1-44644069416,ARYA KANYA MAHAVIDYALAYA GURUKUL,"Kurukshetra University, Kurukshetra",Private-Self Financing,Private,Haryana,Karnal,KARNAL,V.P.O. MOR MAJRA,,,,AICTE Approved,Under Graduate,Bba; Bca,120,,,,,,,,,,,,,,Contact College,,,AICTE Official Institutional Disclosures,2021,,,,,,,,,,,,,,,,https://www.aicte-india.org,False,Medium,False
1-44638369257,RAO NEKIRAM MEMORIAL COLLEGE,GURUGRAM UNIVERSITY,Private-Self Financing,Private,Haryana,Gurgaon,GURGAON,"VILL.TURKAPUR,SUB -TEHSIL-FARRUKHNAGAR,TEHSIL-PATAUDI",,,,AICTE Approved,Post Graduate,Mba,300,,,,,,,,,,,,,,Contact College,,,AICTE Official Institutional Disclosures,2021,,,,,,,,,,,,,,,,https://www.aicte-india.org,False,Medium,False
1-44644772150,GCW SIRSA,"Chaudhary Devi Lal University, Sirsa",Government,Government,Haryana,Sirsa,SIRSA,OPPOSITE BAL BHAWAN BARNALA ROAD SIRSA,,,,AICTE Approved,Under Graduate,Bba; Bca,160,,,,,,,,,,,,,,Contact College,,,AICTE Official Institutional Disclosures,2021,,,,,,,,,,,,,,,,https://www.aicte-india.org,False,Medium,False
1-44644388006,SWAMI VIVEKANAND GOVT COLLEGE GHUMARWIN,"Himachal Pradesh University, Shimla",Government,Government,Himachal Pradesh,Bilaspur,BILASPUR,SWAMI VIVEKANAND GOVT COLLEGE -GHUMARWIN TEHSIL GHUMARWIN DISTT BILASPUR H.P,,,,AICTE Approved,Under Graduate,Bba; Bca,110,,,,,,,,,,,,,,Contact College,,,AICTE Official Institutional Disclosures,2021,,,,,,,,,,,,,,,,https://www.aicte-india.org,False,Medium,False
1-44671738281,KDC GOVT DEGREE COLLEGE JAISINGHPUR,"Himachal Pradesh University, Shimla",Government,Government,Himachal Pradesh,Kangra,KANGRA,KDC GOVT DEGREE COLLEGE JAISINGHPUR,,,,AICTE Approved,Under Graduate,Bca,60,,,,,,,,,,,,,,Contact College,,,AICTE Official Institutional Disclosures,2021,,,,,,,,,,,,,,,,https://www.aicte-india.org,False,Medium,False
1-44671746572,PSR GOVT. COLLEGE BAIJNATH,"Himachal Pradesh University, Shimla",Government,Government,Himachal Pradesh,Kangra,KANGRA,PSR GOVT DEGREE COLLEGE BAIJNATH,,,,AICTE Approved,Under Graduate,Bba; Bca,100,,,,,,,,,,,,,,Contact College,,,AICTE Official Institutional Disclosures,2021,,,,,,,,,,,,,,,,https://www.aicte-india.org,False,Medium,False
1-44644341818,VIJAY INSTITUTE OF HIGHER EDUCATION,"Himachal Pradesh University, Shimla",Private-Self Financing,Private,Himachal Pradesh,Mandi,MANDI,"OPP.SLBS GOVT.MEDICAL COLLEGE NERCHOWK, V.P.O. BHANGROTU,TEH.BALH,DISTT.MANDI H.P. 175021",,,,AICTE Approved,Under Graduate,Bba; Bca,110,,,,,,,,,,,,,,Contact College,,,AICTE Official Institutional Disclosures,2021,,,,,,,,,,,,,,,,https://www.aicte-india.org,False,Medium,False
1-44644192754,LAUREATE INSTITUTE OF MANAGEMENT AND INFORMATION TECHNOLOGY,"Himachal Pradesh University, Shimla",Private-Self Financing,Private,Himachal Pradesh,Kangra,KANGRA,VPO KATHOG TEHSIL JAWALAJI DISTRICT KANGRA HP,,,,AICTE Approved,Under Graduate,Bba; Bca,150,,,,,,,,,,,,,,Contact College,,,AICTE Official Institutional Disclosures,2021,,,,,,,,,,,,,,,,https://www.aicte-india.org,False,Medium,False
1-44644177843,MINERVA COLLEGE OF EDUCATION,"Himachal Pradesh University, Shimla",Private-Self Financing,Private,Himachal Pradesh,Kangra,KANGRA,"VILL. CHANGRARA, P.O. BHAPOO, TEH. INDORA, DISTT. KANGRA HP",,,,AICTE Approved,Under Graduate,Bca,80,,,,,,,,,,,,,,Contact College,,,AICTE Official Institutional Disclosures,2021,,,,,,,,,,,,,,,,https://www.aicte-india.org,False,Medium,False
1-44644777091,GOVERNMENT COLLEGE BHORANJ TARKWARI,"Himachal Pradesh University, Shimla",Government,Government,Himachal Pradesh,Hamirpur,HAMIRPUR,PRINCIPAL GOVERNMENT COLLEGE BHORANJ TARKWARI,,,,AICTE Approved,Under Graduate,Bca,50,,,,,,,,,,,,,,Contact College,,,AICTE Official Institutional Disclosures,2021,,,,,,,,,,,,,,,,https://www.aicte-india.org,False,Medium,False
1-44644566693,GOVT. COLLEGE BARSAR,"Himachal Pradesh University, Shimla",Government,Government,Himachal Pradesh,Hamirpur,HAMIRPUR,VILL BAROLI P.O. BARSAR TEHSIL BARSAR,,,,AICTE Approved,Under Graduate,Bba; Bca,80,,,,,,,,,,,,,,Contact College,,,AICTE Official Institutional Disclosures,2021,,,,,,,,,,,,,,,,https://www.aicte-india.org,False,Medium,False
1-44644039730,SHRI VISHNU SANATAN DHARAM COLLEGE,"Himachal Pradesh University, Shimla",Govt aided,Government,Himachal Pradesh,Una,UNA,"VILL- BHATOLI, P.O.-AJOULI",,,,AICTE Approved,Under Graduate,Bba; Bca,180,,,,,,,,,,,,,,Contact College,,,AICTE Official Institutional Disclosures,2021,,,,,,,,,,,,,,,,https://www.aicte-india.org,False,Medium,False
1-44644154315,SHOOLINI INSTITUTE OF LIFE SCIENCES AND BUSINESS MANAGEMENT,"Himachal Pradesh University, Shimla",Private-Self Financing,Private,Himachal Pradesh,Solan,SOLAN,"SILB, ANAND CAMPUS, THE MALL, SOLAN. HIMACHAL PRADESH",,,,AICTE Approved,Under Graduate,Bba; Bca,180,,,,,,,,,,,,,,Contact College,,,AICTE Official Institutional Disclosures,2021,,,,,,,,,,,,,,,,https://www.aicte-india.org,False,Medium,False
1-44644896835,GAUTAM COLLEGE,"Himachal Pradesh University, Shimla",Private-Self Financing,Private,Himachal Pradesh,Hamirpur,HAMIRPUR,"WARD NO. 10, NEAR BUS STAND",,,,AICTE Approved,Post Graduate; Under Graduate,Bba; Bca; Mca,240,,,,,,,,,,,,,,Contact College,,,AICTE Official Institutional Disclosures,2021,,,,,,,,,,,,,,,,https://www.aicte-india.org,False,Medium,False
1-44797447203,HIMACHAL INSTITUTE OF MANAGEMENT STUDIES,"Himachal Pradesh Technical University, Hamirpur",Private-Self Financing,Private,Himachal Pradesh,Kangra,KANGRA,VILLAGE  VIDYANAGAR  PO DRAMAN TEHSIL SHAHPUR DISTT KANGRA,,,,AICTE Approved,Under Graduate,Bba; Bca,80,,,,,,,,,,,,,,Contact College,,,AICTE Official Institutional Disclosures,2021,,,,,,,,,,,,,,,,https://www.aicte-india.org,False,Medium,False
1-44641497010,GOVT. PG COLLEGE UNA (HP),"Himachal Pradesh Technical University, Hamirpur",Government,Government,Himachal Pradesh,Una,UNA,GOVT. PG COLLEGE UNA (HP)-174303,,,,AICTE Approved,Post Graduate; Under Graduate,Bba; Bca; Master Of Computer Applications; Mba,320,,,,,,,,,,,,,,Contact College,,,AICTE Official Institutional Disclosures,2021,,,,,,,,,,,,,,,,https://www.aicte-india.org,False,Medium,False
1-44644310339,LLR INSTITUTE OF MANAGEMENT,"Himachal Pradesh University, Shimla",Private-Self Financing,Private,Himachal Pradesh,Solan,SOLAN,"VILL. JABLI-KYAR, P.O. OACHGHAT",,,,AICTE Approved,Under Graduate,Bba; Bca,120,,,,,,,,,,,,,,Contact College,,,AICTE Official Institutional Disclosures,2021,,,,,,,,,,,,,,,,https://www.aicte-india.org,False,Medium,False
1-44644995043,GOVERNMENT COLLGE NAURA,"Himachal Pradesh University, Shimla",Government,Government,Himachal Pradesh,Kangra,KANGRA,VPO NAURA TESHIL DHEERA,,,,AICTE Approved,Under Graduate,Bba; Bca,80,,,,,,,,,,,,,,Contact College,,,AICTE Official Institutional Disclosures,2021,,,,,,,,,,,,,,,,https://www.aicte-india.org,False,Medium,False
1-44638815464,"SCHOOL OF COMPUTER SCIENCE ENGINEERING & TECHNOLOGY, GOVERNMENT COLLEGE DHARAMSHALA","Himachal Pradesh Technical University, Hamirpur",Government,Government,Himachal Pradesh,Kangra,KANGRA,CIVIL LINE DHARAMSHALA,,,,AICTE Approved,Under Graduate,Computer Science & Engineering,60,,,,,,,,,,,,,,Contact College,,,AICTE Official Institutional Disclosures,2021,,,,,,,,,,,,,,,,https://www.aicte-india.org,False,Medium,False
1-44644161830,MCM DAV COLLEGE KANGRA,"Himachal Pradesh University, Shimla",Govt aided,Government,Himachal Pradesh,Kangra,KANGRA,KANGRA,,,,AICTE Approved,Under Graduate,Bca,60,,,,,,,,,,,,,,Contact College,,,AICTE Official Institutional Disclosures,2021,,,,,,,,,,,,,,,,https://www.aicte-india.org,False,Medium,False
1-44644496570,GOVERNMENT COLLEGE SNAJAULI SHIMLA,"Himachal Pradesh University, Shimla",Government,Government,Himachal Pradesh,Shimla,SHIMLA,GC SANJAULI SHIMLA,,,,AICTE Approved,Under Graduate,Bba; Bca,100,,,,,,,,,,,,,,Contact College,,,AICTE Official Institutional Disclosures,2021,,,,,,,,,,,,,,,,https://www.aicte-india.org,False,Medium,False
1-44636970118,HIMACHAL PRADESH TECHNICAL UNIVERSITY,NOT APPLICABLE,State Government University,Government,Himachal Pradesh,Hamirpur,HAMIRPUR,VILLAGE & POST OFFICE-DARUHI,,,,AICTE Approved,Post Graduate; Under Graduate,Computer Science & Engineering; Mca,144,,,,,,,,,,,,,,Contact College,,,AICTE Official Institutional Disclosures,2021,,,,,,,,,,,,,,,,https://www.aicte-india.org,False,Medium,False
1-44638135699,LR ENGINEERING AND TECHNOLOGY,"Himachal Pradesh Technical University, Hamirpur",Private-Self Financing,Private,Himachal Pradesh,Solan,SOLAN,"VILLAGE JABLI-KYAR, P.O. OACHGHAT,",,,,AICTE Approved,Diploma; Post Graduate; Under Graduate,Civil Engineering; Computer Engineering; Computer Science And Engineering; Computer Science And Engineering (Artificial Intelligence And Machine Learning); Electrical Engineering; Mba; Mechanical Engineering,300,,,,,,,,,,,,,,Contact College,,,AICTE Official Institutional Disclosures,2021,,,,,,,,,,,,,,,,https://www.aicte-india.org,False,Medium,False
1-44642645645,HIMALAYAN INSTITUTE OF ENGINEERING & TECHNOLOGY,"Himachal Pradesh Technical University, Hamirpur",Private-Self Financing,Private,Himachal Pradesh,Sirmaur,SIRMAUR,"SADHORA ROAD, KALA-AMB, TEH. NAHAN, DISTT SIRMOUR, HIMACHAL PARDESH.",,,,AICTE Approved,Under Graduate,Civil Engineering; Computer Science And Engineering; Computer Science And Engineering (Artificial Intelligence And Machine Learning); Electrical Engineering; Mechanical Engineering,270,,,,,,,,,,,,,,Contact College,,,AICTE Official Institutional Disclosures,2021,,,,,,,,,,,,,,,,https://www.aicte-india.org,False,Medium,False
1-44640852767,"K.L.B. D.A.V. COLLEGE FOR GIRLS, PALAMPUR","Himachal Pradesh University, Shimla",Private-Self Financing,Private,Himachal Pradesh,Kangra,KANGRA,KLBDAV GIRLS COLLEGE VPO BUNDLA  TEH PALAMPUR DISTT KANGRA,,,,AICTE Approved,Post Graduate; Under Graduate,Bba; Bca; Masters In Computer Applications,120,,,,,,,,,,,,,,Contact College,,,AICTE Official Institutional Disclosures,2021,,,,,,,,,,,,,,,,https://www.aicte-india.org,False,Medium,False
1-44638884483,GOVERNMENT HYDRO ENGINEERING COLLEGE BANDLA,"Himachal Pradesh Technical University, Hamirpur",Government,Government,Himachal Pradesh,Bilaspur,BILASPUR,VPO-BANDLA TEHSIL-BILASPUR,,,,AICTE Approved,Post Graduate; Under Graduate,Civil Engineering; Computer Science & Engineering; Computer Science And Engineering (Data Science); Electric Vehicle Technology; Electrical Engineering; Mechanical Engineering,312,,,,,,,,,,,,,,Contact College,,,AICTE Official Institutional Disclosures,2021,,,,,,,,,,,,,,,,https://www.aicte-india.org,False,Medium,False
1-44644373561,ABVGD COLLEGE BANGANA,"Himachal Pradesh University, Shimla",Government,Government,Himachal Pradesh,Una,UNA,VPO BANGANA TEH BANGANA,,,,AICTE Approved,Under Graduate,Bba; Bca,80,,,,,,,,,,,,,,Contact College,,,AICTE Official Institutional Disclosures,2021,,,,,,,,,,,,,,,,https://www.aicte-india.org,False,Medium,False
1-44644796707,CTNT STUDY CENTRE,"Makhanlal Chaturvedi National University of Journalism, Bhopal",Private-Self Financing,Private,Himachal Pradesh,Mandi,MANDI,"CTNT STUDY CENTRE, 27/5 ARMY CANTEEN ROAD PALACE COLONY MANDI",,,,AICTE Approved,Under Graduate,Bca,40,,,,,,,,,,,,,,Contact College,,,AICTE Official Institutional Disclosures,2021,,,,,,,,,,,,,,,,https://www.aicte-india.org,False,Medium,False
1-44644612613,MAHARAJA LAKSHMAN SEN MEMORIAL COLLEGE,"Himachal Pradesh University, Shimla",Private-Self Financing,Private,Himachal Pradesh,Mandi,MANDI,"POST OFFICE CHATROKHARI, SUNDERNAGAR,",,,,AICTE Approved,Under Graduate,Bba; Bca,120,,,,,,,,,,,,,,Contact College,,,AICTE Official Institutional Disclosures,2021,,,,,,,,,,,,,,,,https://www.aicte-india.org,False,Medium,False
1-44642637632,GREEN HILLS ENGINEERING COLLEGE,"Himachal Pradesh Technical University, Hamirpur",Private-Self Financing,Private,Himachal Pradesh,Solan,SOLAN,"GREEN HILLS ENGINEERING COLLEGE VILL-GANDHIGRAM, P.O. BAHOLI, KUMARHATTI-NAHAN ROAD, KUMARHATTI, DISTT. SOLAN (H.P.)-173229",,,,AICTE Approved,Under Graduate,Civil Engineering; Computer Science And Engineering; Electrical Engineering; Mechanical Engineering,240,,,,,,,,,,,,,,Contact College,,,AICTE Official Institutional Disclosures,2021,,,,,,,,,,,,,,,,https://www.aicte-india.org,False,Medium,False
1-44638657617,MAHATMA GANDHI GOVERNMENT ENGINEERING COLLEGE KOTLA JEORI,"Himachal Pradesh Technical University, Hamirpur",Government,Government,Himachal Pradesh,Shimla,SHIMLA,"KOTLA (JEORI) ,TEHSILRAMPUR BUSHAHR, HIMACHAL PRADESH",,,,AICTE Approved,Under Graduate,B.Tech (Civil Engineering); B.Tech (Mechanical Engineering),120,,,,,,,,,,,,,,Contact College,,,AICTE Official Institutional Disclosures,2021,,,,,,,,,,,,,,,,https://www.aicte-india.org,False,Medium,False
1-44644646649,VALLABH GOVT COLLEGE MANDI,"Himachal Pradesh University, Shimla",Government,Government,Himachal Pradesh,Mandi,MANDI,VGC MANDI H.P.,,,,AICTE Approved,Under Graduate,Bba; Bca,200,,,,,,,,,,,,,,Contact College,,,AICTE Official Institutional Disclosures,2021,,,,,,,,,,,,,,,,https://www.aicte-india.org,False,Medium,False
1-44644075484,MAHARANA PRATAP GOVT. DEGREE COLLEGE AMB,"Himachal Pradesh University, Shimla",Government,Government,Himachal Pradesh,Una,UNA,MAHARANA PRATAP GOVT. DEGREE COLLEGE AMB,,,,AICTE Approved,Under Graduate,Bba; Bca,120,,,,,,,,,,,,,,Contact College,,,AICTE Official Institutional Disclosures,2021,,,,,,,,,,,,,,,,https://www.aicte-india.org,False,Medium,False
1-44644636711,RKMV SHIMLA LONGWOOD,"Himachal Pradesh University, Shimla",Government,Government,Himachal Pradesh,Shimla,SHIMLA,RKMV SHIMLA LONGWOOD,,,,AICTE Approved,Under Graduate,Bca,60,,,,,,,,,,,,,,Contact College,,,AICTE Official Institutional Disclosures,2021,,,,,,,,,,,,,,,,https://www.aicte-india.org,False,Medium,False
1-44639567635,GOVT. PG COLLEGE DHARAMSHALA,"Himachal Pradesh Technical University, Hamirpur",Government,Government,Himachal Pradesh,Kangra,KANGRA,CIVIL LINES GOVT. COLLEGE DHARAMSHALA,,,,AICTE Approved,Post Graduate,Masters In Computer Applications; Mba,120,,,,,,,,,,,,,,Contact College,,,AICTE Official Institutional Disclosures,2021,,,,,,,,,,,,,,,,https://www.aicte-india.org,False,Medium,False
1-44641320336,ATAL BIHARI VAJPAYEE GOVT. INSTITUTE OF ENGINEERING & TECHNOLOGY ( DEGREE PROGRAMME),"Himachal Pradesh Technical University, Hamirpur",Government,Government,Himachal Pradesh,Shimla,SHIMLA,"ATAL BIHARI VAJPAYEE GOVT. INSTITUTE OF ENGINEERING & TECHNOLOGY ( DEGREE PROGRAMME),  PRAGATINAGAR",,,,AICTE Approved,Under Graduate,Civil Engineering; Computer Science & Engineering; Electrical Engineering; Electronics And Communications Engineering; Mechanical Engineering,240,,,,,,,,,,,,,,Contact College,,,AICTE Official Institutional Disclosures,2021,,,,,,,,,,,,,,,,https://www.aicte-india.org,False,Medium,False
1-44645058624,GOVERNMENT DEGREE COLLEGE NAGROTA SURIAN,"Himachal Pradesh University, Shimla",Government,Government,Himachal Pradesh,Kangra,KANGRA,VPO NAGROTA SURIAN TEHSIL JAWALI,,,,AICTE Approved,Under Graduate,Bca,60,,,,,,,,,,,,,,Contact College,,,AICTE Official Institutional Disclosures,2021,,,,,,,,,,,,,,,,https://www.aicte-india.org,False,Medium,False
1-44640234321,"UNIVERSITY INSTITUTE OF TECHNOLOGY, HIMACHAL PRADESH UNIVERSITY, SUMMERHILL SHIMLA",NOT APPLICABLE,State Government University,Government,Himachal Pradesh,Shimla,SHIMLA,"SILVERWOOD ESTATE, NEAR POLICE CHAWKI, H.P.UNIVERSITY, SUMMERHILL SHIMLA",,,,AICTE Approved,Post Graduate; Under Graduate,Civil Engineering; Computer Science And Engineering; Electrical Engineering; Electronics And Communication Engineering; Geotechnical Engineering; Information Technology; Power And Energy System,390,,,,,,,,,,,,,,Contact College,,,AICTE Official Institutional Disclosures,2021,,,,,,,,,,,,,,,,https://www.aicte-india.org,False,Medium,False
1-44798020753,DRONACHARYA PG COLLEGE OF EDUCATION,"Himachal Pradesh University, Shimla",Private-Self Financing,Private,Himachal Pradesh,Kangra,KANGRA,VPO- RAIT TEHSIL-SHAHPUR DISTRICT KANGRA,,,,AICTE Approved,Under Graduate,Bba; Bca,170,,,,,,,,,,,,,,Contact College,,,AICTE Official Institutional Disclosures,2021,,,,,,,,,,,,,,,,https://www.aicte-india.org,False,Medium,False
1-44644456616,KC INSTITUTE OF MANAGEMENT,"Himachal Pradesh University, Shimla",Private-Self Financing,Private,Himachal Pradesh,Una,UNA,VPO PANDOGA UPARLA TEHSIL AND DISTT. UNA,,,,AICTE Approved,Under Graduate,Bba; Bca,120,,,,,,,,,,,,,,Contact College,,,AICTE Official Institutional Disclosures,2021,,,,,,,,,,,,,,,,https://www.aicte-india.org,False,Medium,False
1-44640831480,GAUTAM INSTITUTE OF MANAGEMENT & TECHNOLOGY,"Himachal Pradesh Technical University, Hamirpur",Private-Self Financing,Private,Himachal Pradesh,Hamirpur,HAMIRPUR,"WARD NO-10, DISTT. HAMIRPUR (HP)",,,,AICTE Approved,Post Graduate,Mba,120,,,,,,,,,,,,,,Contact College,,,AICTE Official Institutional Disclosures,2021,,,,,,,,,,,,,,,,https://www.aicte-india.org,False,Medium,False
1-44644113506,MSCM GOVT COLLEGE THURAL,"Himachal Pradesh University, Shimla",Government,Government,Himachal Pradesh,Kangra,KANGRA,MSCM GOVT COLLEGE THURAL  DISTT KANGRA HP PIN 176107,,,,AICTE Approved,Under Graduate,Bca,60,,,,,,,,,,,,,,Contact College,,,AICTE Official Institutional Disclosures,2021,,,,,,,,,,,,,,,,https://www.aicte-india.org,False,Medium,False
1-44644923005,THAKUR JAGDEV CHAND MEMORIAL GOVERNMENT DEGREE COLLEGE SUJANPUR TIHRA,"Himachal Pradesh University, Shimla",Government,Government,Himachal Pradesh,Hamirpur,HAMIRPUR,"THAKUR JAGDEV CHAND MEMORIAL GOVERNMENT DEGREE COLLEGE SUJANPUR TIHRA, P.O.& TEH. SUJANPUR TIHRA, DISTT. HAMIRPUR H.P. 176110",,,,AICTE Approved,Under Graduate,Bba; Bca,120,,,,,,,,,,,,,,Contact College,,,AICTE Official Institutional Disclosures,2021,,,,,,,,,,,,,,,,https://www.aicte-india.org,False,Medium,False
1-44638717080,VAISHNO COLLEGE OF ENGINEERING,"Himachal Pradesh Technical University, Hamirpur",Private-Self Financing,Private,Himachal Pradesh,Kangra,KANGRA,"VILLAGE - THAPKOUR, POST OFFICE - BHADROYA, TEHSIL NURPUR, DISTT. KANGRA, H.P",,,,AICTE Approved,Diploma; Under Graduate,Civil Engineering; Computer Science And Engineering; Electrical Engineering; Mechanical Engineering,240,,,,,,,,,,,,,,Contact College,,,AICTE Official Institutional Disclosures,2021,,,,,,,,,,,,,,,,https://www.aicte-india.org,False,Medium,False
1-44644810769,GOVT.DEGREE COLLEGE INDORA,"Himachal Pradesh University, Shimla",Government,Government,Himachal Pradesh,Kangra,KANGRA,"GOVT.DEGREE COLLGE,INDORA TEHSIL-INDORA DISTT-KANGRA",,,,AICTE Approved,Under Graduate,Bba; Bca,120,,,,,,,,,,,,,,Contact College,,,AICTE Official Institutional Disclosures,2021,,,,,,,,,,,,,,,,https://www.aicte-india.org,False,Medium,False
1-44643704736,T.R. ABHILASHI MEMORIAL INSTITUTE OF ENGINEERING AND TECHNOLOGY,"Himachal Pradesh Takniki Shiksha Board , Dharamshala",Private-Self Financing,Private,Himachal Pradesh,Mandi,MANDI,"TANDA, P.O. BALT (NER CHOWK) TEH. SADAR, DISTT. MANDI H.P.",,,,AICTE Approved,Diploma; Under Graduate,Civil Engineering; Computer Science And Engineering; Electrical Engineering,180,,,,,,,,,,,,,,Contact College,,,AICTE Official Institutional Disclosures,2021,,,,,,,,,,,,,,,,https://www.aicte-india.org,False,Medium,False
1-44644469382,ST. BEDE'S COLLEGE,"Himachal Pradesh University, Shimla",Govt aided,Government,Himachal Pradesh,Shimla,SHIMLA,NAV BAHAR SHIMLA,,,,AICTE Approved,Under Graduate,Bba; Bca,120,,,,,,,,,,,,,,Contact College,,,AICTE Official Institutional Disclosures,2021,,,,,,,,,,,,,,,,https://www.aicte-india.org,False,Medium,False
1-44638316952,RAJIV GANDHI GOVT. ENGG. COLLEGE KANGRA AT NAGROTA KANGRA,"Himachal Pradesh Technical University, Hamirpur",Government,Government,Himachal Pradesh,Kangra,KANGRA,"RAJIV GANDHI GOVT. ENGG. COLLEGE KANGRA VILLAGE - MASSAL, TEHSIL NAGROTA BAGWAN",,,,AICTE Approved,Under Graduate,Civil Engineering; Computer Science And Engineering (Artificial Intelligence And Data Science); Electrical Engineering; Electronics And Communications Engineering; Mechanical Engineering,300,,,,,,,,,,,,,,Contact College,,,AICTE Official Institutional Disclosures,2021,,,,,,,,,,,,,,,,https://www.aicte-india.org,False,Medium,False
1-44645000384,RAJIV GANDHI MEMORIAL GOVT COLLEGE JOGINDER NAGAR,"Himachal Pradesh University, Shimla",Government,Government,Himachal Pradesh,Mandi,MANDI,RAJIV GANDHI MEMORIAL GOVT COLLEGE JOGINDER NAGAR,,,,AICTE Approved,Under Graduate,Bba; Bca,100,,,,,,,,,,,,,,Contact College,,,AICTE Official Institutional Disclosures,2021,,,,,,,,,,,,,,,,https://www.aicte-india.org,False,Medium,False
1-44644795360,GOVERNMENT COLLEGE DHALIARA,"Himachal Pradesh University, Shimla",Government,Government,Himachal Pradesh,Kangra,KANGRA,VPO DHALIARA TEHSIL DEHRA,,,,AICTE Approved,Under Graduate,Bba; Bca,160,,,,,,,,,,,,,,Contact College,,,AICTE Official Institutional Disclosures,2021,,,,,,,,,,,,,,,,https://www.aicte-india.org,False,Medium,False
1-44753489193,SHIVA COLLEGE OF EDUCATION,"Himachal Pradesh University, Shimla",Private-Self Financing,Private,Himachal Pradesh,Bilaspur,BILASPUR,VILL BAROTA PO LUHARWIN TEH GHUMARWIN DISTT BILASPUR HP-174021,,,,AICTE Approved,Under Graduate,Bca,100,,,,,,,,,,,,,,Contact College,,,AICTE Official Institutional Disclosures,2021,,,,,,,,,,,,,,,,https://www.aicte-india.org,False,Medium,False
1-44638722251,HIMACHAL INSTITUTE OF ENGINERING AND TECHNOLOGY,"Himachal Pradesh Technical University, Hamirpur",Private-Self Financing,Private,Himachal Pradesh,Kangra,KANGRA,"HIET, SHAHPUR(AT VIDYANAGAR), DISTT. KANGRA(HP)",,,,AICTE Approved,Diploma; Post Graduate; Under Graduate,Civil Engineering; Computer Engineering; Computer Science And Engineering; Electrical And Electronics Engineering; Electrical Engineering; Mechanical Engineering,294,,,,,,,,,,,,,,Contact College,,,AICTE Official Institutional Disclosures,2021,,,,,,,,,,,,,,,,https://www.aicte-india.org,False,Medium,False
1-44644356454,LAL BAHADUR SHASTRI GOVT. DEGREE COLLEGE SARASWATI NAGAR,"Himachal Pradesh University, Shimla",Government,Government,Himachal Pradesh,Shimla,SHIMLA,"LAL BAHADUR SHASTRI GOVT. DEGREE COLLEGE SARASWATI NAGAR, P.O. HATKOTI, TEHSIL JUBBAL",,,,AICTE Approved,Under Graduate,Bca,60,,,,,,,,,,,,,,Contact College,,,AICTE Official Institutional Disclosures,2021,,,,,,,,,,,,,,,,https://www.aicte-india.org,False,Medium,False
1-44641619004,HIMALAYAN INSTITUTE OF COMPUTER SCIENCES,"Himachal Pradesh University, Shimla",Private-Self Financing,Private,Himachal Pradesh,Sirmaur,SIRMAUR,"SADHORA ROAD, KALA-AMB, DISTT. SIRMOUR (H.P)",,,,AICTE Approved,Under Graduate,Bca,80,,,,,,,,,,,,,,Contact College,,,AICTE Official Institutional Disclosures,2021,,,,,,,,,,,,,,,,https://www.aicte-india.org,False,Medium,False
1-44643090485,K.C.GROUP OF RESEARCH & PROFESSIONAL INSTITITUES PANDOGA,"Himachal Pradesh Technical University, Hamirpur",Private-Self Financing,Private,Himachal Pradesh,Una,UNA,"V.P.O PANDOGA UPARLA TEH & DIST. UNA, HIMACHAL PRADESH",,,,AICTE Approved,Post Graduate; Under Graduate,Civil Engineering; Computer Science & Engineering; Electrical Engineering; Mba; Mechanical Engineering,270,,,,,,,,,,,,,,Contact College,,,AICTE Official Institutional Disclosures,2021,,,,,,,,,,,,,,,,https://www.aicte-india.org,False,Medium,False
1-44641140308,JAWAHARLAL NEHRU  GOVERNMENT  ENGINEERING  COLLEGE,"Himachal Pradesh Technical University, Hamirpur",Government,Government,Himachal Pradesh,Mandi,MANDI,SUNDERNAGAR                                DISTT. MANDI HIMACHAL PRADESH -174401,,,,AICTE Approved,Post Graduate; Under Graduate,B. Tech - Computer Science And Engineering (Artificial Intelligence And Machine Learning); Civil (Construction Engineering And Management ); Civil Engineering; Electronics & Communication Engg; Mechanical Engineering; Textile Engineering,312,,,,,,,,,,,,,,Contact College,,,AICTE Official Institutional Disclosures,2021,,,,,,,,,,,,,,,,https://www.aicte-india.org,False,Medium,False
1-44644537781,NETAJI SUBHASH CHANDER BOSE MEMORIAL GOVT. COLLEGE HAMIRPUR,"Himachal Pradesh University, Shimla",Government,Government,Himachal Pradesh,Hamirpur,HAMIRPUR,NSCBM GOVT COLLEGE HAMIRPUR ANOO,,,,AICTE Approved,Under Graduate,Bba; Bca,200,,,,,,,,,,,,,,Contact College,,,AICTE Official Institutional Disclosures,2021,,,,,,,,,,,,,,,,https://www.aicte-india.org,False,Medium,False
1-44641424894,HIMALAYAN INSTITUTE OF MANAGEMENT,"Himachal Pradesh Technical University, Hamirpur",Private-Self Financing,Private,Himachal Pradesh,Sirmaur,SIRMAUR,"SADHORA ROAD, KALA-AMB, DISTT. SIRMOUR (H.P)",,,,AICTE Approved,Post Graduate; Under Graduate,Bba; Mba,170,,,,,,,,,,,,,,Contact College,,,AICTE Official Institutional Disclosures,2021,,,,,,,,,,,,,,,,https://www.aicte-india.org,False,Medium,False
1-44644380372,GOSWAMI GANESH DUTT SANATAN DHARAM COLLEGE RAJPUR,"Himachal Pradesh University, Shimla",Private-Self Financing,Private,Himachal Pradesh,Kangra,KANGRA,"GGDSD EDUCATION SOCIETY BAIJNATH, C/0 GGDSD COLLEGE RAJPUR (PALAMPUR)",,,,AICTE Approved,Under Graduate,Bba; Bca,165,,,,,,,,,,,,,,Contact College,,,AICTE Official Institutional Disclosures,2021,,,,,,,,,,,,,,,,https://www.aicte-india.org,False,Medium,False
1-44756090293,FREEDOM FIGHTER PT. SUSHEEL RATTAN GOVT. COLLEGE JAWALAMUKHI,"Himachal Pradesh University, Shimla",Government,Government,Himachal Pradesh,Kangra,KANGRA,"UCHHAHR, SHIMLA-KANGRA RD, JAWALAMUKHI, HIMACHAL PRADESH, PINCODE : 176031",,,,AICTE Approved,Under Graduate,Bba; Bca,100,,,,,,,,,,,,,,Contact College,,,AICTE Official Institutional Disclosures,2021,,,,,,,,,,,,,,,,https://www.aicte-india.org,False,Medium,False
1-44644336695,GOVT COLLEGE DAULATPUR CHOWK,"Himachal Pradesh University, Shimla",Government,Government,Himachal Pradesh,Una,UNA,VPO DAULATPIUR CHOWK TEHSIL GHANARI DISTRIC UNA (H.P.)-177204,,,,AICTE Approved,Under Graduate,Bba; Bca,160,,,,,,,,,,,,,,Contact College,,,AICTE Official Institutional Disclosures,2021,,,,,,,,,,,,,,,,https://www.aicte-india.org,False,Medium,False
1-44641002608,SAI SCHOOL OF ENGINEERINGA & TECHNOLOGY,"Sri Sai University,Palampur",Private-Self Financing,Private,Himachal Pradesh,Kangra,KANGRA,"VPO. SUNGAL,  TEH. PALAMPUR DISTT. KANGRA",,,,AICTE Approved,Post Graduate; Under Graduate,Civil Engineering; Computer Science & Engineering; Electrical Engineering; Electronics & Communication Engg; Mechanical Engineering,244,,,,,,,,,,,,,,Contact College,,,AICTE Official Institutional Disclosures,2021,,,,,,,,,,,,,,,,https://www.aicte-india.org,False,Medium,False
1-44644611697,GOVT. P.G. COLLEGE DHARAMSHALA,"Himachal Pradesh University, Shimla",Government,Government,Himachal Pradesh,Kangra,KANGRA,CIVIL LINE DHARAMSHLA,,,,AICTE Approved,Under Graduate,Bba; Bca,120,,,,,,,,,,,,,,Contact College,,,AICTE Official Institutional Disclosures,2021,,,,,,,,,,,,,,,,https://www.aicte-india.org,False,Medium,False
1-44760102328,CLUSTER UNIVERSITY OF JAMMU,Cluster University of Jammu,State Government University,Government,Jammu and Kashmir,Jammu,JAMMU,"GGM SCIENCE COLLEGE CAMPUS, CANAL ROAD, JAMMU",,,,AICTE Approved,Under Graduate,Bba; Bca,420,,,,,,,,,,,,,,Contact College,,,AICTE Official Institutional Disclosures,2021,,,,,,,,,,,,,,,,https://www.aicte-india.org,False,Medium,False
1-44641730970,SSM COLLEGE OF ENGINEERING,"Kashmir University, Jammu and Kashmir",Private-Self Financing,Private,Jammu and Kashmir,Baramulla,BARAMULLA,"DIVAR,PARIHASPORA,PATTAN,BARAMULLA KASHMIR 193121",,,,AICTE Approved,Post Graduate; Under Graduate,Artificial Intelligence (Ai); Bba; Civil Engineering; Computer Engineering; Electrical Engineering; Electronics & Communication Engg; Masters In Computer Applications; Mba; Mechanical Engineering,1056,,,,,,,,,,,,,,Contact College,,,AICTE Official Institutional Disclosures,2021,,,,,,,,,,,,,,,,https://www.aicte-india.org,False,Medium,False
1-44638239999,"DEPARTMENT OF COMPUTER SCIENCE AND IT, CENTRAL UNIVERSITY OF JAMMU",NOT APPLICABLE,Central University,Government,Jammu and Kashmir,Samba,SAMBA,RAHYA-SUCHANI(BAGLA),,,,AICTE Approved,Post Graduate,Computer Science And Technology,30,,,,,,,,,,,,,,Contact College,,,AICTE Official Institutional Disclosures,2021,,,,,,,,,,,,,,,,https://www.aicte-india.org,False,Medium,False
1-44640352129,MODEL INSTITUTE OF ENGINEERING AND TECHNOLOGY,"Jammu University , Jammu Tawi",Private-Self Financing,Private,Jammu and Kashmir,Jammu,JAMMU,"KOT BHALWAL, JAMMU 181122 JAMMU AND KASHMIR",,,,AICTE Approved,Post Graduate; Under Graduate,Civil Engineering; Computer Science & Engineering; Computer Science And Engineering; Computer Science And Engineering (Artificial Intelligence And Machine Learning); Computer Science And Engineering (Cyber Security); Electrical Engineering; Electronics And Communications Engineering; Masters In Computer Applications; Mba,519,,,,,,,,,,,,,,Contact College,,,AICTE Official Institutional Disclosures,2021,,,,,,,,,,,,,,,,https://www.aicte-india.org,False,Medium,False
1-44640317978,"GOVT. COLLEGE OF ENGINEERING & TECHNOLOGY, JAMMU","Jammu University , Jammu Tawi",Government,Government,Jammu and Kashmir,Jammu,JAMMU,"CHAK BHALWAL, JAMMU",,,,AICTE Approved,Post Graduate; Under Graduate,Civil Engineering; Computer Sceince And Engineering; Computer Science & Engineering; Electrical Engineering; Electronics & Communication Engg; Electronics And Communications Engineering; Mechanical Engineering,390,,,,,,,,,,,,,,Contact College,,,AICTE Official Institutional Disclosures,2021,,,,,,,,,,,,,,,,https://www.aicte-india.org,False,Medium,False
1-44640921401,DEPARTMENT OF COMPUTER SC. & IT,"Jammu University , Jammu Tawi",Government,Government,Jammu and Kashmir,Jammu,JAMMU,"DEPARTMENT OF COMPUTER SC. & IT, UNIVERITY OF JAMMU, BABA SAHEB AMBEDKAR RAOD,JAMMU",,,,AICTE Approved,Post Graduate,Master Of Computer Applications,60,,,,,,,,,,,,,,Contact College,,,AICTE Official Institutional Disclosures,2021,,,,,,,,,,,,,,,,https://www.aicte-india.org,False,Medium,False
1-44645383157,GOVT. COLLEGE FOR WOMEN NAWAKADAL SRINAGAR,UNIVERSITY OF KASHMIR(SRINAGAR),Government,Government,Jammu and Kashmir,Srinagar,SRINAGAR,NAWAKADAL SRINAGAR,,,,AICTE Approved,Post Graduate,Mba,30,,,,,,,,,,,,,,Contact College,,,AICTE Official Institutional Disclosures,2021,,,,,,,,,,,,,,,,https://www.aicte-india.org,False,Medium,False
1-44641791953,MAHANT BACHITTAR SINGH COLLEGE OF ENGENEERING & TECHONOLOGY,"Jammu University , Jammu Tawi",Private-Self Financing,Private,Jammu and Kashmir,Jammu,JAMMU,JEVAN NAGAR BABLIANA,,,,AICTE Approved,Under Graduate,Civil Engineering; Computer Science And Engineering; Computer Science And Engineering (Artificial Intelligence And Machine Learning); Electrical Engineering; Electronics And Communications Engineering; Information Technology; Mechanical Engineering,390,,,,,,,,,,,,,,Contact College,,,AICTE Official Institutional Disclosures,2021,,,,,,,,,,,,,,,,https://www.aicte-india.org,False,Medium,False
1-44643103570,SHRI MATA VAISHNO DEVI UNIVERSITY,None,State Government University,Government,Jammu and Kashmir,Reasi,REASI,"SUB POST OFFICE, KATRA 182320, DIST.REASI, JAMMU AND KASHMIR",,,,AICTE Approved,Integrated; Post Graduate; Under Graduate,Artificial Intelligence; Bba/Mba; Biotechnology; Civil Engineering; Computer Science & Engineering; Design; Electrical Engineering; Electronics & Communication Engg; Energy Systems; Mathematics And Computing,762,,,,,,,,,,,,,,Contact College,,,AICTE Official Institutional Disclosures,2021,,,,,,,,,,,,,,,,https://www.aicte-india.org,False,Medium,False
1-44640356595,YOGANANDA COLLEGE OF ENGINEERING & TECHNOLOGY,"Jammu University , Jammu Tawi",Private-Self Financing,Private,Jammu and Kashmir,Jammu,JAMMU,"GURHA BRAHMANA (PATOLI), AKHNOOR ROAD, JAMMU (J&K)",,,,AICTE Approved,Under Graduate,Civil Engineering; Computer Science And Engineering; Electrical Engineering; Mechanical Engineering,330,,,,,,,,,,,,,,Contact College,,,AICTE Official Institutional Disclosures,2021,,,,,,,,,,,,,,,,https://www.aicte-india.org,False,Medium,False
1-44638439762,DEPARTMENT OF MANAGEMENT STUDIES,"University of Kashmir, Srinagar",Govt aided,Government,Jammu and Kashmir,Srinagar,SRINAGAR,"ISLAMIA COLLEGE OF SCIENCE AND COMMERCE, HAWAL",,,,AICTE Approved,Post Graduate,Mba(General Management),60,,,,,,,,,,,,,,Contact College,,,AICTE Official Institutional Disclosures,2021,,,,,,,,,,,,,,,,https://www.aicte-india.org,False,Medium,False
1-44643420715,SCHOOL OF MANAGEMENT STUDIES,BGSB University,State Government University,Government,Jammu and Kashmir,Rajauri,RAJAURI,BABA GHULAM SHAH BADSHAH UNIVERSITY DHANORE (RAJOIRI),,,,AICTE Approved,Post Graduate; Under Graduate,Bba; Mba,99,,,,,,,,,,,,,,Contact College,,,AICTE Official Institutional Disclosures,2021,,,,,,,,,,,,,,,,https://www.aicte-india.org,False,Medium,False
1-44641322405,ISLAMIC UNIVERSITY OF SCIENCE AND TECHNOLOGY,"Islamic University of Sciences and Technology University, Pulwama",State Government University,Government,Jammu and Kashmir,Pulwama,PULWAMA,ONE UNIVERSITY AVENUE AWANTIPORA PULWAMA KASHMIR,,,,AICTE Approved,Post Graduate; Under Graduate,Civil Engineering; Computer Science & Engineering; Electrical Engineering; Electronics & Communication Engg; Food Technology; Masters In Computer Applications,360,,,,,,,,,,,,,,Contact College,,,AICTE Official Institutional Disclosures,2021,,,,,,,,,,,,,,,,https://www.aicte-india.org,False,Medium,False
1-44639455050,NATIONAL INSTITUTE OF ELECTRONICS AND INFORMATION TECHNOLOGY  SRINAGAR/JAMMU,NIELIT Deemed to be University,Deemed to be University(Govt),Government,Jammu and Kashmir,Srinagar,SRINAGAR,SIDCO ELECTRONICS COMPLEX OLD AIRPORT ROAD RANGRETH,,,,AICTE Approved,Post Graduate; Under Graduate,Bca; Cyber Forensics; Masters In Computer Applications,78,,,,,,,,,,,,,,Contact College,,,AICTE Official Institutional Disclosures,2021,,,,,,,,,,,,,,,,https://www.aicte-india.org,False,Medium,False
1-44641858154,"COLLEGE OF ENGINEERING & TECHNOLOGY, BGSB UNIVERSITY, RAJOURI, J&K",NOT APPLICABLE,State Government University,Government,Jammu and Kashmir,Rajauri,RAJAURI,COLLEGE OF ENGINEERING & TECHNOLOGY BABA GHULAM SHAH BADSHAH UNIVERSITY RAJOURI J&K,,,,AICTE Approved,Under Graduate,Civil Engineering; Computer Science And Engineering; Electrical Engineering; Electronics And Communication Engineering; Information Technology And Engineering,210,,,,,,,,,,,,,,Contact College,,,AICTE Official Institutional Disclosures,2021,,,,,,,,,,,,,,,,https://www.aicte-india.org,False,Medium,False
1-44644412848,DOGRA DEGREE COLLEGE,"Jammu University , Jammu Tawi",Private-Self Financing,Private,Jammu and Kashmir,Jammu,JAMMU,"BARI BRAHMANA, SAMBA",,,,AICTE Approved,Under Graduate,Bba,60,,,,,,,,,,,,,,Contact College,,,AICTE Official Institutional Disclosures,2021,,,,,,,,,,,,,,,,https://www.aicte-india.org,False,Medium,False
1-44640683443,THE BUSINESS SCHOOL,NOT APPLICABLE,State Government University,Government,Jammu and Kashmir,Jammu,JAMMU,"THE BUSINESS SCHOOL, UNIVERSITY OF JAMMU ,BABA SAHEB AMBEDKAR ROAD, BAHU WALI RAKH ,JAMMU",,,,AICTE Approved,Post Graduate,Mba,60,,,,,,,,,,,,,,Contact College,,,AICTE Official Institutional Disclosures,2021,,,,,,,,,,,,,,,,https://www.aicte-india.org,False,Medium,False
1-44641189358,INSTITUTE OF MANAGEMENT SCIENCES,"Jammu University , Jammu Tawi",Private-Self Financing,Private,Jammu and Kashmir,Jammu,JAMMU,"GURHA BRAHMANA (PATOLI), AKHNOOR ROAD, JAMMU (J&K)",,,,AICTE Approved,Post Graduate; Under Graduate,Bba; Bca; Mba,280,,,,,,,,,,,,,,Contact College,,,AICTE Official Institutional Disclosures,2021,,,,,,,,,,,,,,,,https://www.aicte-india.org,False,Medium,False
1-44637291540,IQBAL INSTITUTE OF TECHNOLOGY AND MANAGEMENT,"Kashmir University, Jammu and Kashmir",Private-Self Financing,Private,Jammu and Kashmir,Srinagar,SRINAGAR,"LALOO, SHESHGARIBAGH, HYDERPORA, SRINAGAR",,,,AICTE Approved,Post Graduate; Under Graduate,Bba; Bca; Master Of Computer Applications; Mba(General Management),360,,,,,,,,,,,,,,Contact College,,,AICTE Official Institutional Disclosures,2021,,,,,,,,,,,,,,,,https://www.aicte-india.org,False,Medium,False
1-44638474216,INSTITUTE OF TECHNOLOGY UNIVERSITY OF KASHMIR ZAKURA CAMPUS,NOT APPLICABLE,State Government University,Government,Jammu and Kashmir,Srinagar,SRINAGAR,"ZAKURA,SRINAGAR,JAMMU AND KASHMIR ,INDIA",,,,AICTE Approved,Post Graduate; Under Graduate,Civil Engineering; Design Engineering; Electrical Engineering; Electronics & Communication Engineering; Electronics And Communication Engineering; Mechanical Engineering; Power System And Control,294,,,,,,,,,,,,,,Contact College,,,AICTE Official Institutional Disclosures,2021,,,,,,,,,,,,,,,,https://www.aicte-india.org,False,Medium,False
1-44644481018,CASET COLLEGE OF COMPUTER SCIENCES,UNIVERSITY OF KASHMIR(SRINAGAR),Private-Self Financing,Private,Jammu and Kashmir,Srinagar,SRINAGAR,GOLE MARKET KARANAGAR,,,,AICTE Approved,Under Graduate,Bca,140,,,,,,,,,,,,,,Contact College,,,AICTE Official Institutional Disclosures,2021,,,,,,,,,,,,,,,,https://www.aicte-india.org,False,Medium,False
1-44645402513,CENTRAL UNIVESITY OF JAMMU,NOT APPLICABLE,Central University,Government,Jammu and Kashmir,Samba,SAMBA,RAHYA-SUCHANI (BAGLA),,,,AICTE Approved,Bachelor Of Vocation (B. Voc); Post Graduate,Banking And Financial Services; Mba(Human Resource Management); Mba(Marketing Management); Mba(Tourism Management); Retail Management; Tourism Management,180,,,,,,,,,,,,,,Contact College,,,AICTE Official Institutional Disclosures,2021,,,,,,,,,,,,,,,,https://www.aicte-india.org,False,Medium,False
1-44637285239,KASHMIR COLLEGE OF ENGINEERING AND TEACHNOLOGY,UNIVERSITY OF KASHMIR(SRINAGAR),Private-Self Financing,Private,Jammu and Kashmir,Baramulla,BARAMULLA,ESTATE RANBIRGARH-PRATAPGARH,,,,AICTE Approved,Under Graduate,Artificial Intelligence (Ai); Civil Engineering; Computer Engineering; Electronics And Communication Engineering; Information Technology And Engineering,360,,,,,,,,,,,,,,Contact College,,,AICTE Official Institutional Disclosures,2021,,,,,,,,,,,,,,,,https://www.aicte-india.org,False,Medium,False
1-44644910206,ISLAMIA COLLEGE OF SCIENCE AND COMMERCE,UNIVERSITY OF KASHMIR(SRINAGAR),Govt aided,Government,Jammu and Kashmir,Srinagar,SRINAGAR,"HAWAL, SRINAGAR",,,,AICTE Approved,Under Graduate,Bba; Bca,240,,,,,,,,,,,,,,Contact College,,,AICTE Official Institutional Disclosures,2021,,,,,,,,,,,,,,,,https://www.aicte-india.org,False,Medium,False
1-44641188037,ISLAMIC UNIVERSITY OF SCIENCE AND TECHNOLOGY,NOT APPLICABLE,State Government University,Government,Jammu and Kashmir,Pulwama,PULWAMA,ONE UNIVERSITY AVENUE,,,,AICTE Approved,Post Graduate,Mba,120,,,,,,,,,,,,,,Contact College,,,AICTE Official Institutional Disclosures,2021,,,,,,,,,,,,,,,,https://www.aicte-india.org,False,Medium,False
1-44642886933,"SCHOOL OF COMPUTER SCIENCES & INFORMATION TECHNOLOGY, BGSB UNIVERSITY, RAJOURI, J&K",NOT APPLICABLE,State Government University,Government,Jammu and Kashmir,Rajauri,RAJAURI,SCHOOL OF COMPUTER SCIENCES & INFORMATION TECHNOLOGY BABA GHULAM SHAH BADSHAH UNIVERSITY RAJOURI J&K,,,,AICTE Approved,Post Graduate; Under Graduate,Bca; Masters In Computer Applications,70,,,,,,,,,,,,,,Contact College,,,AICTE Official Institutional Disclosures,2021,,,,,,,,,,,,,,,,https://www.aicte-india.org,False,Medium,False
1-44638903919,GOVERNMENT COLLEGE OF ENGINEERING AND TECHNOLOGY SAFAPORA GANDERBAL,CLUSTER UNIVERSITY SRINAGAR,Government,Government,Jammu and Kashmir,Bandipora,BANDIPORA,"SAFAPORA, GANDERBAL, KASHMIR-193504",,,,AICTE Approved,Under Graduate,Biomedical Engineering; Civil Engineering; Computer Science & Engineering; Electrical And Electronics Engineering; Mechanical Engineering,300,,,,,,,,,,,,,,Contact College,,,AICTE Official Institutional Disclosures,2021,,,,,,,,,,,,,,,,https://www.aicte-india.org,False,Medium,False
1-44638166773,PG DEPARTMENT OF COMPUTER SCIENCES,University of Kashmir,Government,Government,Jammu and Kashmir,Srinagar,SRINAGAR,UNIVERSITY OF KASHMIR,,,,AICTE Approved,Post Graduate,M Tech Computer Science; Mca,84,,,,,,,,,,,,,,Contact College,,,AICTE Official Institutional Disclosures,2021,,,,,,,,,,,,,,,,https://www.aicte-india.org,False,Medium,False
1-44784210107,CENTRAL UNIVERSITY OF KASHMIR,"Central University of Jammu & Kashmir, Jammu & Kashmir",Central University,Government,Jammu and Kashmir,Ganderbal,GANDERBAL,"TULMULLA GANDERBAL , JAMMU AND KASHMIR",,,,AICTE Approved,Post Graduate; Under Graduate,Bba; Civil Engineering; Computer Science & Engineering; Computer Science And Engineering; Mba; Structural Engineering,234,,,,,,,,,,,,,,Contact College,,,AICTE Official Institutional Disclosures,2021,,,,,,,,,,,,,,,,https://www.aicte-india.org,False,Medium,False
1-44637382303,CHANDIL POLYTECHNIC (ESTD. BY GOVT. OF JHARKHAND & RUN BY GURUNANAK POLYTECHNIC  FOUNDATION UNDER PPP),Jharkhand University of Technology,Private-Self Financing,Private,Jharkhand,Sareikela And Kharsawan,SAREIKELA AND KHARSAWAN,"VILLAGE: GHORALING, CHANDIL, DIST: SEREIKELA KHARSAWAN, JHARKHAND",,,,AICTE Approved,Diploma; Under Graduate,Bba; Bca; Civil Engineering; Computer Science & Engineering; Electrical And Electronics Engineering; Electrical Engineering; Mechanical Engineering; Mechanical Engineering Automobile,480,,,,,,,,,,,,,,Contact College,,,AICTE Official Institutional Disclosures,2021,,,,,,,,,,,,,,,,https://www.aicte-india.org,False,Medium,False
1-44788715143,GOVERNMENT ENGINEERING COLLEGE GODDA,Jharkhand University of Technology,Government,Government,Jharkhand,Godda,GODDA,"VILL.-CHATRA, P.S. POREYAHAT",,,,AICTE Approved,Under Graduate,Civil Engineering (Environmental Engineering); Computer Science And Engineering (Data Science); Electrical And Electronics Engineering; Electronics And Telecommunication Engineering; Mechanical And Mechatronics Engineering (Additive Manufacturing); Mining Engineering,360,,,,,,,,,,,,,,Contact College,,,AICTE Official Institutional Disclosures,2021,,,,,,,,,,,,,,,,https://www.aicte-india.org,False,Medium,False
1-44645002652,DEPARTMENT OF MANAGEMENT VINOBA BHAVE UNIVERSITY,"Vinoba Bhave University, Hazaribagh",State Government University,Government,Jharkhand,Hazaribag,HAZARIBAG,"VINOBA BHAVE UNIVERSITY, HAZARIBAG NH 33, SINDOOR, HAZARIBAGH JHARKHAND, 825301",,,,AICTE Approved,Under Graduate,Bba,70,,,,,,,,,,,,,,Contact College,,,AICTE Official Institutional Disclosures,2021,,,,,,,,,,,,,,,,https://www.aicte-india.org,False,Medium,False
1-44645007830,P K ROY MEMORIAL COLLEGE,BBMKU,State Government University,Government,Jharkhand,Dhanbad,DHANBAD,"MAIN ROAD, SARAIDHELA, P.O.- ISM, DHANBAD",,,,AICTE Approved,Under Graduate,Bba; Bca,192,,,,,,,,,,,,,,Contact College,,,AICTE Official Institutional Disclosures,2021,,,,,,,,,,,,,,,,https://www.aicte-india.org,False,Medium,False
1-44643790847,BABU DINESH SINGH UNIVERSITY,None,State Private University,Private,Jharkhand,Garhwa,GARHWA,"FARATHIYA, PO- HOOR",,,,AICTE Approved,Diploma; Post Graduate; Under Graduate,Artificial Intelligence (Ai); Bba; Bca; Civil Engineering; Computer Science & Engineering; Cyber Security; Electrical And Electronics Engineering; Electrical Engineering; Mba; Mca,1200,,,,,,,,,,,,,,Contact College,,,AICTE Official Institutional Disclosures,2021,,,,,,,,,,,,,,,,https://www.aicte-india.org,False,Medium,False
1-44644901990,CHHOTANAGPUR INSTITUTE OF INFORMATION TECHNOLOGY AND MANEGMENT CIITM A,"Makhanlal Chaturvedi National University of Journalism, Bhopal",Private-Self Financing,Private,Jharkhand,Dhanbad,DHANBAD,"HARIMANDIR ROAD, HIRAPUR HIRAPUR",,,,AICTE Approved,Under Graduate,Bca,60,,,,,,,,,,,,,,Contact College,,,AICTE Official Institutional Disclosures,2021,,,,,,,,,,,,,,,,https://www.aicte-india.org,False,Medium,False
1-44638502481,ARKA JAIN UNIVERSITY JHARKHAND,NOT APPLICABLE,State Private University,Private,Jharkhand,Sareikela And Kharsawan,SAREIKELA AND KHARSAWAN,"ARKA JAIN UNIVERSITY CAMPUS , VILL. MOHANPUR , OPPOSITE TO KERALA PUBLIC SCHOOL , GAMHARIA ,",,,,AICTE Approved,Diploma; Post Graduate; Under Graduate,Artificial Intelligence (Ai)  And Data Science; Artificial Intelligence And Machine Learning; Bba; Bca; Computer Science And Engineering; Electric Vehicle Technology; Electrical And Electronics Engineering; Manufacturing Engineering; Mba; Mca,2076,,,,,,,,,,,,,,Contact College,,,AICTE Official Institutional Disclosures,2021,,,,,,,,,,,,,,,,https://www.aicte-india.org,False,Medium,False
1-44643212354,NETAJI SUBHAS INSTITUTE OF BUSINESS MANAGEMENT,NETAJI SUBHAS UNIVERSITY,Private-Self Financing,Private,Jharkhand,East Singhabhum,EAST SINGHABHUM,"AT- POKHARI, PO- BHILAI PAHARI, PS-MGM, DIST- EAST SINGHBHUM,",,,,AICTE Approved,Post Graduate,Mba,120,,,,,,,,,,,,,,Contact College,,,AICTE Official Institutional Disclosures,2021,,,,,,,,,,,,,,,,https://www.aicte-india.org,False,Medium,False
1-44644613059,RAMNARAYAN YADAV MEMORIAL COLLEGE BARHI HAZARIBG,"Vinoba Bhave University, Hazaribagh",Govt aided,Government,Jharkhand,Hazaribag,HAZARIBAG,OPPOSITE SDO OFFICE VILLAGE-HARILA,,,,AICTE Approved,Under Graduate,Bba; Bca,140,,,,,,,,,,,,,,Contact College,,,AICTE Official Institutional Disclosures,2021,,,,,,,,,,,,,,,,https://www.aicte-india.org,False,Medium,False
1-44639630910,K.K. COLLEGE OF ENGINEERING & MANAGEMENT,"JHARKHAND UNIVERSITY OF TECHNOLOGY, RANCHI",Private-Self Financing,Private,Jharkhand,Dhanbad,DHANBAD,VILLAGE+AT: NAIRO POST OFF:-BAGSUMA THANA: GOVINDPUR DIST:-DHANBAD PIN: 828109 JHARKHAND,,,,AICTE Approved,Diploma; Under Graduate,Civil Engineering; Computer Science And Engineering; Electrical Engineering; Electronics & Communication Engg; Mechanical Engineering; Mining Engineering,540,,,,,,,,,,,,,,Contact College,,,AICTE Official Institutional Disclosures,2021,,,,,,,,,,,,,,,,https://www.aicte-india.org,False,Medium,False
1-44644456738,K B COLLEGE BERMO,"Binod Bihari Mahto Koyalanchal University, Dhanbad",Government,Government,Jharkhand,Bokaro,BOKARO,AT + PO - JARANGDIH (KATHARA),,,,AICTE Approved,Under Graduate,Bba; Bca,120,,,,,,,,,,,,,,Contact College,,,AICTE Official Institutional Disclosures,2021,,,,,,,,,,,,,,,,https://www.aicte-india.org,False,Medium,False
1-44638933873,NATIONAL INSTITUTE OF ADVANCED MANUFACTURING TECHNOLOGY,"JHARKHAND UNIVERSITY OF TECHNOLOGY, RANCHI",Govt aided,Government,Jharkhand,Ranchi,RANCHI,"HATIA, RANCHI",,,,AICTE Approved,Post Diploma; Post Graduate; Under Graduate,Computer Engineering; Environmental Engineering; Forge Technology; Foundry And Forge Technology; Foundry Technology; Industrial Metallurgy; Manufacturing Engineering; Material Engineering (Nanotechnology); Mechanical Engineering; Metallurgical And Materials Engineering,454,,,,,,,,,,,,,,Contact College,,,AICTE Official Institutional Disclosures,2021,,,,,,,,,,,,,,,,https://www.aicte-india.org,False,Medium,False
1-44645046423,R S P COLLEGE JHARIA,BINOD BIHARI MAHTO KOYALANCHAL UNIVERSITY DHANBAD,Government,Government,Jharkhand,Dhanbad,DHANBAD,"RSP COLLEGE, JHARIA, BELGARIYA, BALIYAPUR",,,,AICTE Approved,Under Graduate,Bba,60,,,,,,,,,,,,,,Contact College,,,AICTE Official Institutional Disclosures,2021,,,,,,,,,,,,,,,,https://www.aicte-india.org,False,Medium,False
1-44641023461,RTC INSTITUTE OF TECHNOLOGY,"JHARKHAND UNIVERSITY OF TECHNOLOGY, RANCHI",Private-Self Financing,Private,Jharkhand,Ranchi,RANCHI,"ANANADI, ORMANJHI, RANCHI",,,,AICTE Approved,Diploma; Under Graduate,Artificial Intelligence And Machine Learning; Bba; Civil Engineering; Computer Science & Engineering; Computer Science And Engineering; Computer Science And Engineering (Cyber Security); Electrical And Electronics Engineering; Electronics & Communication Engg; Mechanical Engineering,540,,,,,,,,,,,,,,Contact College,,,AICTE Official Institutional Disclosures,2021,,,,,,,,,,,,,,,,https://www.aicte-india.org,False,Medium,False
1-44640663163,INSTITUTE OF SCIENCE AND MANAGEMENT,"JHARKHAND UNIVERSITY OF TECHNOLOGY, RANCHI",Private-Self Financing,Private,Jharkhand,Ranchi,RANCHI,ISM CAMPUS PUNDAG RANCHI 834004 JHARKHAND,,,,AICTE Approved,Post Graduate; Under Graduate,Bba; Bca; Mba(General Management),180,,,,,,,,,,,,,,Contact College,,,AICTE Official Institutional Disclosures,2021,,,,,,,,,,,,,,,,https://www.aicte-india.org,False,Medium,False
1-44638648912,GOVERMENT ENGINEERING COLLEGE PALAMU,"JHARKHAND UNIVERSITY OF TECHNOLOGY, RANCHI",Government,Government,Jharkhand,Palamu,PALAMU,VILLAGE- BASAURA ANCHAL- LESLIGANJ,,,,AICTE Approved,Under Graduate,B.Tech (Civil Engineering); B.Tech (Computer Science & Engineering); B.Tech (Mechanical Engineering); Electrical Engineering,300,,,,,,,,,,,,,,Contact College,,,AICTE Official Institutional Disclosures,2021,,,,,,,,,,,,,,,,https://www.aicte-india.org,False,Medium,False
1-44643816056,PAKUR POLYTECHNIC,"JHARKHAND UNIVERSITY OF TECHNOLOGY, RANCHI",Private-Self Financing,Private,Jharkhand,Pakur,PAKUR,BESIDE NEW DC OFFICE (COMBINED BUILDING),,,,AICTE Approved,Under Graduate,Bca,60,,,,,,,,,,,,,,Contact College,,,AICTE Official Institutional Disclosures,2021,,,,,,,,,,,,,,,,https://www.aicte-india.org,False,Medium,False
1-44639356057,UNIVERSITY COLLEGE OF ENGINEERING AND TECHNOLOGY (UCET),NOT APPLICABLE,State Government University,Government,Jharkhand,Hazaribag,HAZARIBAG,"UCET, VINOBA BHAVE UNIVERSITY, RANCHI - PATNA ROAD, NH - 33",,,,AICTE Approved,Under Graduate,Computer Science & Engineering; Electronics & Communication Engg; Information Technology; Mechanical Engineering,210,,,,,,,,,,,,,,Contact College,,,AICTE Official Institutional Disclosures,2021,,,,,,,,,,,,,,,,https://www.aicte-india.org,False,Medium,False
1-44638098186,AWADH INSTITUTE OF HOTEL MANAGEMENT AND CATERING TECHNOLOGY,JHARKHAND UNIVERSITY OF TECHNOLOGY,Private-Self Financing,Private,Jharkhand,Purbi Singhbhum,PURBI SINGHBHUM,"NH-33, DANGA, BHILAIPAHARI, MANGO, JAMSHEDPUR",,,,AICTE Approved,Under Graduate,Hotel Management And Catering Technology,60,,,,,,,,,,,,,,Contact College,,,AICTE Official Institutional Disclosures,2021,,,,,,,,,,,,,,,,https://www.aicte-india.org,False,Medium,False
1-44640454142,RAMCHANDRA CHANDRAVANSI INSTITUTE OF TECHNOLOGY,RAMCHANDRA CHANDRAVANSI UNIVERSITY,Private-Self Financing,Private,Jharkhand,Palamu,PALAMU,AT. NAWADIH P.O BISHRAMPUR P.S. BISHRAMPUR DISTT. PALAMU,,,,AICTE Approved,Under Graduate,Civil Engineering; Computer Science And Engineering; Electrical Engineering; Electronics & Communication Engg; Mechanical Engineering,225,,,,,,,,,,,,,,Contact College,,,AICTE Official Institutional Disclosures,2021,,,,,,,,,,,,,,,,https://www.aicte-india.org,False,Medium,False
1-44643858939,ST. XAVIER'S COLLEGE MAHARO DUMKA,"Sido Kanhu University, Dumka",Private-Self Financing,Private,Jharkhand,Dumka,DUMKA,IN FRONT OF ASHOK LEYLAND SHOWROOM MAHARO,,,,AICTE Approved,Under Graduate,Bba; Bca,100,,,,,,,,,,,,,,Contact College,,,AICTE Official Institutional Disclosures,2021,,,,,,,,,,,,,,,,https://www.aicte-india.org,False,Medium,False
1-44640908680,MARYLAND INSTITUTE OF TECHNOLOGY AND MANAGEMENT,"JHARKHAND UNIVERSITY OF TECHNOLOGY, RANCHI",Private-Self Financing,Private,Jharkhand,East Singhabhum,EAST SINGHABHUM,"VILLAGE CHARINDA / JORISA, GALUDIH",,,,AICTE Approved,Under Graduate,Civil Engineering; Computer Science & Engineering; Electrical And Electronics Engineering; Electronics & Communication Engg; Mechanical Engineering,225,,,,,,,,,,,,,,Contact College,,,AICTE Official Institutional Disclosures,2021,,,,,,,,,,,,,,,,https://www.aicte-india.org,False,Medium,False
1-44639582747,RAMGARH ENGINEERING COLLEGE (ESTD. BY GOVT. OF JHARKHAND & RUN BY TECHNO INDIA UNDER PPP),"JHARKHAND UNIVERSITY OF TECHNOLOGY, RANCHI",Private-Self Financing,Private,Jharkhand,Ramgarh,RAMGARH,"RAMGARH, JHARKHAND",,,,AICTE Approved,Under Graduate,Civil Engineering; Computer Science And Engineering; Electrical Engineering; Electronics And Communications Engineering; Mechanical Engineering,480,,,,,,,,,,,,,,Contact College,,,AICTE Official Institutional Disclosures,2021,,,,,,,,,,,,,,,,https://www.aicte-india.org,False,Medium,False
1-44790672843,BAIJNATH PRASAD SNEHI COLLEGE,"Vinoba Bhave University, Hazaribagh",Private-Self Financing,Private,Jharkhand,Koderma,KODERMA,JAINAGAR ROAD DOMCHANCH,,,,AICTE Approved,Under Graduate,Bca,120,,,,,,,,,,,,,,Contact College,,,AICTE Official Institutional Disclosures,2021,,,,,,,,,,,,,,,,https://www.aicte-india.org,False,Medium,False
1-44643058066,DAV INSTITUTE OF ENGINEERING & TECHNOLOGY,Jharkhand University of Technology,Private-Self Financing,Private,Jharkhand,Palamu,PALAMU,"BETLA ROAD, P.O. POLPOL, MEDININAGAR (DALTONGANJ), DIST - PALAMAU, (JHARKHAND)",,,,AICTE Approved,Under Graduate,Computer Science And Engineering; Electrical Engineering; Electronics & Communication Engg; Mechanical Engineering,180,,,,,,,,,,,,,,Contact College,,,AICTE Official Institutional Disclosures,2021,,,,,,,,,,,,,,,,https://www.aicte-india.org,False,Medium,False
1-44640213848,DUMKA ENGINEERING COLLEGE (ESTD. BY GOVT. OF JHARKHAND & RUN BY TECHNO INDIA UNDER PPP),"JHARKHAND UNIVERSITY OF TECHNOLOGY, RANCHI",Private-Self Financing,Private,Jharkhand,Dumka,DUMKA,"DUMKA,",,,,AICTE Approved,Under Graduate,Civil Engineering; Computer Science And Engineering; Electrical Engineering; Electronics And Communications Engineering; Mechanical Engineering,450,,,,,,,,,,,,,,Contact College,,,AICTE Official Institutional Disclosures,2021,,,,,,,,,,,,,,,,https://www.aicte-india.org,False,Medium,False
1-44641943186,RAMGOVIND INSTITUTE OF TECHNOLOGY,"JHARKHAND UNIVERSITY OF TECHNOLOGY, RANCHI",Private-Self Financing,Private,Jharkhand,Koderma,KODERMA,"'MAHUVAN', MAHAUTANAR,  P.O. KARMA,  JHUMRI TILLAIYA, KODARMA,",,,,AICTE Approved,Under Graduate,Civil Engineering; Computer Science And Engineering; Electrical And Electronics Engineering; Electronics & Communication Engg; Mechanical Engineering,336,,,,,,,,,,,,,,Contact College,,,AICTE Official Institutional Disclosures,2021,,,,,,,,,,,,,,,,https://www.aicte-india.org,False,Medium,False
1-44637292867,AISECT UNIVERSITY,"AISECT UNIVERSITY,BHOPAL",State Private University,Private,Jharkhand,Hazaribag,HAZARIBAG,"VILL-JONHIYA,  P.O- DARU, THANA-DARU",,,,AICTE Approved,Diploma; Post Graduate; Under Graduate,Bba; Bca; Civil Engineering; Computer Science And Engineering; Electrical Engineering; Mba; Mca; Mechanical Engineering; Mining Engineering,900,,,,,,,,,,,,,,Contact College,,,AICTE Official Institutional Disclosures,2021,,,,,,,,,,,,,,,,https://www.aicte-india.org,False,Medium,False
1-44644523134,INSTITUTE FOR EDUCATION,"Kolhan University, Chaibasa",Private-Self Financing,Private,Jharkhand,Seraikela-Kharsawan,SERAIKELA-KHARSAWAN,"VILL-VIJAY, P.O.- SINNI/ NARAYANPUR, DISTRICT- SARAIKELA, KHARSAWAN",,,,AICTE Approved,Under Graduate,Bba; Bca,220,,,,,,,,,,,,,,Contact College,,,AICTE Official Institutional Disclosures,2021,,,,,,,,,,,,,,,,https://www.aicte-india.org,False,Medium,False
1-44640528763,AL-KABIR POLYTECHNIC,Jharkhand University of Technology,Private-Self Financing,Private,Jharkhand,Seraikela-Kharsawan,SERAIKELA-KHARSAWAN,"KABIRNAGAR, P.O. KOPALI, VIA MANGO",,,,AICTE Approved,Diploma; Under Graduate,Automobile Engineering; Bba; Bca; Civil Engineering; Computer Science & Engineering; Electrical Engineering; Electronics & Communication Engg; Mechanical Engineering,870,,,,,,,,,,,,,,Contact College,,,AICTE Official Institutional Disclosures,2021,,,,,,,,,,,,,,,,https://www.aicte-india.org,False,Medium,False
1-44755392035,BOKARO INSTITUTE OF TECHNOLOGY,"JHARKHAND UNIVERSITY OF TECHNOLOGY, RANCHI",Private-Self Financing,Private,Jharkhand,Bokaro,BOKARO,"LUKAIYA, PETERWAR",,,,AICTE Approved,Diploma; Under Graduate,Civil Engineering; Computer Science & Engineering; Computer Science And Engineering; Electrical Engineering; Mechanical Engineering; Mining Engineering,720,,,,,,,,,,,,,,Contact College,,,AICTE Official Institutional Disclosures,2021,,,,,,,,,,,,,,,,https://www.aicte-india.org,False,Medium,False
1-44641531659,INSTITUTE OF SCIENCE AND MANAGEMENT,JHARKHAND UNIVERSITY OF TECHNOLOGY,Private-Self Financing,Private,Jharkhand,Ranchi,RANCHI,ISM CAMPUS PUNDAG RANCHI 834004,,,,AICTE Approved,Under Graduate,Hotel Management And Catering Technology,60,,,,,,,,,,,,,,Contact College,,,AICTE Official Institutional Disclosures,2021,,,,,,,,,,,,,,,,https://www.aicte-india.org,False,Medium,False
1-44643797801,GUMLA POLYTECHNIC,"JHARKHAND UNIVERSITY OF TECHNOLOGY, RANCHI",Private-Self Financing,Private,Jharkhand,Gumla,GUMLA,"CHANDALI, NEAR POLICE LINE LOHARDAGA ROAD",,,,AICTE Approved,Under Graduate,Bca,60,,,,,,,,,,,,,,Contact College,,,AICTE Official Institutional Disclosures,2021,,,,,,,,,,,,,,,,https://www.aicte-india.org,False,Medium,False
1-44637340252,NETAJI SUBHAS UNIVERSITY,NOT APPLICABLE,State Private University,Private,Jharkhand,East Singhabhum,EAST SINGHABHUM,"POKHARI, NEAR BHILAI PAHADI",,,,AICTE Approved,Diploma; Post Graduate; Under Graduate,Bba; Bca; Civil (Structural Engineering); Civil Engineering; Civil Engineering (Environmental Engineering); Civil Engineering (Transportation Engineering); Computer Applications; Computer Engineering; Computer Science; Computer Science And Engineering,2970,,,,,,,,,,,,,,Contact College,,,AICTE Official Institutional Disclosures,2021,,,,,,,,,,,,,,,,https://www.aicte-india.org,False,Medium,False
1-44642630151,CAMBRIDGE INSTITUTE OF TECHNOLOGY,Jharkhand University of Technology,Private-Self Financing,Private,Jharkhand,Ranchi,RANCHI,"CAMBRIDGE VILLAGE, TATISILWAI, RANCHI -835103",,,,AICTE Approved,Post Graduate; Under Graduate,Civil Engineering; Computer Science & Engineering; Electrical And Electronics Engineering; Electronics & Communication Engg; Mba; Mechanical Engineering; Structural Engineering,438,,,,,,,,,,,,,,Contact College,,,AICTE Official Institutional Disclosures,2021,,,,,,,,,,,,,,,,https://www.aicte-india.org,False,Medium,False
1-44644030454,BITT POLYTECHNIC,"JHARKHAND UNIVERSITY OF TECHNOLOGY, RANCHI",Private-Self Financing,Private,Jharkhand,Ranchi,RANCHI,"GETLATU, RANCHI, PS - SADAR, PO - NEORI VIKAS",,,,AICTE Approved,Under Graduate,Bba; Bca,120,,,,,,,,,,,,,,Contact College,,,AICTE Official Institutional Disclosures,2021,,,,,,,,,,,,,,,,https://www.aicte-india.org,False,Medium,False
1-44638574662,UNIVERSITY DEPARTMENT OF COMPUTER APPLICATIONS,NOT APPLICABLE,State Government University,Government,Jharkhand,Hazaribag,HAZARIBAG,"VINOBA BHAVE UNIVERSITY, NH 33, SINDOOR, HAZARIBAGH, JHARKHAND 825301",,,,AICTE Approved,Post Graduate,Master Of Computer Applications,60,,,,,,,,,,,,,,Contact College,,,AICTE Official Institutional Disclosures,2021,,,,,,,,,,,,,,,,https://www.aicte-india.org,False,Medium,False
1-44638398965,CENTRAL UNIVERSITY OF JHARKHAND,NOT APPLICABLE,Central University,Government,Jharkhand,Ranchi,RANCHI,"RATU LOHARDAGA ROAD, BRAMBE, RANCHI",,,,AICTE Approved,Integrated; Post Graduate,Civil Engineering; Computer Science And Engineering; Electrical Engineering; Energy Technology; Mba; Metallurgical And Materials Engineering; Nano Technology; Transportation Engineering; Water Resource Engineering,461,,,,,,,,,,,,,,Contact College,,,AICTE Official Institutional Disclosures,2021,,,,,,,,,,,,,,,,https://www.aicte-india.org,False,Medium,False
1-44638737654,NILAI EDUCATIONAL TRUST'S GROUP OF INSTITUTIONS,Jharkhand University of Technology,Private-Self Financing,Private,Jharkhand,Ranchi,RANCHI,"THAKURGAON, BURMU,",,,,AICTE Approved,Diploma; Post Graduate; Under Graduate,Civil Engineering; Computer Science And Engineering; Electrical And Electronics Engineering; Electronics & Communication Engg; Mba; Mechanical Engineering,528,,,,,,,,,,,,,,Contact College,,,AICTE Official Institutional Disclosures,2021,,,,,,,,,,,,,,,,https://www.aicte-india.org,False,Medium,False
1-44793242564,H.G.E.A. COLLEGE OF MANAGEMENT,"JHARKHAND UNIVERSITY OF TECHNOLOGY, RANCHI",Private-Self Financing,Private,Jharkhand,Bokaro,BOKARO,"NEAR GHATIYALI MIDDLE SCHOOL, CHAS,BOKARO, JHARKHAND",,,,AICTE Approved,Under Graduate,Bba; Bca,120,,,,,,,,,,,,,,Contact College,,,AICTE Official Institutional Disclosures,2021,,,,,,,,,,,,,,,,https://www.aicte-india.org,False,Medium,False
1-44638933360,BEHARAGORA POLYTECHNIC COLLEGE,Jharkhand University of Technology,Private-Self Financing,Private,Jharkhand,East Singhabhum,EAST SINGHABHUM,MAIN ROAD BEHARAGORA,,,,AICTE Approved,Diploma; Under Graduate,Bba; Bca; Civil Engineering; Computer Science And Engineering; Electrical Engineering; Mechanical Engineering,580,,,,,,,,,,,,,,Contact College,,,AICTE Official Institutional Disclosures,2021,,,,,,,,,,,,,,,,https://www.aicte-india.org,False,Medium,False
1-44644919724,MARKHAM COLLEGE OF COMMERCE,"Vinoba Bhave University, Hazaribagh",Government,Government,Jharkhand,Hazaribag,HAZARIBAG,YASHWANT NAGAR BARKAGAON ROAD HAZARIBAG,,,,AICTE Approved,Under Graduate,Bba; Bca,120,,,,,,,,,,,,,,Contact College,,,AICTE Official Institutional Disclosures,2021,,,,,,,,,,,,,,,,https://www.aicte-india.org,False,Medium,False
1-44644310903,ANNADA COLLEGE,"Vinoba Bhave University, Hazaribagh",Private-Self Financing,Private,Jharkhand,Hazaribag,HAZARIBAG,"COURT ROAD, GGS ROAD",,,,AICTE Approved,Under Graduate,Bba; Bca,200,,,,,,,,,,,,,,Contact College,,,AICTE Official Institutional Disclosures,2021,,,,,,,,,,,,,,,,https://www.aicte-india.org,False,Medium,False
1-44644416527,GURU NANAK COLLEGE,BINOD BIHARI MAHATO KOYALANCHAL UNIVERSITY,Govt aided,Government,Jharkhand,Dhanbad,DHANBAD,BEHIND BADA GURDWARA BANK MORE DHANBAD,,,,AICTE Approved,Under Graduate,Bba; Bca,180,,,,,,,,,,,,,,Contact College,,,AICTE Official Institutional Disclosures,2021,,,,,,,,,,,,,,,,https://www.aicte-india.org,False,Medium,False
1-44643844866,ASARFI INSTITUTE OF MANAGEMENT AND TECHNOLOGY,"JHARKHAND UNIVERSITY OF TECHNOLOGY, RANCHI",Private-Self Financing,Private,Jharkhand,Dhanbad,DHANBAD,"RANGUNI ROAD, RAGUNI, BHULI",,,,AICTE Approved,Post Graduate; Under Graduate,Bba; Bca; Mba,180,,,,,,,,,,,,,,Contact College,,,AICTE Official Institutional Disclosures,2021,,,,,,,,,,,,,,,,https://www.aicte-india.org,False,Medium,False
1-44643205511,SRINATH UNIVERSITY,SRINATH UNIVERSITY,State Private University,Private,Jharkhand,Seraikela-Kharsawan,SERAIKELA-KHARSAWAN,DINDLI,,,,AICTE Approved,Diploma; Post Graduate; Under Graduate,Civil Engineering; Computer Science & Engineering; Computer Science And Engineering; Data Sciences; Electrical And Electronics Engineering; Mba; Mca; Mechanical Engineering,1050,,,,,,,,,,,,,,Contact College,,,AICTE Official Institutional Disclosures,2021,,,,,,,,,,,,,,,,https://www.aicte-india.org,False,Medium,False
1-44644542783,MADHUPUR POLYTECHNIC,Jharkhand University of Technology,Private-Self Financing,Private,Jharkhand,Deoghar,DEOGHAR,"RAJABHITA, 52 BIGHA, MADHUPUR, DEOGHAR, JHARKHNAD",,,,AICTE Approved,Under Graduate,Bba; Bca,120,,,,,,,,,,,,,,Contact College,,,AICTE Official Institutional Disclosures,2021,,,,,,,,,,,,,,,,https://www.aicte-india.org,False,Medium,False
1-44784930893,GOVERNMENT ENGINEERING COLLEGE BOKARO,"JHARKHAND UNIVERSITY OF TECHNOLOGY, RANCHI",Government,Government,Jharkhand,Bokaro,BOKARO,"VILL- GHORAGARA, P.O.- KHERABERA (NEAR POWER GRID), ANCHAL-CHANDANKIYARI",,,,AICTE Approved,Under Graduate,Computer Science And Engineering (Artificial Intelligence And Machine Learning); Computer Science And Engineering (Internet Of Things And Cyber Security Including Block Chain Techno; Computer Science And Engineering And Business Systems; Electronics Engineering (Vlsi Design And Technology); Metallurgical And Materials Engineering; Nano Science And Technology,360,,,,,,,,,,,,,,Contact College,,,AICTE Official Institutional Disclosures,2021,,,,,,,,,,,,,,,,https://www.aicte-india.org,False,Medium,False
1-44644419683,ST. COLUMBAS COLLEGE,"Vinoba Bhave University, Hazaribagh",Government,Government,Jharkhand,Hazaribag,HAZARIBAG,"COLLEGE MORE, HAZARIBAG",,,,AICTE Approved,Under Graduate,Bca,65,,,,,,,,,,,,,,Contact College,,,AICTE Official Institutional Disclosures,2021,,,,,,,,,,,,,,,,https://www.aicte-india.org,False,Medium,False
1-44639749832,GURU GOBIND SINGH EDUCATIONAL SOCIETY'S TECHNICAL CAMPUS,"JHARKHAND UNIVERSITY OF TECHNOLOGY, RANCHI",Private-Self Financing,Private,Jharkhand,Bokaro,BOKARO,KANDRA(V),,,,AICTE Approved,Diploma; Post Graduate; Under Graduate,Bba; Bca; Civil Engineering; Computer Science & Engineering; Computer Science And Engineering (Cyber Security); Computer Science And Engineering (Data Science); Electrical And Electronics Engineering; Electronics & Communication Engg; Fashion Technology; Mba,720,,,,,,,,,,,,,,Contact College,,,AICTE Official Institutional Disclosures,2021,,,,,,,,,,,,,,,,https://www.aicte-india.org,False,Medium,False
1-44644139536,MBNS INSTITUTE OG GRADUATE STUDIES,"Kolhan University, Chaibasa",Private-Self Financing,Private,Jharkhand,Seraikela-Kharsawan,SERAIKELA-KHARSAWAN,"NH-18, NEAR PARDIH AKLI MANDIR, VILL- ASANBANI",,,,AICTE Approved,Under Graduate,Bba; Bca,360,,,,,,,,,,,,,,Contact College,,,AICTE Official Institutional Disclosures,2021,,,,,,,,,,,,,,,,https://www.aicte-india.org,False,Medium,False
1-44642971041,SATYENDRA NARAYAN SINHA INSTITUTE OF BUSINESS MANAGEMENT,"JHARKHAND UNIVERSITY OF TECHNOLOGY, RANCHI",Private-Self Financing,Private,Jharkhand,Ranchi,RANCHI,"SATYENDRA NARAYAN SINHA INSTITUTE OF BUSINESS MANAGEMENT DHURWA, RANCHI - 834 004. JHARKHAND - INDIA. PHONE NO. - 91-0651-2408907, 2505031 FAX - 91-0651-2408907 EMAIL - SNSIBM@REDIFFMAIL.COM",,,,AICTE Approved,Post Graduate,Mba,60,,,,,,,,,,,,,,Contact College,,,AICTE Official Institutional Disclosures,2021,,,,,,,,,,,,,,,,https://www.aicte-india.org,False,Medium,False
1-44638199982,SUBHASH INSTITUTE OF TECHNOLOGY,"JHARKHAND UNIVERSITY OF TECHNOLOGY, RANCHI",Private-Self Financing,Private,Jharkhand,Giridih,GIRIDIH,VILLAGE-KOIRIDIH DEOGHAR-MADHUPUR ROAD,,,,AICTE Approved,Diploma; Under Graduate,Bba; Bca; Civil Engineering; Computer Science & Engineering; Electrical Engineering; Mechanical Engineering; Mining Engineering,480,,,,,,,,,,,,,,Contact College,,,AICTE Official Institutional Disclosures,2021,,,,,,,,,,,,,,,,https://www.aicte-india.org,False,Medium,False
1-44640902764,CHAIBASA ENGINEERING COLLEGE (ESTD. BY GOVT. OF JHARKHAND & RUN BY TECHNO INDIA UNDER PPP),"JHARKHAND UNIVERSITY OF TECHNOLOGY, RANCHI",Private-Self Financing,Private,Jharkhand,West Singhbhum,WEST SINGHBHUM,"JHIKPANI,CHAIBASA,JHARKHAND, EAST SINGHABHUM",,,,AICTE Approved,Under Graduate,Civil Engineering; Computer Science & Engineering; Electrical Engineering; Electronics & Communication Engg; Mechanical Engineering,420,,,,,,,,,,,,,,Contact College,,,AICTE Official Institutional Disclosures,2021,,,,,,,,,,,,,,,,https://www.aicte-india.org,False,Medium,False
1-44645001330,BOKARO STEEL CITY COLLEGE BOKARO,BINOD BIHARI MAHTO KOYALANCHAL UNIVERSITY DHANBAD,Government,Government,Jharkhand,Bokaro,BOKARO,SECTOR VI BOKARO STEEL CITY,,,,AICTE Approved,Under Graduate,Bba; Bca,192,,,,,,,,,,,,,,Contact College,,,AICTE Official Institutional Disclosures,2021,,,,,,,,,,,,,,,,https://www.aicte-india.org,False,Medium,False
1-44644895335,KARIM CITY COLLEGE,"Kolhan University, Chaibasa",Govt aided,Government,Jharkhand,East Singhabhum,EAST SINGHABHUM,POST SAKCHI,,,,AICTE Approved,Under Graduate,Bba; Bca,120,,,,,,,,,,,,,,Contact College,,,AICTE Official Institutional Disclosures,2021,,,,,,,,,,,,,,,,https://www.aicte-india.org,False,Medium,False
1-44645009405,RAN VIJAY SMARAK MAHAVIDYALAYA,BINOD BIHARI MAHTO KOYALANCHAL UNIVERSITY DHANBAD,Govt aided,Government,Jharkhand,Bokaro,BOKARO,"SECTOR - 12/D, CHAS BOKARO",,,,AICTE Approved,Under Graduate,Bba; Bca,120,,,,,,,,,,,,,,Contact College,,,AICTE Official Institutional Disclosures,2021,,,,,,,,,,,,,,,,https://www.aicte-india.org,False,Medium,False
1-44640746947,B I T SINDRI,"JHARKHAND UNIVERSITY OF TECHNOLOGY, RANCHI",Government,Government,Jharkhand,Dhanbad,DHANBAD,PO -SINDRI INSTITUTE,,,,AICTE Approved,Post Graduate; Under Graduate,Chemical Engineering; Civil Engineering; Computer Science & Engineering; Computer Science And Engineering (Cyber Security); Control System Engineering; Data Sciences; Electrical Engineering; Electronics & Communication Engg; Environment Engineering; Heat Power Engineering,1192,,,,,,,,,,,,,,Contact College,,,AICTE Official Institutional Disclosures,2021,,,,,,,,,,,,,,,,https://www.aicte-india.org,False,Medium,False
1-44638867977,GOLA POLYTECHNIC(ESTD. BY GOVT. OF JHARKHAND & RUN BY GURUNANAK TECHNICAL FOUNDATION UNDER PPP),"State Board of Technical Education, Jharkhand",Private-Self Financing,Private,Jharkhand,Ramgarh,RAMGARH,"VILLAGE: HUPPU HERAMDAGA GOLA, DISTRICT RAMGARH, JHARKHAND",,,,AICTE Approved,Diploma; Under Graduate,Bba; Bca; Civil Engineering; Computer Science And Engineering; Electrical And Electronics Engineering; Electrical Engineering; Mechanical Engineering; Mechanical Engineering Automobile,480,,,,,,,,,,,,,,Contact College,,,AICTE Official Institutional Disclosures,2021,,,,,,,,,,,,,,,,https://www.aicte-india.org,False,Medium,False
1-44644075247,ST. XAVIERS COLLEGE RANCHI,"Ranchi University, Ranchi",Private-Self Financing,Private,Jharkhand,Ranchi,RANCHI,"DR CAMIL BULCKE PATH, PURULIA ROAD",,,,AICTE Approved,Under Graduate,Bba; Bca,280,,,,,,,,,,,,,,Contact College,,,AICTE Official Institutional Disclosures,2021,,,,,,,,,,,,,,,,https://www.aicte-india.org,False,Medium,False
1-44642767860,R. V. S. COLLEGE OF ENGINEERING & TECHNOLOGY,Jharkhand University of Technology,Private-Self Financing,Private,Jharkhand,East Singhabhum,EAST SINGHABHUM,EDALBERA BHILAI PAHARI NH 33,,,,AICTE Approved,Diploma; Post Graduate; Under Graduate,Artificial Intelligence And Machine Learning; Bba; Bca; Civil Engineering; Computer Science And Engineering; Electrical And Electronics Engineering; Electrical Engineering; Electronics And Communication Engineering; Electronics And Communications Engineering; Master Of Computer Applications,876,,,,,,,,,,,,,,Contact College,,,AICTE Official Institutional Disclosures,2021,,,,,,,,,,,,,,,,https://www.aicte-india.org,False,Medium,False
1-44639789945,"BIRLA INSTITUTE OF TECHNOLOGY,MESRA ,OFF CAMPUS DEOGHAR","Birla Institute of Technology, Ranchi",Private-Self Financing,Private,Jharkhand,Deoghar,DEOGHAR,"BIT EXTENSION CENTRE DEO`GHAR, POST:JASIDIH DIST:DEOGHAR JHARKHAND 814142",,,,AICTE Approved,Under Graduate,Bba; Bca; Computer Science & Engineering; Electrical And Electronics Engineering; Electronics & Communication Engg; Mechanical Engineering,320,,,,,,,,,,,,,,Contact College,,,AICTE Official Institutional Disclosures,2021,,,,,,,,,,,,,,,,https://www.aicte-india.org,False,Medium,False
1-44643076657,B.A.COLLEGE OF ENGINEERING & TECHNOLOGY,"JHARKHAND UNIVERSITY OF TECHNOLOGY, RANCHI",Private-Self Financing,Private,Jharkhand,Purbi Singhbhum,PURBI SINGHBHUM,"VILLAGE : GHUTIA,  TALUK : GHATSHILA, BARAKHURSI, VIA - MAHULIA DISTRICT : EAST SINGHBHUM",,,,AICTE Approved,Diploma; Under Graduate,Artificial Intelligence And Machine Learning; Bba; Bca; Civil Engineering; Computer Science & Engineering; Computer Science And Engineering (Internet Of Things And Cyber Security Including Block Chain Techno; Electrical And Electronics Engineering; Electrical Engineering; Electronics & Communication Engg; Mechanical Engineering,637,,,,,,,,,,,,,,Contact College,,,AICTE Official Institutional Disclosures,2021,,,,,,,,,,,,,,,,https://www.aicte-india.org,False,Medium,False
1-44644859726,BAPU DEGREE COLLEGE,Bengaluru City University,Private-Self Financing,Private,Karnataka,Bangalore Urban,BANGALORE URBAN,"NO.500/A/32, 6TH MAIN ROAD, GOKULA 1ST STAGE, 4TH PHASE, YESHWANTHAPURA, BANGALORE-22",,,,AICTE Approved,Under Graduate,Bba; Bca,100,,,,,,,,,,,,,,Contact College,,,AICTE Official Institutional Disclosures,2021,,,,,,,,,,,,,,,,https://www.aicte-india.org,False,Medium,False
1-44644358215,RJS INSTITUTE OF MANAGEMENT STUDIES,Bengaluru City University,Private-Self Financing,Private,Karnataka,Bangalore Urban,BANGALORE URBAN,"NO.1, MAHAYOGI VEMANA ROAD,100 FEET ROAD, 3RD BLOCK, 17TH MAIN, 5TH CROSS, KORAMANGALA, BENGALURU 560 034",,,,AICTE Approved,Under Graduate,Bba,160,,,,,,,,,,,,,,Contact College,,,AICTE Official Institutional Disclosures,2021,,,,,,,,,,,,,,,,https://www.aicte-india.org,False,Medium,False
1-44642910990,DAYANANDA SAGAR COLLEGE OF ENGINEERING,"VisvesvarayaÂ Technological University, Belgaum",Private-Self Financing,Private,Karnataka,Bangalore Urban,BANGALORE URBAN,"SHAVIGE MALLESHWARA HILLS, KUMARASWAMY LAYOUT, BANGALORE-560078",,,,AICTE Approved,Post Graduate; Under Graduate,Aeronautical Engineering; Artificial Intelligence And Machine Learning; Automobile Engineering; Biotechnology; Chemical Engineering; Civil Engineering; Computer Science And Design; Computer Science And Engineering; Computer Science And Engineering (Cyber Security); Computer Science And Engineering (Data Science),2352,,,,,,,,,,,,,,Contact College,,,AICTE Official Institutional Disclosures,2021,,,,,,,,,,,,,,,,https://www.aicte-india.org,False,Medium,False
1-44644566854,AKSHAYA COLLEGE PUTTUR,"Mangalore University, Mangalore",Private-Self Financing,Private,Karnataka,Dakshina Kannada,DAKSHINA KANNADA,"SAMPYA, ARYAPU VILLAGE",,,,AICTE Approved,Under Graduate,Bca,120,,,,,,,,,,,,,,Contact College,,,AICTE Official Institutional Disclosures,2021,,,,,,,,,,,,,,,,https://www.aicte-india.org,False,Medium,False
1-44641746676,BAPUJI ACADEMY OF MANAGEMENT & RESEARCH,None,Private-Self Financing,Private,Karnataka,Davanagere,DAVANAGERE,"LAKE VIEW CAMPUS, S S LAYOUT, DAVANGERE 577004 KARNATAKA, INDIA",,,,AICTE Approved,Post Graduate,Mba,60,,,,,,,,,,,,,,Contact College,,,AICTE Official Institutional Disclosures,2021,,,,,,,,,,,,,,,,https://www.aicte-india.org,False,Medium,False
1-44924488680,MARCHAD INSTITUTE OF MANAGEMENT,Vijayanagara Sri Krishnadevaraya University Ballari,Private-Self Financing,Private,Karnataka,Bellary,BELLARY,"JNANASAGARA BADAVANE, NEAR HONNALLI, BALLARI",,,,AICTE Approved,Under Graduate,Bca,60,,,,,,,,,,,,,,Contact College,,,AICTE Official Institutional Disclosures,2021,,,,,,,,,,,,,,,,https://www.aicte-india.org,False,Medium,False
1-44644685691,GOVERNMENT ARTS COLLEGE,Bangalore Central University,Government,Government,Karnataka,Bangalore Urban,BANGALORE URBAN,"DR. B R AMBEDKAR VEEDHI,",,,,AICTE Approved,Under Graduate,Bba; Bca,160,,,,,,,,,,,,,,Contact College,,,AICTE Official Institutional Disclosures,2021,,,,,,,,,,,,,,,,https://www.aicte-india.org,False,Medium,False
1-44644154429,GSSS SIMHA SUBBAMAHALAKSHMI FIRST GRADE COLLEGE,"Mysore University, Mysore",Private-Self Financing,Private,Karnataka,Mysore,MYSORE,"PLOT NO. 45 & 46(PART) SURVEY NO. 22, KRS ROAD METAGALLI",,,,AICTE Approved,Under Graduate,Bba; Bca,240,,,,,,,,,,,,,,Contact College,,,AICTE Official Institutional Disclosures,2021,,,,,,,,,,,,,,,,https://www.aicte-india.org,False,Medium,False
1-44783185434,DIAMOND COLLEGE OF MANAGEMENT AND SCIENCE,BENGALURU NORTH UNIVERSITY,Private-Self Financing,Private,Karnataka,Bangalore Urban,BANGALORE URBAN,"NO.123,GNR REGENCY PARK, MARAGONDAHALLI MAIN ROAD, TC PALYA, KR PURAM, BANGALORE - 560036",,,,AICTE Approved,Under Graduate,Bca,60,,,,,,,,,,,,,,Contact College,,,AICTE Official Institutional Disclosures,2021,,,,,,,,,,,,,,,,https://www.aicte-india.org,False,Medium,False
1-44789679533,CHATRAPATI SHIVAJI ARTS COMMERCE AND SCIENCE DEGREE COLLEGE,Rani Channamma University,Private-Self Financing,Private,Karnataka,Belgaum,BELGAUM,"NIPANI- JATRAT ROAD, NANGNOOR-NIPANI",,,,AICTE Approved,Under Graduate,Bca,100,,,,,,,,,,,,,,Contact College,,,AICTE Official Institutional Disclosures,2021,,,,,,,,,,,,,,,,https://www.aicte-india.org,False,Medium,False
1-44644319323,VICTORY FIRST GRADE COLLEGE,Mysore University,Private-Self Financing,Private,Karnataka,Mysore,MYSORE,"37/1, ABUL KALAM AZAD ROAD, NR MOHALLA, MYSORE",,,,AICTE Approved,Under Graduate,Bca,40,,,,,,,,,,,,,,Contact College,,,AICTE Official Institutional Disclosures,2021,,,,,,,,,,,,,,,,https://www.aicte-india.org,False,Medium,False
1-44644569671,GOVERNEMENT FIRST GRADE COLLEGE  BIJAPUR,Rani Channamma University,Government,Government,Karnataka,Bijapur,BIJAPUR,KHAZA COLONY NAVBAG  VIJAYAPUR,,,,AICTE Approved,Under Graduate,Bba; Bca,140,,,,,,,,,,,,,,Contact College,,,AICTE Official Institutional Disclosures,2021,,,,,,,,,,,,,,,,https://www.aicte-india.org,False,Medium,False
1-44644405816,KRUPANIDHI DEGREE COLLEGE,Bangalore North University,Private-Self Financing,Private,Karnataka,Bangalore Urban,BANGALORE URBAN,"NO.12,CHIKKABELANDUR,CARMELARAM POST,VARTHUR HOBLI,BENGALURU-560035",,,,AICTE Approved,Under Graduate,Bba; Bca,1080,,,,,,,,,,,,,,Contact College,,,AICTE Official Institutional Disclosures,2021,,,,,,,,,,,,,,,,https://www.aicte-india.org,False,Medium,False
1-44644460453,GOVERNMENT FIRST GRADE COLLEGE HONNAVAR,"Karnatak University, Dharwad",Government,Government,Karnataka,Uttara Kannada,UTTARA KANNADA,PRABHAT NAGAR HONNAVAR,,,,AICTE Approved,Under Graduate,Bba; Bca,120,,,,,,,,,,,,,,Contact College,,,AICTE Official Institutional Disclosures,2021,,,,,,,,,,,,,,,,https://www.aicte-india.org,False,Medium,False
1-44643685457,EAST POINT COLLEGE OF ENGINEERING & TECHNOLOGY,"VisvesvarayaÂ Technological University, Belgaum",Private-Self Financing,Private,Karnataka,Bangalore Urban,BANGALORE URBAN,"JNANA PRABHA, BIDARAHALLI, VIRGONAGAR POST, BANGALORE.",,,,AICTE Approved,Post Graduate; Under Graduate,Civil Engineering; Computer Science And Engineering; Computer Science And Engineering (Artificial Intelligence And Machine Learning); Computer Science And Engineering (Data Science); Computer Science And Engineering (Internet Of Things And Cyber Security Including Block Chain Techno; Construcion Technology; Electronics And Communications Engineering; Information Science And Engineering; Product Design And Manufacturing,902,,,,,,,,,,,,,,Contact College,,,AICTE Official Institutional Disclosures,2021,,,,,,,,,,,,,,,,https://www.aicte-india.org,False,Medium,False
1-44645081092,GOVERNMENT FIRST GRADE COLLEGE KUNIGAL,"Tumkur University, Tumkur",Government,Government,Karnataka,Tumkur,TUMKUR,BM ROAD KUNIGAL,,,,AICTE Approved,Under Graduate,Bca,60,,,,,,,,,,,,,,Contact College,,,AICTE Official Institutional Disclosures,2021,,,,,,,,,,,,,,,,https://www.aicte-india.org,False,Medium,False
1-44644441801,SKNG GOVT. FIRST GRADE COLLEGE,Koppal University,Government,Government,Karnataka,Koppal,KOPPAL,"ANEGUNDI ROAD, VIPRASAI NAGAR",,,,AICTE Approved,Under Graduate,Bba; Bca,120,,,,,,,,,,,,,,Contact College,,,AICTE Official Institutional Disclosures,2021,,,,,,,,,,,,,,,,https://www.aicte-india.org,False,Medium,False
1-44644319223,VAISIRI INSTITUTE OF MANAGEMENT AND TECHNOLOGY,"Tumkur University, Tumkur",Private-Self Financing,Private,Karnataka,Tumkur,TUMKUR,"SRISHARADADEVI NAGAR, 2ND STAGE, SAIBABA TEMPLE ROAD, TUMKUR",,,,AICTE Approved,Post Graduate; Under Graduate,Bba; Bca; Mba,360,,,,,,,,,,,,,,Contact College,,,AICTE Official Institutional Disclosures,2021,,,,,,,,,,,,,,,,https://www.aicte-india.org,False,Medium,False
1-44638883457,ACHARYA INSTITUTE OF GRADUATE STUDIES,Bengaluru City University,Private-Self Financing,Private,Karnataka,Bangalore Urban,BANGALORE URBAN,"DR. SARVEPALLI RADHAKRISHNAN ROAD, SOLADEVANAHALLI HESARAGATTA MAIN ROAD,  BANGALORE - 560107",,,,AICTE Approved,Post Graduate; Under Graduate,Bba; Bca; Mba; Mca,1200,,,,,,,,,,,,,,Contact College,,,AICTE Official Institutional Disclosures,2021,,,,,,,,,,,,,,,,https://www.aicte-india.org,False,Medium,False
1-44640860730,INSTITUTE OF BUSINESS MANAGEMENT AND RESEARCH,"Karnatak University, Dharwad",Private-Self Financing,Private,Karnataka,Dharwad,DHARWAD,"#567/2A+2B, AKSHAY COLONY, VIDYANAGAR,",,,,AICTE Approved,Post Graduate,Mba,120,,,,,,,,,,,,,,Contact College,,,AICTE Official Institutional Disclosures,2021,,,,,,,,,,,,,,,,https://www.aicte-india.org,False,Medium,False
1-44638738268,BASAV ENGINEERING SCHOOL OF TECHNOLOGY,"Visvesvaraya Technological University, Belagaum",Private-Self Financing,Private,Karnataka,Bijapur,BIJAPUR,"144/3, AT POST ZALKI, TQ. INDI, DIST VIJAYPURA",,,,AICTE Approved,Under Graduate,Civil Engineering; Computer Science & Engineering; Mechanical Engineering,180,,,,,,,,,,,,,,Contact College,,,AICTE Official Institutional Disclosures,2021,,,,,,,,,,,,,,,,https://www.aicte-india.org,False,Medium,False
1-44640857671,GHOUSIA INSTITUTE OF TECHNOLOGY FOR WOMEN,Directorate of Technical Education,Private-Self Financing,Private,Karnataka,Bangalore Urban,BANGALORE URBAN,"HOSUR ROAD, DRC POST",,,,AICTE Approved,Diploma; Under Graduate,Apparel Design And Fashion Technology; Computer Science And Engineering; Electronics And Communication Engineering; Information Science And Engineering,180,,,,,,,,,,,,,,Contact College,,,AICTE Official Institutional Disclosures,2021,,,,,,,,,,,,,,,,https://www.aicte-india.org,False,Medium,False
1-44642749331,SMT. KAMALA AND SRI VENKAPPA M AGADI COLLEGE OF ENGINEERING & TECHNOLOGY,"VisvesvarayaÂ Technological University, Belgaum",Private-Self Financing,Private,Karnataka,Gadag,GADAG,"SAVANUR ROAD, GULAGANJIKOPPA, LAXMESHWAR  DIST: GADAG",,,,AICTE Approved,Under Graduate,Civil Engineering; Computer Science And Engineering; Computer Science And Engineering (Artificial Intelligence And Machine Learning); Electrical And Electronics Engineering; Electronics & Communication Engg; Information Science And Engineering; Mechanical Engineering,480,,,,,,,,,,,,,,Contact College,,,AICTE Official Institutional Disclosures,2021,,,,,,,,,,,,,,,,https://www.aicte-india.org,False,Medium,False
1-44644775841,SHANTINIKETAN COLLEGE,"Bangalore University, Bengaluru",Private-Self Financing,Private,Karnataka,Bangalore Urban,BANGALORE URBAN,"NO. 70, BILEKHALLI",,,,AICTE Approved,Under Graduate,Bba,60,,,,,,,,,,,,,,Contact College,,,AICTE Official Institutional Disclosures,2021,,,,,,,,,,,,,,,,https://www.aicte-india.org,False,Medium,False
1-44639981631,M. S. RAMAIAH INSTITUTE OF TECHNOLOGY-MCA,"VisvesvarayaÂ Technological University, Belgaum",Private-Self Financing,Private,Karnataka,Bangalore Urban,BANGALORE URBAN,"VIDYA SOUDHA, MSRIT POST, MSR NAGAR",,,,AICTE Approved,Post Graduate,Masters In Computer Applications,120,,,,,,,,,,,,,,Contact College,,,AICTE Official Institutional Disclosures,2021,,,,,,,,,,,,,,,,https://www.aicte-india.org,False,Medium,False
1-44644311054,BANGALORE SCHOOL OF DESIGN,BENGALURU NORTH UNIVERSITY,Private-Self Financing,Private,Karnataka,Bangalore Urban,BANGALORE URBAN,"#4/3, D R PRIDE, OPP BDS NAGAR, K NARAYANAPURA, KOTHANUR POST",,,,AICTE Approved,Under Graduate,Bca,40,,,,,,,,,,,,,,Contact College,,,AICTE Official Institutional Disclosures,2021,,,,,,,,,,,,,,,,https://www.aicte-india.org,False,Medium,False
1-44644895918,AET COLLEGE,BENGALURU NORTH UNIVERSITY,Private-Self Financing,Private,Karnataka,Bangalore Urban,BANGALORE URBAN,"152-153, DODDAKANNELLI, OFF SARJAPUR ROAD,CARMELRAM POST",,,,AICTE Approved,Under Graduate,Bba; Bca,90,,,,,,,,,,,,,,Contact College,,,AICTE Official Institutional Disclosures,2021,,,,,,,,,,,,,,,,https://www.aicte-india.org,False,Medium,False
1-44638623550,K.S. SCHOOL OF ENGINEERING AND MANAGEMENT,"VisvesvarayaÂ Technological University, Belgaum",Private-Self Financing,Private,Karnataka,Bangalore Urban,BANGALORE URBAN,"#15/1, MALLASANDRA, OFF KANAKAPURA ROAD, BANGALORE - 560062",,,,AICTE Approved,Post Graduate; Under Graduate,Artificial Intelligence And Data Science; Civil Engineering; Computer Science And Business Systems; Computer Science And Engineering; Electronics & Communication Engg; Mba; Mechanical Engineering; Structural Engineering,678,,,,,,,,,,,,,,Contact College,,,AICTE Official Institutional Disclosures,2021,,,,,,,,,,,,,,,,https://www.aicte-india.org,False,Medium,False
1-44644630792,UNIVERSITY COLLEGE MANGALORE,"Mangalore University, Mangalore",Government,Government,Karnataka,Dakshina Kannada,DAKSHINA KANNADA,"HAMPANAKATTA, MANGALORE",,,,AICTE Approved,Under Graduate,Bba; Bca,180,,,,,,,,,,,,,,Contact College,,,AICTE Official Institutional Disclosures,2021,,,,,,,,,,,,,,,,https://www.aicte-india.org,False,Medium,False
1-44671731770,VENKATESHWARA DEGREE COLLEGE AND MANAGEMENT STUDIES,"Bangalore University, Bengaluru",Private-Self Financing,Private,Karnataka,Bangalore Urban,BANGALORE URBAN,NO 7/13 MARGONDANAHALLI KENGERI TAVAREKERE MAIN ROAD BANGALORE,,,,AICTE Approved,Under Graduate,Bca,60,,,,,,,,,,,,,,Contact College,,,AICTE Official Institutional Disclosures,2021,,,,,,,,,,,,,,,,https://www.aicte-india.org,False,Medium,False
1-44644356340,P A FIRST GRADE COLLEGE,"Mangalore University, Mangalore",Private-Self Financing,Private,Karnataka,Dakshina Kannada,DAKSHINA KANNADA,"NADUPADAVU, KAIRANGALA, NEAR MANGALORE UNIVERSITY, BANTWAL, MANGALURU",,,,AICTE Approved,Under Graduate,Bba; Bca,180,,,,,,,,,,,,,,Contact College,,,AICTE Official Institutional Disclosures,2021,,,,,,,,,,,,,,,,https://www.aicte-india.org,False,Medium,False
1-44644889144,LOWRY ADVENTIST COLLEGE,Bangalore North University,Private-Self Financing,Private,Karnataka,Bangalore Urban,BANGALORE URBAN,"LOWRY ADVENTIST COLLEGE  OPP KR PURAM RAILWAY STATION DOORAVANINAGAR BANGALORE, 16",,,,AICTE Approved,Under Graduate,Bba; Bca,130,,,,,,,,,,,,,,Contact College,,,AICTE Official Institutional Disclosures,2021,,,,,,,,,,,,,,,,https://www.aicte-india.org,False,Medium,False
1-44757009647,R G INSTITUTE OF COMMERCE AND MANAGEMENT,Davangere University,Private-Self Financing,Private,Karnataka,Davanagere,DAVANAGERE,"# 1653 / 51 / 2, NAYANA'S BUILDING, BIET ROAD, SIDDAVEERAPPA BADAVANE,",,,,AICTE Approved,Under Graduate,Bba; Bca,180,,,,,,,,,,,,,,Contact College,,,AICTE Official Institutional Disclosures,2021,,,,,,,,,,,,,,,,https://www.aicte-india.org,False,Medium,False
1-44789290973,C S BEMBALAGI ARTS SHA M R PALARESHA SCIENCE AND G L RATHI COMMERCE COLLEGE,Rani Channamma University,Govt aided,Government,Karnataka,Belgaum,BELGAUM,COURT ROAD KILLA,,,,AICTE Approved,Under Graduate,Bca,50,,,,,,,,,,,,,,Contact College,,,AICTE Official Institutional Disclosures,2021,,,,,,,,,,,,,,,,https://www.aicte-india.org,False,Medium,False
1-44644475707,ECR INSTITUTE OF MANAGEMENT STUDIES,"Mangalore University, Mangalore",Private-Self Financing,Private,Karnataka,Udupi,UDUPI,"MADHUVANA, ACHLADI POST,BRAHMAVARA TALUK, UDUPI DISTRICT,KARNATAKA",,,,AICTE Approved,Under Graduate,Bba; Bca,260,,,,,,,,,,,,,,Contact College,,,AICTE Official Institutional Disclosures,2021,,,,,,,,,,,,,,,,https://www.aicte-india.org,False,Medium,False
1-44644187240,GOVERNMENT FIRST GRADE COLLEGE,"kuvempu University,Shankaraghatta",Government,Government,Karnataka,Shimoga,SHIMOGA,"YALAVARSI, B H ROAD, SAGAR",,,,AICTE Approved,Under Graduate,Bba; Bca,120,,,,,,,,,,,,,,Contact College,,,AICTE Official Institutional Disclosures,2021,,,,,,,,,,,,,,,,https://www.aicte-india.org,False,Medium,False
1-44644335690,SRI ADICHUNCHANAGIRI COLLEGE OF ARTS  AND COMMERCE NAGAMANGALA,"Mandya University, Mandya",Govt aided,Government,Karnataka,Mandya,MANDYA,THE PRINCIPAL SRI ADICHUNCHANAGIRI COLLEGE OF ARTS AND COMMERCE T B EXTENSION NAGAMANGALA,,,,AICTE Approved,Under Graduate,Bba,60,,,,,,,,,,,,,,Contact College,,,AICTE Official Institutional Disclosures,2021,,,,,,,,,,,,,,,,https://www.aicte-india.org,False,Medium,False
1-44644416143,SRI BHAGAWAN MAHAVEER JAIN FIRST GRADE COLLEGE,Bangalore North University,Private-Self Financing,Private,Karnataka,Kolar,KOLAR,"GEETHA RD, SWARNA NAGAR, ROBERTSONPET, KGF, KARNATAKA",,,,AICTE Approved,Under Graduate,Bba; Bca,280,,,,,,,,,,,,,,Contact College,,,AICTE Official Institutional Disclosures,2021,,,,,,,,,,,,,,,,https://www.aicte-india.org,False,Medium,False
1-44644554749,BASUDEVA SOMANI COLLEGE,Mysore University,Govt aided,Government,Karnataka,Mysore,MYSORE,"P-12, VISHWAMANAVA DOUBLE ROAD, KUVEMPUNAGAR",,,,AICTE Approved,Under Graduate,Bba,60,,,,,,,,,,,,,,Contact College,,,AICTE Official Institutional Disclosures,2021,,,,,,,,,,,,,,,,https://www.aicte-india.org,False,Medium,False
1-44643572941,UNIVERSITY OF VISVESVARAYA COLLEGE OF ENGINEERING,UNIVERSITY OF VISVESVARAYA COLLEGE OF ENGINEERING,Government,Government,Karnataka,Bangalore Urban,BANGALORE URBAN,"UNIVERSITY VISVESVARAYA COLLEGE OF ENGINEERING (UVCE), KR CIRCLE, BANGALORE UNIVERSITY, BANGALORE 560001, KARNATAKA.",,,,AICTE Approved,Post Graduate; Under Graduate,Advanced Materials Technology; Artificial Intelligence (Ai)  And Data Science; Civil Engineering; Computer Networking; Computer Science & Engineering; Construction Technology; Cyber Security; Earthquake Engineering; Electrical And Electronics (Power System); Electrical And Electronics Engineering,1062,,,,,,,,,,,,,,Contact College,,,AICTE Official Institutional Disclosures,2021,,,,,,,,,,,,,,,,https://www.aicte-india.org,False,Medium,False
1-44644390377,GOVERNMENT FIRST GRADE COLLEGE,KUVEMPU,Government,Government,Karnataka,Shimoga,SHIMOGA,BAPUJI NAGAR,,,,AICTE Approved,Under Graduate,Bba; Bca,420,,,,,,,,,,,,,,Contact College,,,AICTE Official Institutional Disclosures,2021,,,,,,,,,,,,,,,,https://www.aicte-india.org,False,Medium,False
1-44644658432,CHARANS DEGREE COLLEGE,Bengaluru City University,Private-Self Financing,Private,Karnataka,Bangalore Urban,BANGALORE URBAN,NO 326 1ST MAIN CAMBRIDGE LAYOUT HALASURU BANGALORE,,,,AICTE Approved,Under Graduate,Bba; Bca,240,,,,,,,,,,,,,,Contact College,,,AICTE Official Institutional Disclosures,2021,,,,,,,,,,,,,,,,https://www.aicte-india.org,False,Medium,False
1-44642381632,INSTITUTE OF EXCELLENCE IN MANAGEMENT SCIENCE,"Karnatak University, Dharwad",Private-Self Financing,Private,Karnataka,Dharwad,DHARWAD,"PLOT NO 129-132, TARIHAL INDUSTRIAL AREA  AIRPORT ROAD, OPP OF TELEPHONE EXCHANGE OFFICE, HUBLI",,,,AICTE Approved,Post Graduate,Mba,120,,,,,,,,,,,,,,Contact College,,,AICTE Official Institutional Disclosures,2021,,,,,,,,,,,,,,,,https://www.aicte-india.org,False,Medium,False
1-44642331587,BRINDAVAN COLLEGE OF ENGINEERING,"Department of Technical Education, Bangalore",Private-Self Financing,Private,Karnataka,Bangalore Urban,BANGALORE URBAN,"DWARAKANAGARA, BAGALUR MAIN ROAD, YELAHANKA, BANGALORE - 560 063",,,,AICTE Approved,Diploma; Post Graduate; Under Graduate,Artificial Intelligence And Machine Learning; Civil Engineering; Computer Science And Engineering; Computer Science And Engineering (Internet Of Things And Cyber Security Including Block Chain Techno; Electronics & Communication Engg; Information Science And Engineering; Master Of Computer Applications; Mba; Mechanical Engineering,981,,,,,,,,,,,,,,Contact College,,,AICTE Official Institutional Disclosures,2021,,,,,,,,,,,,,,,,https://www.aicte-india.org,False,Medium,False
1-44643296181,KLS VISHWANATHRAO DESHPANDE INSTITUTE OF TECHNOLOGY,"VisvesvarayaÂ Technological University, Belgaum",Private-Self Financing,Private,Karnataka,Uttara Kannada,UTTARA KANNADA,"UDYOG VIDYA NAGAR,DANDELI ROAD, HALIYAL-581329 KA",,,,AICTE Approved,Post Graduate; Under Graduate,Civil Engineering; Computer Science And Engineering; Computer Science And Engineering (Artificial Intelligence And Machine Learning); Electrical And Electronics Engineering; Electronics & Communication Engg; Industrial Electronics; Mechanical Engineering; Thermal Engineering,474,,,,,,,,,,,,,,Contact College,,,AICTE Official Institutional Disclosures,2021,,,,,,,,,,,,,,,,https://www.aicte-india.org,False,Medium,False
1-44644637002,VIDYA FIRST GRADE COLLEGE,"Tumkur University, Tumkur",Private-Self Financing,Private,Karnataka,Tumkur,TUMKUR,"NEAR AKKA TANGI PARK, DEVARYA PATTANA EXTN, TUMAKURU.",,,,AICTE Approved,Under Graduate,Bca,120,,,,,,,,,,,,,,Contact College,,,AICTE Official Institutional Disclosures,2021,,,,,,,,,,,,,,,,https://www.aicte-india.org,False,Medium,False
1-44644603605,GOVERNMENT FIRST GRADE COLLEGE THIRTHAHALLI,KUVEMPU UNIVERISTY,Government,Government,Karnataka,Shimoga,SHIMOGA,BALEBAILU THIRHAHALLI,,,,AICTE Approved,Under Graduate,Bba; Bca,240,,,,,,,,,,,,,,Contact College,,,AICTE Official Institutional Disclosures,2021,,,,,,,,,,,,,,,,https://www.aicte-india.org,False,Medium,False
1-44638848445,VEERAPPA NISTY ENGNINEERING COLLEGE,"VisvesvarayaÂ Technological University, Belgaum",Private-Self Financing,Private,Karnataka,Yadgir,YADGIR,"POST:HASNAPUR, TQ:SHORAPUR, DIST: YADGIR",,,,AICTE Approved,Post Graduate; Under Graduate,Civil Engineering; Computer Science & Engineering; Digital Communication; Electrical And Electronics Engineering; Electronics And Communications Engineering; Mba(Information Management); Mechanical Engineering; Structural Engineering,387,,,,,,,,,,,,,,Contact College,,,AICTE Official Institutional Disclosures,2021,,,,,,,,,,,,,,,,https://www.aicte-india.org,False,Medium,False
1-44644706192,BENEDICTINE ACADEMY,"Bangalore University, Bengaluru",Private-Self Financing,Private,Karnataka,Bangalore Urban,BANGALORE URBAN,ASIRVANAM ANCHEPALYA KUMBALAGODU POST,,,,AICTE Approved,Under Graduate,Bba; Bca,220,,,,,,,,,,,,,,Contact College,,,AICTE Official Institutional Disclosures,2021,,,,,,,,,,,,,,,,https://www.aicte-india.org,False,Medium,False
1-44642893259,EAST WEST INSTITUTE OF TECHNOLOGY,"VisvesvarayaÂ Technological University, Belgaum",Private-Self Financing,Private,Karnataka,Bangalore Urban,BANGALORE URBAN,"SY. NO.63, OFF MAGADI MAIN ROAD, VISHWANEEDAM POST",,,,AICTE Approved,Integrated; Post Graduate; Under Graduate,Artificial Intelligence And Data Science; Artificial Intelligence And Machine Learning; Bba/Mba; Civil Engineering; Computer Science And Engineering; Computer Science And Engineering (Artificial Intelligence And Machine Learning); Computer Science And Engineering (Internet Of Things And Cyber Security Including Block Chain Techno; Digital Electronics; Electrical And Electronics Engineering; Electronics & Communication Engg,1356,,,,,,,,,,,,,,Contact College,,,AICTE Official Institutional Disclosures,2021,,,,,,,,,,,,,,,,https://www.aicte-india.org,False,Medium,False
1-44644538255,GOVERNMENT FIRST GRADE COLLEGE,RAICHUR UNIVERSITY,Government,Government,Karnataka,Yadgir,YADGIR,B B ROAD NEAR NEW THAHASEL OFFICE SHAHAPUR,,,,AICTE Approved,Under Graduate,Bba,60,,,,,,,,,,,,,,Contact College,,,AICTE Official Institutional Disclosures,2021,,,,,,,,,,,,,,,,https://www.aicte-india.org,False,Medium,False
1-44644402974,SPURTHY COLLEGE OF SCIENCE AND MANAGEMENT STUDIES,"Bangalore University, Bengaluru",Private-Self Financing,Private,Karnataka,Bangalore Urban,BANGALORE URBAN,"#328,MARASUR GATE",,,,AICTE Approved,Under Graduate,Bba; Bca,250,,,,,,,,,,,,,,Contact College,,,AICTE Official Institutional Disclosures,2021,,,,,,,,,,,,,,,,https://www.aicte-india.org,False,Medium,False
1-44644070930,KARNATAK LAW SOCIETY BCA COLLEGE HALIYAL,"Karnatak University, Dharwad",Private-Self Financing,Private,Karnataka,Uttara Kannada,UTTARA KANNADA,UDYOG VIDYA NAGAR DANDELI ROAD HALIYAL 581329 KARNATAKA,,,,AICTE Approved,Under Graduate,Bca,85,,,,,,,,,,,,,,Contact College,,,AICTE Official Institutional Disclosures,2021,,,,,,,,,,,,,,,,https://www.aicte-india.org,False,Medium,False
1-44644496319,SRI KRISHNA RUKMINI FIRST GRADE COLLEGE,Bangalore North University,Private-Self Financing,Private,Karnataka,Chikaballapur,CHIKABALLAPUR,"NO. 40C , INDUSTRIAL AREA, RAILWAY GATE",,,,AICTE Approved,Under Graduate,Bca,60,,,,,,,,,,,,,,Contact College,,,AICTE Official Institutional Disclosures,2021,,,,,,,,,,,,,,,,https://www.aicte-india.org,False,Medium,False
1-44643695007,CHANNABASAVESHWARA INSTITUTE OF TECHNOLOGY,"VisvesvarayaÂ Technological University, Belgaum",Private-Self Financing,Private,Karnataka,Tumkur,TUMKUR,"NH 206 (BH ROAD), GUBBI, TUMKUR. KARNATAKA",,,,AICTE Approved,Diploma; Post Graduate; Under Graduate,Artificial Intelligence And Data Science; Bca; Civil Engineering; Computer Science And Engineering; Electrical And Electronics Engineering; Electronics; Electronics & Communication Engg; Information Science And Engineering; Mba; Mca,981,,,,,,,,,,,,,,Contact College,,,AICTE Official Institutional Disclosures,2021,,,,,,,,,,,,,,,,https://www.aicte-india.org,False,Medium,False
1-44644477175,GOVERNMENT FIRST GRADE EVENING COLLEGE,Kuvempu university,Government,Government,Karnataka,Shimoga,SHIMOGA,BAPUJINAGARA  BEHIND BEO OFFICE,,,,AICTE Approved,Under Graduate,Bca,60,,,,,,,,,,,,,,Contact College,,,AICTE Official Institutional Disclosures,2021,,,,,,,,,,,,,,,,https://www.aicte-india.org,False,Medium,False
1-44644901662,GOVERNMENT FIRST GRADE COLLEGE KOLAR GOLD FIELDS,Bangalore North University,Government,Government,Karnataka,Kolar,KOLAR,"RAJIVGANDHI LAYOUT, ROBERTSONPET, K.G.F",,,,AICTE Approved,Under Graduate,Bba; Bca,200,,,,,,,,,,,,,,Contact College,,,AICTE Official Institutional Disclosures,2021,,,,,,,,,,,,,,,,https://www.aicte-india.org,False,Medium,False
1-44638686172,YENEPOYA DEEMED TO BE UNIVERSITY,"Yenepoya University,  Mangalore",Deemed to be University(Pvt),Private,Karnataka,Dakshina Kannada,DAKSHINA KANNADA,UNIVERSITY ROAD DERALAKATTE,,,,AICTE Approved,Post Graduate; Under Graduate,Artificial Intelligence And Machine Learning; Bba; Bca; Communication Design; Computer Engineering (Software Engineering); Computer Science And Engineering; Computer Science And Engineering (Artificial Intelligence); Computer Science And Engineering (Cyber Security); Computer Science And Engineering (Data Science); Computer Science And Information Technology,15320,,,,,,,,,,,,,,Contact College,,,AICTE Official Institutional Disclosures,2021,,,,,,,,,,,,,,,,https://www.aicte-india.org,False,Medium,False
1-44644919522,SAPIENT COLLEGE OF COMMERCE AND MANAGEMENT,"Mysore University, Mysore",Private-Self Financing,Private,Karnataka,Mysore,MYSORE,"#763/764, METAGALLI EXTENSION, BEFORE KRS RING ROAD JUNCTION, MYSORE-570016",,,,AICTE Approved,Under Graduate,Bba; Bca,360,,,,,,,,,,,,,,Contact College,,,AICTE Official Institutional Disclosures,2021,,,,,,,,,,,,,,,,https://www.aicte-india.org,False,Medium,False
1-44766775524,TTL COLLEGE OF BUSINESS MANAGEMENT,Mysore University,Private-Self Financing,Private,Karnataka,Mysore,MYSORE,2899/2 I MAIN ROAD SARASWATHIPURAM MYSURU,,,,AICTE Approved,Under Graduate,Bba,60,,,,,,,,,,,,,,Contact College,,,AICTE Official Institutional Disclosures,2021,,,,,,,,,,,,,,,,https://www.aicte-india.org,False,Medium,False
1-44641722984,"NAVODAYA INSTITUTE OF TECHNOLOGY, RAICHIUR.","VisvesvarayaÂ Technological University, Belgaum",Private-Self Financing,Private,Karnataka,Raichur,RAICHUR,"NAVODAYA NAGAR, MANATRALAYAM ROAD, RAICHUR",,,,AICTE Approved,Post Graduate; Under Graduate,Civil Engineering; Computer Science And Engineering; Computer Science And Engineering (Artificial Intelligence And Machine Learning); Digital Communications And Networking; Electrical And Electronics Engineering; Electronics & Communication Engg; Mechanical Engineering; Thermal Power Engineering,507,,,,,,,,,,,,,,Contact College,,,AICTE Official Institutional Disclosures,2021,,,,,,,,,,,,,,,,https://www.aicte-india.org,False,Medium,False
1-44642935954,HIRASUGAR INSTIUTE OF TECHNOLOGY,"VisvesvarayaÂ Technological University, Belgaum",Private-Self Financing,Private,Karnataka,Belgaum,BELGAUM,NIDAOSHI TALUKA: HUKERI DISTRICT: BELGAUM STATE: KARNATAKA,,,,AICTE Approved,Under Graduate,Computer Science And Engineering; Electrical And Electronics Engineering; Electronics And Communications Engineering; Mechanical Engineering,360,,,,,,,,,,,,,,Contact College,,,AICTE Official Institutional Disclosures,2021,,,,,,,,,,,,,,,,https://www.aicte-india.org,False,Medium,False
1-44753889253,VEDA DEGREE COLLEGE,Davangere University,Private-Self Financing,Private,Karnataka,Chitradurga,CHITRADURGA,HIRIYUR - BELLARY HIGHWAY,,,,AICTE Approved,Under Graduate,Bca,60,,,,,,,,,,,,,,Contact College,,,AICTE Official Institutional Disclosures,2021,,,,,,,,,,,,,,,,https://www.aicte-india.org,False,Medium,False
1-44644420454,RBANMS FIRST GRADE COLLEGE,Bengaluru City University,Govt aided,Government,Karnataka,Bangalore Urban,BANGALORE URBAN,"#12, ANNASWAMY MUDALIAR ROAD",,,,AICTE Approved,Under Graduate,Bba; Bca,120,,,,,,,,,,,,,,Contact College,,,AICTE Official Institutional Disclosures,2021,,,,,,,,,,,,,,,,https://www.aicte-india.org,False,Medium,False
1-44643062201,SHUSHRUTI INSTITUTE OF MANAGEMENT STUDIES,"Bangalore University, Bengaluru",Private-Self Financing,Private,Karnataka,Bangalore Urban,BANGALORE URBAN,"#68, SHUSHRUTI NAGAR, ANDRAHALLI MAIN ROAD, PEENYA II STAGE",,,,AICTE Approved,Post Graduate,Mba,60,,,,,,,,,,,,,,Contact College,,,AICTE Official Institutional Disclosures,2021,,,,,,,,,,,,,,,,https://www.aicte-india.org,False,Medium,False
1-44644668893,GVPP GOVERNMEMENT FIRST GRADE COLLEGE,Vijayanagara Sri Krishnadevaraya University Ballari,Government,Government,Karnataka,Vijayanagara,VIJAYANAGARA,GVPP GOVERNMEMENT FIRST GRADE COLLEGE HAGARIBOMMANAHALLI,,,,AICTE Approved,Under Graduate,Bca,60,,,,,,,,,,,,,,Contact College,,,AICTE Official Institutional Disclosures,2021,,,,,,,,,,,,,,,,https://www.aicte-india.org,False,Medium,False
1-44644479783,SKVMS GOVT FIRST GRADE COLLEGE KUNDAPURA KOTESHWARA,"Mangalore University, Mangalore",Government,Government,Karnataka,Udupi,UDUPI,"SKVMS GOVT FIRST GRADE COLLEGE, HALADI ROAD, KUNDAPURA POST KOTESHWARA,",,,,AICTE Approved,Under Graduate,Bba; Bca,100,,,,,,,,,,,,,,Contact College,,,AICTE Official Institutional Disclosures,2021,,,,,,,,,,,,,,,,https://www.aicte-india.org,False,Medium,False
1-44644504837,BEL FIRST GRADE COLLEGE,Bangalore Central University,Private-Self Financing,Private,Karnataka,Bangalore Urban,BANGALORE URBAN,"BEL CAMPUS, JALAHALLI",,,,AICTE Approved,Under Graduate,Bba; Bca,120,,,,,,,,,,,,,,Contact College,,,AICTE Official Institutional Disclosures,2021,,,,,,,,,,,,,,,,https://www.aicte-india.org,False,Medium,False
1-44644796650,IDEAL COLLEGE OF ARTS AND SCIENCE KUTTIADI,"University of Calicut, Calicut,",Private-Self Financing,Private,Kerala,Kozhikode,KOZHIKODE,CHANGAROTH POST  KUNNASSERY 673528 PIN KOZHIKODE DISTRICT,,,,AICTE Approved,Under Graduate,Bba,60,,,,,,,,,,,,,,Contact College,,,AICTE Official Institutional Disclosures,2021,,,,,,,,,,,,,,,,https://www.aicte-india.org,False,Medium,False
1-44644440123,AL AZHAR COLLEGE OF ARTS AND SCIENCE,"Mahatma Gandhi University, Kottayam",Private-Self Financing,Private,Kerala,Idukki,IDUKKI,PERUMPILLICHIRA P O,,,,AICTE Approved,Post Graduate; Under Graduate,Bba; Bca; Mba; Mca,600,,,,,,,,,,,,,,Contact College,,,AICTE Official Institutional Disclosures,2021,,,,,,,,,,,,,,,,https://www.aicte-india.org,False,Medium,False
1-44638709074,BISHOP JEROME INSTITUTE,"APJ Abdul Kalam Technological University, Kerala",Private-Self Financing,Private,Kerala,Kollam,KOLLAM,"FATIMA COLLEGE ROAD, KOLLAM - 691001",,,,AICTE Approved,Post Graduate; Under Graduate,Civil Engineering; Computer Science & Engineering; Computer Science And Engineering (Artificial Intelligence); Computer Science And Engineering (Data Science); Electrical And Electronics Engineering; Electronics And Communication Engineering; Mba; Mechanical Engineering,390,,,,,,,,,,,,,,Contact College,,,AICTE Official Institutional Disclosures,2021,,,,,,,,,,,,,,,,https://www.aicte-india.org,False,Medium,False
1-44644439814,HOLY CROSS COLLEGE OF MANAGEMENT AND TECHNOLOGY,"Mahatma Gandhi University, Kottayam",Private-Self Financing,Private,Kerala,Idukki,IDUKKI,HOLY CROSS COLLEGE OF MANAGEMENT AND TECHNOLOGY PUTTADY,,,,AICTE Approved,Under Graduate,Bba; Bca,120,,,,,,,,,,,,,,Contact College,,,AICTE Official Institutional Disclosures,2021,,,,,,,,,,,,,,,,https://www.aicte-india.org,False,Medium,False
1-44644499763,ILAHIYA ARTS AND SCIENCE COLLEGE CHELIYA,"University of Calicut, Calicut,",Private-Self Financing,Private,Kerala,Kozhikode,KOZHIKODE,"CHELIYA,CHENGOTTUKAVU",,,,AICTE Approved,Under Graduate,Bba; Bca,66,,,,,,,,,,,,,,Contact College,,,AICTE Official Institutional Disclosures,2021,,,,,,,,,,,,,,,,https://www.aicte-india.org,False,Medium,False
1-44644412513,MOHAMMED ALI SHIHAB THANGAL MEMORIAL ARTS AND SCIENCE COLLEGE,"University of Calicut, Calicut,",Private-Self Financing,Private,Kerala,Malappuram,MALAPPURAM,POOPALAM PERINTHALMANNA VALAMBOOR PO,,,,AICTE Approved,Under Graduate,Bba,60,,,,,,,,,,,,,,Contact College,,,AICTE Official Institutional Disclosures,2021,,,,,,,,,,,,,,,,https://www.aicte-india.org,False,Medium,False
1-44644459938,KUNIYA COLLEGE OF ARTS AND SCIENCE,"Kannur University, Kannur",Private-Self Financing,Private,Kerala,Kasaragod,KASARAGOD,"KUNIYA, PERIYA P.O., KASARAGOD",,,,AICTE Approved,Under Graduate,Bba,25,,,,,,,,,,,,,,Contact College,,,AICTE Official Institutional Disclosures,2021,,,,,,,,,,,,,,,,https://www.aicte-india.org,False,Medium,False
1-44644834893,LIONS EDUCATIONAL TRUST COLLEGE,"University of Calicut, Calicut,",Private-Self Financing,Private,Kerala,Palakkad,PALAKKAD,"MANALIPPADAM,MUDAPPALLUR,PALAKKAD",,,,AICTE Approved,Under Graduate,Bba,45,,,,,,,,,,,,,,Contact College,,,AICTE Official Institutional Disclosures,2021,,,,,,,,,,,,,,,,https://www.aicte-india.org,False,Medium,False
1-44644357771,COLLEGE OF APPLIED SCIENCE MALAMPUZHA,"University of Calicut, Calicut,",Government,Government,Kerala,Palakkad,PALAKKAD,"COLLEGE OF APPLIED SCIENCE MALAMPUZHA, CHEMMANKADU,KOTTEKKAD PO",,,,AICTE Approved,Under Graduate,Bba,30,,,,,,,,,,,,,,Contact College,,,AICTE Official Institutional Disclosures,2021,,,,,,,,,,,,,,,,https://www.aicte-india.org,False,Medium,False
1-44923937753,COLLEGE OF APPLIED SCIENCE CHEEMENI,"Kannur University, Kannur",Government,Government,Kerala,Kasaragod,KASARAGOD,"COLLRGE OF APPLIED SCIENCE CHEEMENI, PALLIPPARA, PETTIKUNDU (PO), CHEREUVATHUR",,,,AICTE Approved,Under Graduate,Bba; Bca,65,,,,,,,,,,,,,,Contact College,,,AICTE Official Institutional Disclosures,2021,,,,,,,,,,,,,,,,https://www.aicte-india.org,False,Medium,False
1-44642746607,SREE CHITRA THIRUNAL COLLEGE OF ENGINEERING,"APJ Abdul Kalam Technological University, Kerala",Government,Government,Kerala,Thiruvananthapuram,THIRUVANANTHAPURAM,PAPPANAMCODE THIRUVANANTHAPURAM,,,,AICTE Approved,Post Graduate; Under Graduate,Automotive Electronics; Biotechnology And Biochemical Engineering; Computer Science And Engineering; Computer Science And Engineering(Artificial Intelligence And Machine Learning); Electronics And Communications Engineering; Machine Design; Mechanical Engineering; Mechanical Engineering (Automobile),606,,,,,,,,,,,,,,Contact College,,,AICTE Official Institutional Disclosures,2021,,,,,,,,,,,,,,,,https://www.aicte-india.org,False,Medium,False
1-44643003812,VALIA KOONAMBAIKULATHAMMA COLLEGE OF ENGINEERING AND TECHNOLOGY,"APJ Abdul Kalam Technological University, Kerala",Private-Self Financing,Private,Kerala,Thiruvananthapuram,THIRUVANANTHAPURAM,"CHAVARCODE,PARIPPALLY THIRUVANANTHAPURAM KERALA STATE",,,,AICTE Approved,Under Graduate,Civil Engineering; Computer Science And Engineering; Computer Science And Engineering (Cyber Security); Electrical And Electronics Engineering; Electronics & Communication Engg; Mechanical Engineering,360,,,,,,,,,,,,,,Contact College,,,AICTE Official Institutional Disclosures,2021,,,,,,,,,,,,,,,,https://www.aicte-india.org,False,Medium,False
1-44644686464,ST MARYS COLLEGE FOR WOMEN,"Mahatma Gandhi University, Kottayam",Private-Self Financing,Private,Kerala,Pathanamthitta,PATHANAMTHITTA,ST.MARY'S COLLEGE FOR WOMEN PALIAKARA,,,,AICTE Approved,Under Graduate,Bba; Bca,80,,,,,,,,,,,,,,Contact College,,,AICTE Official Institutional Disclosures,2021,,,,,,,,,,,,,,,,https://www.aicte-india.org,False,Medium,False
1-44644865446,SAQAFATH INSTITUTE OF ADVANCED STUDIES UMMATHUR,"University of Calicut, Calicut,",Private-Self Financing,Private,Kerala,Kozhikode,KOZHIKODE,"UMMATHUR, PARAKKADAVU, KOZHIKODE, KERALA, INDIA, PIN 673509",,,,AICTE Approved,Under Graduate,Bba,30,,,,,,,,,,,,,,Contact College,,,AICTE Official Institutional Disclosures,2021,,,,,,,,,,,,,,,,https://www.aicte-india.org,False,Medium,False
1-44644845932,SREE GOKULAM ARTS AND SCIENCE COLLEGE BALUSSERY,"University of Calicut, Calicut,",Private-Self Financing,Private,Kerala,Kozhikode,KOZHIKODE,SREE GOKULAM ARTS AND SCIENCE COLLEGE BALUSSERY,,,,AICTE Approved,Under Graduate,Bca,24,,,,,,,,,,,,,,Contact College,,,AICTE Official Institutional Disclosures,2021,,,,,,,,,,,,,,,,https://www.aicte-india.org,False,Medium,False
1-44644566328,H.M ARTS AND SCIENCE COLLEGE,"Mahatma Gandhi University, Kottayam",Private-Self Financing,Private,Kerala,Ernakulam,ERNAKULAM,RANDARKARA,,,,AICTE Approved,Under Graduate,Bba; Bca,100,,,,,,,,,,,,,,Contact College,,,AICTE Official Institutional Disclosures,2021,,,,,,,,,,,,,,,,https://www.aicte-india.org,False,Medium,False
1-44644387583,ST. ALOYSIUS COLLEGE,"University of Calicut, Calicut,",Govt aided,Government,Kerala,Thrissur,THRISSUR,ELTHURUTH,,,,AICTE Approved,Under Graduate,Bba,70,,,,,,,,,,,,,,Contact College,,,AICTE Official Institutional Disclosures,2021,,,,,,,,,,,,,,,,https://www.aicte-india.org,False,Medium,False
1-44641525184,"COLLEGE OF ENGINEERING, PATHANAPURAM","APJ Abdul Kalam Technological University, Kerala",Government,Government,Kerala,Kollam,KOLLAM,"ELIKATTOOR P.O., PIRAVANTHOOR KOLLAM - 689 696",,,,AICTE Approved,Diploma; Under Graduate,Civil Engineering; Computer Science & Engineering; Electrical And Electronics Engineering; Electronics And Communication Engineering; Mechanical Engineering; Robotic Process Automation,360,,,,,,,,,,,,,,Contact College,,,AICTE Official Institutional Disclosures,2021,,,,,,,,,,,,,,,,https://www.aicte-india.org,False,Medium,False
1-44641749138,MARIAN COLLEGE KUTTIKKANAM,"Mahatma Gandhi University, Kottayam",Private-Self Financing,Private,Kerala,Idukki,IDUKKI,KUTTIKKANAM P.O KUTTIKKNAM PEERMADE IDUKKI DIST.,,,,AICTE Approved,Post Graduate; Under Graduate,Bba; Bca; Masters In Computer Applications; Mba,480,,,,,,,,,,,,,,Contact College,,,AICTE Official Institutional Disclosures,2021,,,,,,,,,,,,,,,,https://www.aicte-india.org,False,Medium,False
1-44642131122,KMCT COLLEGE OF ENGINEERING FOR WOMEN,"APJ Abdul Kalam Technological University, Kerala",Private-Self Financing,Private,Kerala,Kozhikode,KOZHIKODE,THAZHEKODE VILLAGE MANASSERY POST MUKKAM KOZHIKODE KERALA,,,,AICTE Approved,Post Graduate; Under Graduate,Biomedical Engineering; Civil Engineering; Computer Science & Engineering; Electronics And Communications Engineering; Environmental Engineering; Information Technology,273,,,,,,,,,,,,,,Contact College,,,AICTE Official Institutional Disclosures,2021,,,,,,,,,,,,,,,,https://www.aicte-india.org,False,Medium,False
1-44642387942,SREE NARAYANA GURU MEMORIAL CATERING COLLEGE,"Kerala University, Thiruvananthapuram",Private-Self Financing,Private,Kerala,Alappuzha,ALAPPUZHA,VALAMANGALAM SOUTH POST THURAVOOR CHERTHALA ALAPPUZHA KERALA 688532,,,,AICTE Approved,Under Graduate,Hotel Management And Catering Technology,120,,,,,,,,,,,,,,Contact College,,,AICTE Official Institutional Disclosures,2021,,,,,,,,,,,,,,,,https://www.aicte-india.org,False,Medium,False
1-44641906623,NEHRU COLLEGE OF ENGINEERING AND RESEARCH CENTRE,"APJ Abdul Kalam Technological University, Kerala",Private-Self Financing,Private,Kerala,Thrissur,THRISSUR,"PAMPADY,THIRUVILWAMALA,THRISSUR,KERALA",,,,AICTE Approved,Post Graduate; Under Graduate,Computer Science & Engineering; Computer Science And Engineering; Computer Science And Engineering (Artificial Intelligence And Machine Learning); Cyber Security; Electrical And Computer Engineering; Electronics & Communication Engg; Energy Systems; Masters In Computer Applications; Mba; Mechanical Engineering (Industry Integrated),594,,,,,,,,,,,,,,Contact College,,,AICTE Official Institutional Disclosures,2021,,,,,,,,,,,,,,,,https://www.aicte-india.org,False,Medium,False
1-44644566628,AZHARUL ULOOM COLLEGE OF ARTS AND SCIENCE,"Mahatma Gandhi University, Kottayam",Private-Self Financing,Private,Kerala,Ernakulam,ERNAKULAM,"AZHAR NAGAR, MARAMPALLY PO, ALUVA",,,,AICTE Approved,Under Graduate,Bba; Bca,120,,,,,,,,,,,,,,Contact College,,,AICTE Official Institutional Disclosures,2021,,,,,,,,,,,,,,,,https://www.aicte-india.org,False,Medium,False
1-44640989369,VIDYA ACADEMY OF SCIENCE & TECHNOLOGY,"APJ Abdul Kalam Technological University, Kerala",Private-Self Financing,Private,Kerala,Thrissur,THRISSUR,KURUMAL THALAKKOTTUKARA P O THRISSUR PIN CODE- 680501 KERALA,,,,AICTE Approved,Post Graduate; Under Graduate,Artificial Intelligence And Machine Learning; Civil Engineering; Computer Science And Engineering; Electrical And Electronics Engineering; Electronics & Communication Engg; Embedded Systems; Masters In Computer Applications; Mechanical Engineering; Structural Engineering,618,,,,,,,,,,,,,,Contact College,,,AICTE Official Institutional Disclosures,2021,,,,,,,,,,,,,,,,https://www.aicte-india.org,False,Medium,False
1-44637281589,CHINMAYA VISHWAVIDYAPEETH,Chinmaya Vishwavidyapeeth,Private-Self Financing,Private,Kerala,Ernakulam,ERNAKULAM,"CVV-IST, PERIYAPPURAM, ONAKKOOR VILLAGE, ONAKKOOR P.O.,",,,,AICTE Approved,Post Graduate; Under Graduate,Bba; Bca; Computer Science And Engineering; Computer Science And Engineering (Artificial Intelligence And Machine Learning); Computer Science And Engineering (Artificial Intelligence); Computer Science And Engineering (Cyber Security); Computer Science And Engineering (Data Science); Electronics And Communications Engineering; Mba (General); Mechanical Engineering,1260,,,,,,,,,,,,,,Contact College,,,AICTE Official Institutional Disclosures,2021,,,,,,,,,,,,,,,,https://www.aicte-india.org,False,Medium,False
1-44644336485,BISHOP SPEECHLY COLLEGE FOR ADVANCED STUDIES,"Mahatma Gandhi University, Kottayam",Private-Self Financing,Private,Kerala,Kottayam,KOTTAYAM,"BUCHANAN CAMPUS, PALLOM",,,,AICTE Approved,Under Graduate,Bca,70,,,,,,,,,,,,,,Contact College,,,AICTE Official Institutional Disclosures,2021,,,,,,,,,,,,,,,,https://www.aicte-india.org,False,Medium,False
1-44644411518,SNES KALYANI COLLEGE,"University of Calicut, Calicut,",Private-Self Financing,Private,Kerala,Palakkad,PALAKKAD,KOTTAPPURAM POST KARIMPUZHA,,,,AICTE Approved,Under Graduate,Bba,30,,,,,,,,,,,,,,Contact College,,,AICTE Official Institutional Disclosures,2021,,,,,,,,,,,,,,,,https://www.aicte-india.org,False,Medium,False
1-44644139765,BASELIOS POULOSE II CATHOLIOS COLLEGE,"Mahatma Gandhi University, Kottayam",Govt aided,Government,Kerala,Ernakulam,ERNAKULAM,"BASELIOS MOUNT, MULAKKULAM NORTH P O, PIRAVOM",,,,AICTE Approved,Under Graduate,Bba; Bca,120,,,,,,,,,,,,,,Contact College,,,AICTE Official Institutional Disclosures,2021,,,,,,,,,,,,,,,,https://www.aicte-india.org,False,Medium,False
1-44642390663,MAR BASELIOS COLLEGE OF ENGINEERING AND TECHNOLOGY,"APJ Abdul Kalam Technological University, Kerala",Private-Self Financing,Private,Kerala,Thiruvananthapuram,THIRUVANANTHAPURAM,BETHANY HILLS NALANCHIRA THIRUVANANTHAPURAM PIN CODE-695015,,,,AICTE Approved,Post Graduate; Under Graduate,Civil Engineering; Computer Science And Engineering; Computer Science And Engineering (Artificial Intelligence); Electrical And Computer Engineering; Electrical And Electronics Engineering; Electronics & Communication Engg; Environmental Science And Engineering; Iot And Sensor Systems; Machine Design; Mechanical Engineering,747,,,,,,,,,,,,,,Contact College,,,AICTE Official Institutional Disclosures,2021,,,,,,,,,,,,,,,,https://www.aicte-india.org,False,Medium,False
1-44644487861,NALANDA COLLEGE OF ARTS AND SCIENCE PERLA,"Kannur University, Kannur",Private-Self Financing,Private,Kerala,Kasaragod,KASARAGOD,NEAR CHECK POST PERLA,,,,AICTE Approved,Under Graduate,Bba,40,,,,,,,,,,,,,,Contact College,,,AICTE Official Institutional Disclosures,2021,,,,,,,,,,,,,,,,https://www.aicte-india.org,False,Medium,False
1-44643918341,M E S COLLEGE MARAMPALLY,"Mahatma Gandhi University, Kottayam",Govt aided,Government,Kerala,Ernakulam,ERNAKULAM,"MARAMPALLY P O, MARAMPALLY",,,,AICTE Approved,Under Graduate,Bba; Bca,120,,,,,,,,,,,,,,Contact College,,,AICTE Official Institutional Disclosures,2021,,,,,,,,,,,,,,,,https://www.aicte-india.org,False,Medium,False
1-44642376739,GOVERNMENT ENGINEERING COLLEGE IDUKKI,"APJ Abdul Kalam Technological University, Kerala",Government,Government,Kerala,Idukki,IDUKKI,PAINAVU PO IDUKKI DISTRICT KERALA INDIA,,,,AICTE Approved,Post Graduate; Under Graduate,Computer Science And Engineering; Computer Science And Systems Engineering; Electrical And Electronics Engineering; Electronics & Communication Engg; Information Technology; Mechanical Engineering; Network Engineering; Power Electronics And Control; Robotics And Artificial Intelligence; Vlsi And Embedded Systems,402,,,,,,,,,,,,,,Contact College,,,AICTE Official Institutional Disclosures,2021,,,,,,,,,,,,,,,,https://www.aicte-india.org,False,Medium,False
1-44644355854,CHRIST COLLEGE IRINJALAKUDA,"University of Calicut, Calicut,",Govt aided,Government,Kerala,Thrissur,THRISSUR,"CHRIST COLLEGE IRINJALAKUDA, IRINJALAKUDA NORTH",,,,AICTE Approved,Under Graduate,Bba; Bca,240,,,,,,,,,,,,,,Contact College,,,AICTE Official Institutional Disclosures,2021,,,,,,,,,,,,,,,,https://www.aicte-india.org,False,Medium,False
1-44644336150,SREE NARAYANA COLLEGE OF TECHNOLOGY,"Kerala University, Thiruvananthapuram",Private-Self Financing,Private,Kerala,Kollam,KOLLAM,"VADAKKEVILA, NEAR AYATHIL BYE PASS",,,,AICTE Approved,Under Graduate,Bca,60,,,,,,,,,,,,,,Contact College,,,AICTE Official Institutional Disclosures,2021,,,,,,,,,,,,,,,,https://www.aicte-india.org,False,Medium,False
1-44753584536,MOR IVANIAN COLLEGE,"University of Calicut, Calicut,",Private-Self Financing,Private,Kerala,Palakkad,PALAKKAD,"THENIDUKKU, VADAKKENCHERRY",,,,AICTE Approved,Under Graduate,Bba; Bca,120,,,,,,,,,,,,,,Contact College,,,AICTE Official Institutional Disclosures,2021,,,,,,,,,,,,,,,,https://www.aicte-india.org,False,Medium,False
1-44641855820,ELIJAH INSTITUTE OF MANAGEMENT STUDIES,"University of Calicut, Calicut,",Private-Self Financing,Private,Kerala,Thrissur,THRISSUR,"ST.MARY'S STREET,PONGANAMKADU KURICHIKKARA P.O,THRISSUR-680028",,,,AICTE Approved,Post Graduate,Mba,120,,,,,,,,,,,,,,Contact College,,,AICTE Official Institutional Disclosures,2021,,,,,,,,,,,,,,,,https://www.aicte-india.org,False,Medium,False
1-44644087171,SIENA COLLEGE OF PROFESSIONAL STUDIES,"Mahatma Gandhi University, Kottayam",Private-Self Financing,Private,Kerala,Ernakulam,ERNAKULAM,EDAKOCHI,,,,AICTE Approved,Under Graduate,Bba; Bca,120,,,,,,,,,,,,,,Contact College,,,AICTE Official Institutional Disclosures,2021,,,,,,,,,,,,,,,,https://www.aicte-india.org,False,Medium,False
1-44644846943,FATIMA MATA NATIONAL COLLEGE,"Kerala University, Thiruvananthapuram",Govt aided,Government,Kerala,Kollam,KOLLAM,"FATIMA MATA NATIONAL COLLEGE, KOLLAM - 1",,,,AICTE Approved,Under Graduate,Bca,35,,,,,,,,,,,,,,Contact College,,,AICTE Official Institutional Disclosures,2021,,,,,,,,,,,,,,,,https://www.aicte-india.org,False,Medium,False
1-44644521415,SRI C ACHUTHA MENON GOVT COLLEGE THRISSUR,"University of Calicut, Calicut,",Government,Government,Kerala,Thrissur,THRISSUR,"KUTTANELLUR , P O KUTTANELLUR, THRISSUR",,,,AICTE Approved,Under Graduate,Bba,50,,,,,,,,,,,,,,Contact College,,,AICTE Official Institutional Disclosures,2021,,,,,,,,,,,,,,,,https://www.aicte-india.org,False,Medium,False
1-44644147396,COLLEGE OF APPLIED SCIENCE CHELAKKARA,"University of Calicut, Calicut,",Government,Government,Kerala,Thrissur,THRISSUR,"CHEERAKUZHY, PAZHAYANNUR PO, THRISSUR DT, KERALA 680587",,,,AICTE Approved,Under Graduate,Bca,55,,,,,,,,,,,,,,Contact College,,,AICTE Official Institutional Disclosures,2021,,,,,,,,,,,,,,,,https://www.aicte-india.org,False,Medium,False
1-44641775828,NSS COLLEGE OF ENGINEERING,"APJ Abdul Kalam Technological University, Kerala",Govt aided,Government,Kerala,Palakkad,PALAKKAD,NSS ENGG. COLLEGE (PO).  PALAKKAD - 678008 KERALA,,,,AICTE Approved,Post Graduate; Under Graduate,Biomedical Engineering; Civil Engineering; Communications Engineering; Computer Integrated Manufacturing; Computer Science And Engineering; Electrical And Electronics Engineering; Electronics & Communication Engg; Instrumentation And Control Engineering; Mechanical Engineering; Power Electronics,768,,,,,,,,,,,,,,Contact College,,,AICTE Official Institutional Disclosures,2021,,,,,,,,,,,,,,,,https://www.aicte-india.org,False,Medium,False
1-44644147886,COLLEGE OF APPLIED SCIENCE IHRD KADUTHURUTHY,"Mahatma Gandhi University, Kottayam",Government,Government,Kerala,Kottayam,KOTTAYAM,NJEEZHOOR P O KADUTHURUTHY,,,,AICTE Approved,Under Graduate,Bca,40,,,,,,,,,,,,,,Contact College,,,AICTE Official Institutional Disclosures,2021,,,,,,,,,,,,,,,,https://www.aicte-india.org,False,Medium,False
1-44644142765,COLLEGE OF APPLIED SCIENCE MUTHUVALLUR,"University of Calicut, Calicut,",Government,Government,Kerala,Malappuram,MALAPPURAM,"COLLEGE OF APPLIED SCIENCE MUTHUVALLUR, MUTHUVALLUR(P.O), KONDOTTY (VIA), MALAPPURAM, 673638",,,,AICTE Approved,Under Graduate,Bba,30,,,,,,,,,,,,,,Contact College,,,AICTE Official Institutional Disclosures,2021,,,,,,,,,,,,,,,,https://www.aicte-india.org,False,Medium,False
1-44644554146,UNIVERSAL COLLEGE OF ARTS AND SCIENCE,University of Calicut,Private-Self Financing,Private,Kerala,Palakkad,PALAKKAD,"PERIMBADARI POST,MANNARAKKAD",,,,AICTE Approved,Under Graduate,Bba; Bca,81,,,,,,,,,,,,,,Contact College,,,AICTE Official Institutional Disclosures,2021,,,,,,,,,,,,,,,,https://www.aicte-india.org,False,Medium,False
1-44644213628,KRS SREE NARAYANA COLLEGE,"University of Calicut, Calicut,",Private-Self Financing,Private,Kerala,Malappuram,MALAPPURAM,THOZHUVANOOR POST,,,,AICTE Approved,Under Graduate,Bba; Bca,100,,,,,,,,,,,,,,Contact College,,,AICTE Official Institutional Disclosures,2021,,,,,,,,,,,,,,,,https://www.aicte-india.org,False,Medium,False
1-44644424563,SNES COLLEGE OF ARTS COMMERCE AND MANAGEMENT,"University of Calicut, Calicut,",Private-Self Financing,Private,Kerala,Kozhikode,KOZHIKODE,SNES COLLEGE OF ARTS COMMERCE AND MANAGEMENT,,,,AICTE Approved,Under Graduate,Bba; Bca,100,,,,,,,,,,,,,,Contact College,,,AICTE Official Institutional Disclosures,2021,,,,,,,,,,,,,,,,https://www.aicte-india.org,False,Medium,False
1-44641750115,RAJAGIRI SCHOOL OF ENGINEERING & TECHNOLOGY,"APJ Abdul Kalam Technological University, Kerala",Private-Self Financing,Private,Kerala,Ernakulam,ERNAKULAM,RAJAGIRI VALLEY P.O KAKKANAD KOCHI-682039 KERALA STATE,,,,AICTE Approved,Post Graduate; Under Graduate,Applied Electronics And Instrumentation Engineering; Artificial Intelligence And Data Science; Civil Engineering; Computer Science And Business Systems; Computer Science And Engineering; Computer Science And Engineering (Artificial Intelligence And Machine Learning); Computer Science And Information System; Data Sciences; Electrical And Electronics Engineering; Electronics And Communications Engineering,972,,,,,,,,,,,,,,Contact College,,,AICTE Official Institutional Disclosures,2021,,,,,,,,,,,,,,,,https://www.aicte-india.org,False,Medium,False
1-44642484414,COLLEGE OF 0ENGINEERING KIDANGOOR,"APJ Abdul Kalam Technological University, Kerala",Government,Government,Kerala,Kottayam,KOTTAYAM,"COLLEGE OF ENGINEERING KIDANGOOR  KIDANGOOR SOUTH P.O.,  KOTTAYAM  PIN: 686583",,,,AICTE Approved,Post Graduate; Under Graduate,Civil Engineering; Computer Science And Engineering; Electrical And Computer Engineering; Electrical And Electronics Engineering; Electronics & Communication Engg; Mca; Wireless Technology,432,,,,,,,,,,,,,,Contact College,,,AICTE Official Institutional Disclosures,2021,,,,,,,,,,,,,,,,https://www.aicte-india.org,False,Medium,False
1-44642884835,LOURDES MATHA INSTITUTE OF HOTEL MANAGEMENT AND CATERING TECHNOLOGY,"Kerala University, Thiruvananthapuram",Private-Self Financing,Private,Kerala,Thiruvananthapuram,THIRUVANANTHAPURAM,"LOURDES HILLS, KUTTICHAL, KATTAKADA, THIRUVANANTHAPURAM, KERALA",,,,AICTE Approved,Under Graduate,Hotel Management & Catering Technology,120,,,,,,,,,,,,,,Contact College,,,AICTE Official Institutional Disclosures,2021,,,,,,,,,,,,,,,,https://www.aicte-india.org,False,Medium,False
1-44644192048,YUVAKSHETRA INSTITUTE OF MANAGEMENT STUDIES,"University of Calicut, Calicut,",Private-Self Financing,Private,Kerala,Palakkad,PALAKKAD,YUVAKSHETRA INSTITUTE OF MANAGEMENT STUDIES,,,,AICTE Approved,Under Graduate,Bba; Bca,180,,,,,,,,,,,,,,Contact College,,,AICTE Official Institutional Disclosures,2021,,,,,,,,,,,,,,,,https://www.aicte-india.org,False,Medium,False
1-44640480329,ERANAD KNOWLEDGECITY TECHNICAL CAMPUS,"APJ Abdul Kalam Technological University, Kerala",Private-Self Financing,Private,Kerala,Malappuram,MALAPPURAM,CHERUKULAM ELANKUR.P.O MANJER (VIA),,,,AICTE Approved,Under Graduate,Artificial Intelligence (Ai)  And Data Science; Civil Engineering; Computer Science & Engineering; Computer Science And Business Systems; Computer Science And Engineering (Cyber Security); Electronics And Communications Engineering; Mechanical Engineering; Safety And Fire Engineering,360,,,,,,,,,,,,,,Contact College,,,AICTE Official Institutional Disclosures,2021,,,,,,,,,,,,,,,,https://www.aicte-india.org,False,Medium,False
1-44644909776,SREE MAHADEVA COLLEGE,"Mahatma Gandhi University, Kottayam",Private-Self Financing,Private,Kerala,Kottayam,KOTTAYAM,"AIYERKULANGARA, VAIKOM P.O, KOTTAYAM, KERALA, 686141",,,,AICTE Approved,Under Graduate,Bba; Bca,70,,,,,,,,,,,,,,Contact College,,,AICTE Official Institutional Disclosures,2021,,,,,,,,,,,,,,,,https://www.aicte-india.org,False,Medium,False
1-44644565475,JAYASREE ARTS AND SCIENCE COLLEGE,"University of Calicut, Calicut,",Private-Self Financing,Private,Kerala,Wayanad,WAYANAD,KALANADIKOLLY POST PULPALLY,,,,AICTE Approved,Under Graduate,Bca,24,,,,,,,,,,,,,,Contact College,,,AICTE Official Institutional Disclosures,2021,,,,,,,,,,,,,,,,https://www.aicte-india.org,False,Medium,False
1-44643582147,COLLEGE OF ENGINEERING PERUMON,"APJ Abdul Kalam Technological University, Kerala",Government,Government,Kerala,Kollam,KOLLAM,COLLEGE OF ENGINEERING PERUMON PERINAD P O PERUMON KOLLAM 691601 KERALA,,,,AICTE Approved,Under Graduate,Artificial Intelligence And Data Science; Computer Science And Engineering; Electrical And Electronics Engineering; Electronics And Communications Engineering; Electronics And Computer Engineering; Mechanical Engineering,480,,,,,,,,,,,,,,Contact College,,,AICTE Official Institutional Disclosures,2021,,,,,,,,,,,,,,,,https://www.aicte-india.org,False,Medium,False
1-44644154561,ST PAULS COLLEGE KALAMASSSERY,"Mahatma Gandhi University, Kottayam",Govt aided,Government,Kerala,Ernakulam,ERNAKULAM,"HMT COLONY P.O, KALAMASSERY",,,,AICTE Approved,Under Graduate,Bba,50,,,,,,,,,,,,,,Contact College,,,AICTE Official Institutional Disclosures,2021,,,,,,,,,,,,,,,,https://www.aicte-india.org,False,Medium,False
1-44643167176,TOC H INSTITUTE OF SCIENCE & TECHNOLOGY,"APJ Abdul Kalam Technological University, Kerala",Private-Self Financing,Private,Kerala,Ernakulam,ERNAKULAM,"ARAKKUNNAM P.O., MULANTHURUTHY ERNAKULAM    682313",,,,AICTE Approved,Post Graduate; Under Graduate,Civil Engineering; Computer Science And Engineering; Construction Engineerng And Management; Data Sciences; Electrical And Computer Engineering; Electrical And Electronics Engineering; Electronics & Communication Engg; Information Technology; Mba; Mechanical Engineering,642,,,,,,,,,,,,,,Contact College,,,AICTE Official Institutional Disclosures,2021,,,,,,,,,,,,,,,,https://www.aicte-india.org,False,Medium,False
1-44644456021,SREE NARAYANA GURU COLLEGE OF ADVANCED STUDIES,"Kerala University, Thiruvananthapuram",Private-Self Financing,Private,Kerala,Kollam,KOLLAM,NEAR SN COLLEGE CHEMMANTHOOR,,,,AICTE Approved,Under Graduate,Bba,60,,,,,,,,,,,,,,Contact College,,,AICTE Official Institutional Disclosures,2021,,,,,,,,,,,,,,,,https://www.aicte-india.org,False,Medium,False
1-44639544957,MONTI INTERNATIONAL INSTITUTE OF MANAGEMENT STUDIES,"University of Calicut, Calicut,",Private-Self Financing,Private,Kerala,Malappuram,MALAPPURAM,LUIGI BHAVAN CAMPUS PUTHANANGADI PO ANGADIPPURAM VIA MALAPPURAM DT KERALA,,,,AICTE Approved,Post Graduate,Mba(General Management),60,,,,,,,,,,,,,,Contact College,,,AICTE Official Institutional Disclosures,2021,,,,,,,,,,,,,,,,https://www.aicte-india.org,False,Medium,False
1-44642298512,JAIBHARATH ARTS & SCIENCE COLLEGE,"Mahatma Gandhi University, Kottayam",Private-Self Financing,Private,Kerala,Ernakulam,ERNAKULAM,JB NAGAR  VENGOLA P O PERUMBAVOOR,,,,AICTE Approved,Post Graduate; Under Graduate,Bba; Bca; Mba,480,,,,,,,,,,,,,,Contact College,,,AICTE Official Institutional Disclosures,2021,,,,,,,,,,,,,,,,https://www.aicte-india.org,False,Medium,False
1-44644345464,SETH RAM BAHADUR SINGH GUJARATI COLLEGE,"Mahatma Gandhi University, Kottayam",Private-Self Financing,Private,Kerala,Ernakulam,ERNAKULAM,"GUJARATI ROAD, MATTANCHERRY, KOCHI-682002",,,,AICTE Approved,Under Graduate,Bba; Bca,120,,,,,,,,,,,,,,Contact College,,,AICTE Official Institutional Disclosures,2021,,,,,,,,,,,,,,,,https://www.aicte-india.org,False,Medium,False
1-44640188039,FEDERAL INSTITUTE OF SCIENCE AND TECHNOLOGY (FISAT),"APJ Abdul Kalam Technological University, Kerala",Private-Self Financing,Private,Kerala,Ernakulam,ERNAKULAM,"HORMIS NAGAR, MOOKKANNOOR P.O, ANGAMALY",,,,AICTE Approved,Integrated; Post Graduate; Under Graduate,Artificial Intelligence And Data Science; Civil Engineering; Computer Science And Design; Computer Science And Engineering; Electrical And Electronics Engineering; Electronics & Communication Engg; Electronics And Instrumentation Engineering; Master Of Computer Applications (Integrated); Masters In Computer Applications; Mba,1032,,,,,,,,,,,,,,Contact College,,,AICTE Official Institutional Disclosures,2021,,,,,,,,,,,,,,,,https://www.aicte-india.org,False,Medium,False
1-44640104244,KOTTAYAM INSTITUTE OF TECHNOLOGY AND SCIENCE,"APJ Abdul Kalam Technological University, Kerala",Private-Self Financing,Private,Kerala,Kottayam,KOTTAYAM,"CHANGALLAM EAST VILLAGE, KOTTAYAM",,,,AICTE Approved,Post Graduate; Under Graduate,Applied Electronics; Automobile Engineering; Biomedical And Robotic Engineering; Civil Engineering; Computer Science & Engineering; Electrical And Electronics Engineering; Electronics & Communication Engg; Mechanical Engineering; Power Electronics And Power Systems,456,,,,,,,,,,,,,,Contact College,,,AICTE Official Institutional Disclosures,2021,,,,,,,,,,,,,,,,https://www.aicte-india.org,False,Medium,False
1-44640197102,GIRIDEEPAM INSTITUTE OF ADVANCED LEARNING,"Mahatma Gandhi University, Kottayam",Private-Self Financing,Private,Kerala,Kottayam,KOTTAYAM,"BETHANY HILLS,  VADAVATHOOR P.O., KOTTAYAM - 686010 KERALA",,,,AICTE Approved,Post Graduate,Mba,60,,,,,,,,,,,,,,Contact College,,,AICTE Official Institutional Disclosures,2021,,,,,,,,,,,,,,,,https://www.aicte-india.org,False,Medium,False
1-44644841245,SCHOOL OF TECHNOLOGY AND APPLIED SCIENCES,"Mahatma Gandhi University, Kottayam",Government,Government,Kerala,Pathanamthitta,PATHANAMTHITTA,"SCHOOL OF TECHNOLOGY AND APPLIED SCIENCES,CHUTTIPPARA,PATHANAMTHITTA",,,,AICTE Approved,Under Graduate,Bca,60,,,,,,,,,,,,,,Contact College,,,AICTE Official Institutional Disclosures,2021,,,,,,,,,,,,,,,,https://www.aicte-india.org,False,Medium,False
1-44642723751,M G COLLEGE OF ENGINEERING,"APJ Abdul Kalam Technological University, Kerala",Private-Self Financing,Private,Kerala,Thiruvananthapuram,THIRUVANANTHAPURAM,"MG COLLEGE OF ENGINEERING, VANDITHADAM, THIRUVALLAM, THIRUVANANTHAPURAM -695027  TEL: 0471 - 2383185, 2383747, 2381517, 5582932,  FAX: 0471 - 2383747 E-MAIL: MGCET@DATAONE.IN",,,,AICTE Approved,Diploma; Under Graduate,Artificial Intelligence (Ai) And Machine Learning; Civil Engineering; Computer Science & Engineering; Computer Science And Engineering; Electrical And Electronics Engineering; Electronics And Communications Engineering; Hotel Management And Catering Technology; Mechanical Engineering,480,,,,,,,,,,,,,,Contact College,,,AICTE Official Institutional Disclosures,2021,,,,,,,,,,,,,,,,https://www.aicte-india.org,False,Medium,False
1-44641153837,CHRIST COLLEGE OF ENGINEERING,"APJ Abdul Kalam Technological University, Kerala",Private-Self Financing,Private,Kerala,Thrissur,THRISSUR,"CHRIST COLLEGE OF ENGINEERING IRINJALAKUDA THRISSUR 680125 KERALA, INDIA",,,,AICTE Approved,Post Graduate; Under Graduate,Civil Engineering; Computer Science & Engineering; Computer Science And Business Systems; Computer Science And Engineering; Computer Science And Engineering (Data Science); Electrical And Electronics Engineering; Electronics & Communication Engg; Mba; Mechanical Engineering; Structural Engineering And Construction Management,744,,,,,,,,,,,,,,Contact College,,,AICTE Official Institutional Disclosures,2021,,,,,,,,,,,,,,,,https://www.aicte-india.org,False,Medium,False
1-44640749712,MUTHOOT INSTITUTE OF TECHNOLOGY AND SCIENCE,"APJ Abdul Kalam Technological University, Kerala",Private-Self Financing,Private,Kerala,Ernakulam,ERNAKULAM,VARIKOLI P.O. PUTHENCRUZ PIN 682308 ERNAKULAM DISTRICT,,,,AICTE Approved,Post Graduate; Under Graduate,Artificial Intelligence (Ai) And Data Science; Artificial Intelligence And Data Science; Civil Engineering; Computer Science & Engineering; Computer Science And Engineering (Artificial Intelligence ); Computer Science And Engineering (Cyber Security); Electrical And Electronics Engineering; Electronics And Communications Engineering; Mca; Mechanical Engineering,624,,,,,,,,,,,,,,Contact College,,,AICTE Official Institutional Disclosures,2021,,,,,,,,,,,,,,,,https://www.aicte-india.org,False,Medium,False
1-44639856711,GOVERNMENT COLLEGE OF ENGINEERING KANNUR,"APJ Abdul Kalam Technological University, Kerala",Government,Government,Kerala,Kannur,KANNUR,PARASSINIKADAVU P.O KANNUR KERALA,,,,AICTE Approved,Post Graduate; Under Graduate,Advanced Manufacturing And Mechanical Systems Design; Artificial Intelligence And Data Science; Civil Engineering; Computer Aided Structural Engineering; Computer Science And Engineering; Electrical And Electronics Engineering; Electronics And Communications Engineering; Energy Engineering; Geotechnical And Geoenvironmental Energy; Industrial Systems Engineering,492,,,,,,,,,,,,,,Contact College,,,AICTE Official Institutional Disclosures,2021,,,,,,,,,,,,,,,,https://www.aicte-india.org,False,Medium,False
1-44643849077,NIRMALA COLLEGE,"Vikram University, Ujjain",Private-Self Financing,Private,Madhya Pradesh,Ujjain,UJJAIN,"PREM NAGAR, CHANDESSERA, DEWAS ROAD",,,,AICTE Approved,Post Graduate; Under Graduate,Bba; Mba,120,,,,,,,,,,,,,,Contact College,,,AICTE Official Institutional Disclosures,2021,,,,,,,,,,,,,,,,https://www.aicte-india.org,False,Medium,False
1-44897815492,SHRI LAL BAHADUR SHASTRI COLLEGE,"Barkatullah University, Bhopal",Govt aided,Government,Madhya Pradesh,Vidisha,VIDISHA,WARD NO 14 NEAR SAPNA PETROL PUMP TYONDA ROAD GANJ BASODA,,,,AICTE Approved,Under Graduate,Bca,120,,,,,,,,,,,,,,Contact College,,,AICTE Official Institutional Disclosures,2021,,,,,,,,,,,,,,,,https://www.aicte-india.org,False,Medium,False
1-44642679451,RKDF INSTITUTE OF BUSINESS MANAGEMENT,SARVEPALLI RADHAKRISHNAN UNIVERSITY,Private-Self Financing,Private,Madhya Pradesh,Bhopal,BHOPAL,NH-12 HOSHANGABAD ROAD,,,,AICTE Approved,Post Graduate,Mba,60,,,,,,,,,,,,,,Contact College,,,AICTE Official Institutional Disclosures,2021,,,,,,,,,,,,,,,,https://www.aicte-india.org,False,Medium,False
1-44642288612,"JAWAHARLAL INSTITUTE OF TECHNOLOGY, BORAWAN","Rajiv Gandhi Proudyogiki Vishwavidyalaya, Bhopal",Private-Self Financing,Private,Madhya Pradesh,Khargone,KHARGONE,VIDHYA VIHAR BORAWAN  TEHSIL KASRAWAD  DIST. KHARGONE M.P. 451228,,,,AICTE Approved,Diploma; Post Graduate; Under Graduate,Agriculture Engineering; Civil Engineering; Computer Science And Engineering; Computer Science And Engineering (Artificial Intelligence And Machine Learning); Computer Science And Engineering (Cyber Security); Computer Science And Engineering (Data Science); Digital Communication; Electrical And Electronics Engineering; Electronics & Communication Engg; Industrial Engineering And Management,1125,,,,,,,,,,,,,,Contact College,,,AICTE Official Institutional Disclosures,2021,,,,,,,,,,,,,,,,https://www.aicte-india.org,False,Medium,False
1-44644166085,RENAISSANCE COLLEGE OF COMMERCE AND MANAGEMENT,"Devi Ahilya Vishwavidyalaya, Indore",Private-Self Financing,Private,Madhya Pradesh,Indore,INDORE,45 ANURAG NAGAR BEHIND PRESS COMPLEX INDORE,,,,AICTE Approved,Under Graduate,Bba,510,,,,,,,,,,,,,,Contact College,,,AICTE Official Institutional Disclosures,2021,,,,,,,,,,,,,,,,https://www.aicte-india.org,False,Medium,False
1-44639518484,SHRI RGP GUJARATI PROFESSIONAL INSTITUTE,"Rajiv Gandhi Proudyogiki Vishwavidyalaya, Bhopal",Private-Self Financing,Private,Madhya Pradesh,Indore,INDORE,"SCHEME NO. 54, NEAR BOMBAY HOSPITAL, A.B. ROAD",,,,AICTE Approved,Post Graduate; Under Graduate,Bca; Masters In Computer Applications,180,,,,,,,,,,,,,,Contact College,,,AICTE Official Institutional Disclosures,2021,,,,,,,,,,,,,,,,https://www.aicte-india.org,False,Medium,False
1-44644856048,NACHIKETA COLLEGE OF COMPUTER SCIENCE COMMERCE AND ADVANCED TECHNOLOGY,"Rani Durgavati University, Jabalpur",Private-Self Financing,Private,Madhya Pradesh,Jabalpur,JABALPUR,"JDA SCHEME NO 5, KACHNAR CITY ROAD, VIJAY NAGAR",,,,AICTE Approved,Under Graduate,Bba; Bca,160,,,,,,,,,,,,,,Contact College,,,AICTE Official Institutional Disclosures,2021,,,,,,,,,,,,,,,,https://www.aicte-india.org,False,Medium,False
1-44924543197,MAHARANI LAXMI BAI COLLEGE OF TECHNOLOGY,"Awadhesh Pratap Singh University, Rewa",Private-Self Financing,Private,Madhya Pradesh,Rewa,REWA,ITAURA BY PASS UNIVERSITY ROAD REWA M.P.,,,,AICTE Approved,Under Graduate,Bba,60,,,,,,,,,,,,,,Contact College,,,AICTE Official Institutional Disclosures,2021,,,,,,,,,,,,,,,,https://www.aicte-india.org,False,Medium,False
1-44642876571,"SCHOOL OF ENGINEERING SRI SATYA SAI UNIVERSITY OF TECHNOLOGY AND MEDICAL SCIENCES,(SSSUTMS)",NOT APPLICABLE,State Private University,Private,Madhya Pradesh,Sehore,SEHORE,"SH-18,BHOPAL INDORE ROAD,OPP. OIL FED PLANT,PACHAMA SEHORE(MP)",,,,AICTE Approved,Integrated; Post Graduate; Under Graduate,Aeronautical Engineering; Chemical Engineering; Civil Engineering; Computer Science And Engineering; Computer Technology And Applications; Digital Communications; Electrical And Electronics Engineering; Electrical Engineering; Electrical Power Systems; Electronics And Communications Engineering,1584,,,,,,,,,,,,,,Contact College,,,AICTE Official Institutional Disclosures,2021,,,,,,,,,,,,,,,,https://www.aicte-india.org,False,Medium,False
1-44638170609,SIR ATMA RAM INSTITUTE OF MANAGEMENT AND TECHNOLOGY,"Rani Durgavati University, Jabalpur",Private-Self Financing,Private,Madhya Pradesh,Jabalpur,JABALPUR,"MOUZA MANEGAO, P.H.N.- 30, N.B. 379, R.N.M.- JABALPUR Ã¢â¬â 2",,,,AICTE Approved,Post Graduate,Mba,180,,,,,,,,,,,,,,Contact College,,,AICTE Official Institutional Disclosures,2021,,,,,,,,,,,,,,,,https://www.aicte-india.org,False,Medium,False
1-44641966575,"FACULTY OF RURAL DEVELOPMENT AND BUSINESS ADMINISTRATION,MAHATMA GANDHI CHITRAKOOT UNIVERSITY, CHITRAKOOT SATANA M.P.","M.G.Gramodaya Vishwavidyalaya, Satna",Government,Government,Madhya Pradesh,Satna,SATNA,"MAHATMA GANDHI CHITRAKOOT UNIVERSITY, CHITRAKOOT SATNA MP",,,,AICTE Approved,Post Graduate,Mba,60,,,,,,,,,,,,,,Contact College,,,AICTE Official Institutional Disclosures,2021,,,,,,,,,,,,,,,,https://www.aicte-india.org,False,Medium,False
1-44642283242,RADHARAMAN ENGINEERING COLLEGE,"Rajiv Gandhi Proudyogiki Vishwavidyalaya, Bhopal",Private-Self Financing,Private,Madhya Pradesh,Bhopal,BHOPAL,"FATEHPUR DOBRA, RATIBAD, BHOPAL",,,,AICTE Approved,Diploma; Post Graduate; Under Graduate,Civil Engineering; Computer Science And Engineering; Construction Technology And Management; Electrical And Electronics Engineering; Mba; Mechanical Engineering; Power Systems,780,,,,,,,,,,,,,,Contact College,,,AICTE Official Institutional Disclosures,2021,,,,,,,,,,,,,,,,https://www.aicte-india.org,False,Medium,False
1-44913281613,SWARGIYA JAHID KHAN COLLEGE,"Awadhesh Pratap Singh University, Rewa",Private-Self Financing,Private,Madhya Pradesh,Rewa,REWA,NH 75 ROAD WARD NO. 9 GURH REWA,,,,AICTE Approved,Under Graduate,Bba; Bca,180,,,,,,,,,,,,,,Contact College,,,AICTE Official Institutional Disclosures,2021,,,,,,,,,,,,,,,,https://www.aicte-india.org,False,Medium,False
1-44920055623,SHREE KRISHNAJIRAO PAWAR GOVERNMENT PG COLLEGE DEWAS M.P.,"Vikram University, Ujjain",Government,Government,Madhya Pradesh,Dewas,DEWAS,"LAXMIBAI MARG, BHOPAL SQUARE DEWAS M.P.",,,,AICTE Approved,Under Graduate,Bba,100,,,,,,,,,,,,,,Contact College,,,AICTE Official Institutional Disclosures,2021,,,,,,,,,,,,,,,,https://www.aicte-india.org,False,Medium,False
1-44643515740,BANSAL INSTITUTE OF RESEARCH AND TECHNOLOGY,"Rajiv Gandhi Proudyogiki Vishwavidyalaya, Bhopal",Private-Self Financing,Private,Madhya Pradesh,Bhopal,BHOPAL,"RAISEN ROAD, KOKTA, ANANDNAGAR, BHOPAL",,,,AICTE Approved,Post Graduate; Under Graduate,Civil Engineering; Computer Science & Engineering; Computer Science And Engineering (Data Science); Electrical And Electronics Engineering; Electronics & Communication Engg; Mba; Mechanical Engineering,540,,,,,,,,,,,,,,Contact College,,,AICTE Official Institutional Disclosures,2021,,,,,,,,,,,,,,,,https://www.aicte-india.org,False,Medium,False
1-44638247889,SHRI RAM COLLEGE,"Barkatullah University, Bhopal",Private-Self Financing,Private,Madhya Pradesh,Bhopal,BHOPAL,"KHASRA NO 81/2/2/2 , 81/2/3/2 THUA KHEDA KOLAR ROAD",,,,AICTE Approved,Post Graduate,Mba; Mba(Marketing Management),300,,,,,,,,,,,,,,Contact College,,,AICTE Official Institutional Disclosures,2021,,,,,,,,,,,,,,,,https://www.aicte-india.org,False,Medium,False
1-44645005037,SAHEED BHAGAT SINGH GOVERNMENT PG COLLEGE PIPARIYA,"Barkatullah University, Bhopal",Government,Government,Madhya Pradesh,Hoshangabad,HOSHANGABAD,SHOBHAPUR ROAD PIPARIYA,,,,AICTE Approved,Under Graduate,Bba; Bca,120,,,,,,,,,,,,,,Contact College,,,AICTE Official Institutional Disclosures,2021,,,,,,,,,,,,,,,,https://www.aicte-india.org,False,Medium,False
1-44638559161,KHAJURAHO INSTITUTE OF PHARMACEUTICAL SCIENCES,MAHARAJA CHHATRASAL BUNDELKHAND UNIVERSITY CHHATARPUR MADHYA PRADESH,Private-Self Financing,Private,Madhya Pradesh,Chhatarpur,CHHATARPUR,"VILLAGE - KADARI, POST -  BASARI, NEAR D.P.S., DIST. CHHATARPUR (M.P.) 471001",,,,AICTE Approved,Post Graduate,Mba; Mba (Human Resource Development And Management),120,,,,,,,,,,,,,,Contact College,,,AICTE Official Institutional Disclosures,2021,,,,,,,,,,,,,,,,https://www.aicte-india.org,False,Medium,False
1-44638662700,GYANAYATAN COLLEGE OF MANAGEMENT,"Rani Durgavati University, Jabalpur",Private-Self Financing,Private,Madhya Pradesh,Jabalpur,JABALPUR,"RAINGWA, KARMETA, PATAN ROAD",,,,AICTE Approved,Post Graduate,Masters In Business Administration,180,,,,,,,,,,,,,,Contact College,,,AICTE Official Institutional Disclosures,2021,,,,,,,,,,,,,,,,https://www.aicte-india.org,False,Medium,False
1-44638215100,UNIVERSITY INSTITUTE OF TECHNOLOGY RGPV,"Rajiv Gandhi Proudyogiki Vishwavidyalaya, Bhopal",Government,Government,Madhya Pradesh,Shivpuri,SHIVPURI,"NEAR POLICE STATION SATANWADA, GWALIOR ROAD SHIVPURI",,,,AICTE Approved,Under Graduate,Civil Engineering; Computer Science & Engineering; Electrical And Electronics Engineering; Mechanical Engineering,240,,,,,,,,,,,,,,Contact College,,,AICTE Official Institutional Disclosures,2021,,,,,,,,,,,,,,,,https://www.aicte-india.org,False,Medium,False
1-44638914968,SHRI MAHAKAL INSTITUTE OF MANAGEMENT AND SCIENCE,"Barkatullah University, Bhopal",Private-Self Financing,Private,Madhya Pradesh,Harda,HARDA,GRAM POKHARNI TEHSHIL TIMARNI HARDA,,,,AICTE Approved,Post Graduate,Mba; Mba (Marketing Management),300,,,,,,,,,,,,,,Contact College,,,AICTE Official Institutional Disclosures,2021,,,,,,,,,,,,,,,,https://www.aicte-india.org,False,Medium,False
1-44643003326,LAKSHMI NARAIN COLLEGE OF TECHNOLOGY,"Barkatullah University, Bhopal",Private-Self Financing,Private,Madhya Pradesh,Bhopal,BHOPAL,KALCHURI NAGAR RAISEN ROAD,,,,AICTE Approved,Post Graduate,Mba,360,,,,,,,,,,,,,,Contact College,,,AICTE Official Institutional Disclosures,2021,,,,,,,,,,,,,,,,https://www.aicte-india.org,False,Medium,False
1-44638703364,GURUKRIPA COLLEGE OF PROFESSIONAL STUDIES,"Rajiv Gandhi Proudyogiki Vishwavidyalaya, Bhopal",Private-Self Financing,Private,Madhya Pradesh,Raisen,RAISEN,GRAM KAMTON TEHSIL BARELI DIST. RAISEN,,,,AICTE Approved,Post Graduate,Mba,60,,,,,,,,,,,,,,Contact College,,,AICTE Official Institutional Disclosures,2021,,,,,,,,,,,,,,,,https://www.aicte-india.org,False,Medium,False
1-44644073746,CHRISTIAN EMINENT COLLEGE ACADEMY OF MANAGEMENT PROFESSIONAL EDUCATION AND RESEARCH,"Devi Ahilya Vishwavidyalaya, Indore",Private-Self Financing,Private,Madhya Pradesh,Indore,INDORE,F SECTOR RAVI SHUKLA NAGAR HIG MAIN ROAD INDORE,,,,AICTE Approved,Under Graduate,Bba; Bca,420,,,,,,,,,,,,,,Contact College,,,AICTE Official Institutional Disclosures,2021,,,,,,,,,,,,,,,,https://www.aicte-india.org,False,Medium,False
1-44637288053,MAHARAJA RANJIT SINGH GROUP OF INSTITUTIONS,"Rajiv Gandhi Proudyogiki Vishwavidyalaya, Bhopal",Private-Self Financing,Private,Madhya Pradesh,Indore,INDORE,"HEMKUNT CAMPUS, KHANDWA ROAD, INDORE",,,,AICTE Approved,Post Graduate,Masters In Computer Applications; Mba,300,,,,,,,,,,,,,,Contact College,,,AICTE Official Institutional Disclosures,2021,,,,,,,,,,,,,,,,https://www.aicte-india.org,False,Medium,False
1-44645019258,JAWAHARLAL NEHRU COLLEGE BHOPAL,"Barkatullah University, Bhopal",Private-Self Financing,Private,Madhya Pradesh,Bhopal,BHOPAL,"C-56, CIVIL LINE SHYMLA HILLS & PLOT NO. 973/1, MUGALIYA HATT PARWALIYA SADAK BHOPAL",,,,AICTE Approved,Under Graduate,Bba; Bca,120,,,,,,,,,,,,,,Contact College,,,AICTE Official Institutional Disclosures,2021,,,,,,,,,,,,,,,,https://www.aicte-india.org,False,Medium,False
1-44638087936,CORPORATE INSTITUTE OF MANAGEMENT,"Barkatullah University, Bhopal",Private-Self Financing,Private,Madhya Pradesh,Bhopal,BHOPAL,HATAIKHEDA NEAR PATEL NAGAR,,,,AICTE Approved,Post Graduate,Mba,180,,,,,,,,,,,,,,Contact College,,,AICTE Official Institutional Disclosures,2021,,,,,,,,,,,,,,,,https://www.aicte-india.org,False,Medium,False
1-44638367012,GURUKUL COLLEGE OF MANAGEMENT,"Barkatullah University, Bhopal",Private-Self Financing,Private,Madhya Pradesh,Bhopal,BHOPAL,"19/2/2 (S)M TANDA, BERASIA, DISTT BHOPAL",,,,AICTE Approved,Post Graduate,Mba,300,,,,,,,,,,,,,,Contact College,,,AICTE Official Institutional Disclosures,2021,,,,,,,,,,,,,,,,https://www.aicte-india.org,False,Medium,False
1-44642450540,IASSCOM FORTUNE INSTITUTE OF TECHNOLOGY,"Rajiv Gandhi Proudyogiki Vishwavidyalaya, Bhopal",Private-Self Financing,Private,Madhya Pradesh,Bhopal,BHOPAL,GRAM RASULIA GOSAI RATIBAD SIKANDARABAD ROAD BHOPAL,,,,AICTE Approved,Post Graduate; Under Graduate,Civil Engineering; Computer Science & Engineering; Computer Science And Engineering; Digital Communication; Electronics & Communication Engg; Mechanical Engineering,291,,,,,,,,,,,,,,Contact College,,,AICTE Official Institutional Disclosures,2021,,,,,,,,,,,,,,,,https://www.aicte-india.org,False,Medium,False
1-44643158111,"IPS ACADEMY, INSTITUTE OF ENGINEERING & SCIENCE, INDORE (MP)","Rajiv Gandhi Proudyogiki Vishwavidyalaya, Bhopal",Private-Self Financing,Private,Madhya Pradesh,Indore,INDORE,"INSTITUTE OF ENGINEERING & SICENCE, IPS ACADEMY, RAJENDRA NAGAR A.B. ROAD INDORE 452012",,,,AICTE Approved,Post Graduate; Under Graduate,Chemical Engineering; Civil Engineering; Computer Science & Engineering; Computer Science And Engineering; Computer Science And Engineering (Data Science); Computer Science And Engineering (Internet Of Things And Cyber Security Including Block Chain Techno; Computer Science And Engineering (Iot); Computer Science And Engineering(Artificial Intelligence And Machine Learning); Computer Science And Information Technology; Construction Planning And Management,1557,,,,,,,,,,,,,,Contact College,,,AICTE Official Institutional Disclosures,2021,,,,,,,,,,,,,,,,https://www.aicte-india.org,False,Medium,False
1-44641917932,NRI-INSTITUTE OF RESEARCH & TECHNOLOGY,"Rajiv Gandhi Proudyogiki Vishwavidyalaya, Bhopal",Private-Self Financing,Private,Madhya Pradesh,Bhopal,BHOPAL,"4, SAJJAN SINGH NAGAR, OPP. PATEL NAGAR, RAISEN ROAD, BHOPAL (M.P.) INDIA PIN  462 021",,,,AICTE Approved,Diploma; Post Graduate; Under Graduate,Building Construction Technology; Civil Engineering; Computer Science & Engineering; Computer Science And Engineering; Computer Science And Engineering (Artificial Intelligence And Data Science); Computer Science And Engineering (Cyber Security ); Electrical Engineering; Electrical Power Systems; Electronics & Communication Engg; Machine Design And Robotics,822,,,,,,,,,,,,,,Contact College,,,AICTE Official Institutional Disclosures,2021,,,,,,,,,,,,,,,,https://www.aicte-india.org,False,Medium,False
1-44639547959,MALWA INSTITUTE OF SCIENCE & TECHNOLOGY,"Rajiv Gandhi Proudyogiki Vishwavidyalaya, Bhopal",Private-Self Financing,Private,Madhya Pradesh,Indore,INDORE,"VILLAGE - LIMBODAGARI, POST - PALIA, VIA - HATOD, DISTRICT - INDORE (MP)",,,,AICTE Approved,Diploma; Post Graduate; Under Graduate,Artificial Intelligence And Machine Learning; Civil Engineering; Computer Science & Engineering; Electronics & Communication Engg; Information Technology; Mba; Mca; Mechanical Engineering; Structural Engineering; Thermal Engineering,984,,,,,,,,,,,,,,Contact College,,,AICTE Official Institutional Disclosures,2021,,,,,,,,,,,,,,,,https://www.aicte-india.org,False,Medium,False
1-44644553613,RITS,"Makhanlal Chaturvedi National University of Journalism, Bhopal",Private-Self Financing,Private,Madhya Pradesh,Hoshangabad,HOSHANGABAD,"ASHOKA CHAMBERS , GANDHI CHOWK , SEONI MALWA",,,,AICTE Approved,Under Graduate,Bca,50,,,,,,,,,,,,,,Contact College,,,AICTE Official Institutional Disclosures,2021,,,,,,,,,,,,,,,,https://www.aicte-india.org,False,Medium,False
1-44643810363,IPS ACADEMY INSTITUTE OF ENGINEERING AND SCIENCE INDORE MP,"Rajiv Gandhi Proudyogiki Vishwavidyalaya, Bhopal",Private-Self Financing,Private,Madhya Pradesh,Indore,INDORE,"INSTITUTE OF ENGINEERING & SICENCE, IPS ACADEMY, RAJENDRA NAGAR A.B. ROAD INDORE 452012",,,,AICTE Approved,Under Graduate,Artificial Intelligence And Machine Learning; Computer Engineering; Computer Science And Engineering; Computer Science And Information Technology,360,,,,,,,,,,,,,,Contact College,,,AICTE Official Institutional Disclosures,2021,,,,,,,,,,,,,,,,https://www.aicte-india.org,False,Medium,False
1-44644364250,SSICAIT COLLEGE MAIHAR,"Awadhesh Pratap Singh University, Rewa",Private-Self Financing,Private,Madhya Pradesh,Satna,SATNA,DEVI JI ROAD ALLAUDDIN CHOWK MAIHAR,,,,AICTE Approved,Under Graduate,Bba; Bca,220,,,,,,,,,,,,,,Contact College,,,AICTE Official Institutional Disclosures,2021,,,,,,,,,,,,,,,,https://www.aicte-india.org,False,Medium,False
1-44638390364,VAISHNAVI INSTITUTES OF TECHNOLOGY AND SCIENCE,"Rajiv Gandhi Proudyogiki Vishwavidyalaya, Bhopal",Private-Self Financing,Private,Madhya Pradesh,Raisen,RAISEN,"VILLAGE MENDUA,TEHSIL GOUHARGANJ",,,,AICTE Approved,Post Graduate; Under Graduate,Artificial Intelligence And Machine Learning; Civil Engineering; Computer Science & Engineering; Computer Science And Engineering; Electrical Engineering; Machine Design; Mba; Mba (Marketing Management); Mechanical Engineering,768,,,,,,,,,,,,,,Contact College,,,AICTE Official Institutional Disclosures,2021,,,,,,,,,,,,,,,,https://www.aicte-india.org,False,Medium,False
1-44923882583,M B KHALSA COLLEGE INDORE,"Devi Ahilya Vishwavidyalaya, Indore",Private-Self Financing,Private,Madhya Pradesh,Indore,INDORE,RAJMOHALLA INDORE,,,,AICTE Approved,Under Graduate,Bca,120,,,,,,,,,,,,,,Contact College,,,AICTE Official Institutional Disclosures,2021,,,,,,,,,,,,,,,,https://www.aicte-india.org,False,Medium,False
1-44922793675,GOVERNMENT THAKUR RANMAT SINGH COLLEGE,"Awadhesh Pratap Singh University, Rewa",Government,Government,Madhya Pradesh,Rewa,REWA,"CIVIL LINE, COLLEGE CHOK REWA",,,,AICTE Approved,Under Graduate,Bba; Bca,180,,,,,,,,,,,,,,Contact College,,,AICTE Official Institutional Disclosures,2021,,,,,,,,,,,,,,,,https://www.aicte-india.org,False,Medium,False
1-44643152488,PATEL COLLEGE OF SCIENCE & TECHNOLOGY,"Rajiv Gandhi Proudyogiki Vishwavidyalaya, Bhopal",Private-Self Financing,Private,Madhya Pradesh,Indore,INDORE,RALAMANDAL,,,,AICTE Approved,Diploma; Post Graduate; Under Graduate,Civil Engineering; Computer Science And Engineering; Computer Science And Engineering (Artificial Intelligence And Machine Learning); Computer Science And Engineering (Internet Of Things And Cyber Security Including Block Chain Techno; Digital Communication; Electrical Engineering; Electronics & Communication Engg; Information Technology; Mba; Mca,1248,,,,,,,,,,,,,,Contact College,,,AICTE Official Institutional Disclosures,2021,,,,,,,,,,,,,,,,https://www.aicte-india.org,False,Medium,False
1-44638640925,INDORE INTERNATIONAL COLLEGE SOLSINDA,"Devi Ahilya Vishwavidyalaya, Indore",Private-Self Financing,Private,Madhya Pradesh,Indore,INDORE,"VILLAGE -SOLSINDA,SANWER ROAD,INDORE",,,,AICTE Approved,Post Graduate,Mba; Mba (Marketing Management),240,,,,,,,,,,,,,,Contact College,,,AICTE Official Institutional Disclosures,2021,,,,,,,,,,,,,,,,https://www.aicte-india.org,False,Medium,False
1-44638482782,S.R. COLLEGE,"Barkatullah University, Bhopal",Private-Self Financing,Private,Madhya Pradesh,Bhopal,BHOPAL,"KHASRA NO 81/2/4,81/2/3,81/2/3/4 THUAKHEDA, KOLAR ROAD",,,,AICTE Approved,Post Graduate,Mba; Mba (Financial Management),300,,,,,,,,,,,,,,Contact College,,,AICTE Official Institutional Disclosures,2021,,,,,,,,,,,,,,,,https://www.aicte-india.org,False,Medium,False
1-44645032966,JH GOVT. P.G. COLLEGE BETUL,"Barkatullah University, Bhopal",Government,Government,Madhya Pradesh,Betul,BETUL,CIVIL LINES GANJ BETUL,,,,AICTE Approved,Under Graduate,Bba; Bca,190,,,,,,,,,,,,,,Contact College,,,AICTE Official Institutional Disclosures,2021,,,,,,,,,,,,,,,,https://www.aicte-india.org,False,Medium,False
1-44638166325,NEOTECH INSTITUTE OF MANAGEMENT STUDIES,"Barkatullah University, Bhopal",Private-Self Financing,Private,Madhya Pradesh,Bhopal,BHOPAL,"VILLAGR AMLA, TEHSIL HUZUR",,,,AICTE Approved,Post Graduate,Mba,180,,,,,,,,,,,,,,Contact College,,,AICTE Official Institutional Disclosures,2021,,,,,,,,,,,,,,,,https://www.aicte-india.org,False,Medium,False
1-44671795347,GOVERNMENT HAMIDIA ARTS AND COMMERCE COLLEGE,"Barkatullah University, Bhopal",Government,Government,Madhya Pradesh,Bhopal,BHOPAL,HATHIKHANA GINNOR BODHWARA,,,,AICTE Approved,Under Graduate,Bba; Bca,150,,,,,,,,,,,,,,Contact College,,,AICTE Official Institutional Disclosures,2021,,,,,,,,,,,,,,,,https://www.aicte-india.org,False,Medium,False
1-44638510000,MILLENNIUM COLLEGE OF MANAGEMENT,"Barkatullah University, Bhopal",Private-Self Financing,Private,Madhya Pradesh,Bhopal,BHOPAL,"GRAM GOURA,,NATHU BARKHEDA ROAD, NEAR NEELBAD CHAURAHA,",,,,AICTE Approved,Post Graduate,Mba; Mba (Marketing Management),300,,,,,,,,,,,,,,Contact College,,,AICTE Official Institutional Disclosures,2021,,,,,,,,,,,,,,,,https://www.aicte-india.org,False,Medium,False
1-44640822654,ANAND INSTITUTE OF MANAGEMENT,"Barkatullah University, Bhopal",Private-Self Financing,Private,Madhya Pradesh,Bhopal,BHOPAL,"BARKHEDA NATHU, NEELBAD, BHOPAL",,,,AICTE Approved,Post Graduate; Under Graduate,Bba; Mba,360,,,,,,,,,,,,,,Contact College,,,AICTE Official Institutional Disclosures,2021,,,,,,,,,,,,,,,,https://www.aicte-india.org,False,Medium,False
1-44643205082,K L SHARMA COLLEGE OF MANAGEMENT,"Barkatullah University, Bhopal",Private-Self Financing,Private,Madhya Pradesh,Sehore,SEHORE,KLS CAMPUS KHASRA NO 277/2/2 VILLAGE BIJLONE POST BIJLONE,,,,AICTE Approved,Post Graduate,Mba,180,,,,,,,,,,,,,,Contact College,,,AICTE Official Institutional Disclosures,2021,,,,,,,,,,,,,,,,https://www.aicte-india.org,False,Medium,False
1-44908087294,SHRIRAM SCHOOL OF BUSINESS STUDIES,"Jiwaji University, Gwalior",Private-Self Financing,Private,Madhya Pradesh,Morena,MORENA,NATIONAL EXPRESSWAY (AB ROAD) BANMORE MORENA,,,,AICTE Approved,Under Graduate,Bba,120,,,,,,,,,,,,,,Contact College,,,AICTE Official Institutional Disclosures,2021,,,,,,,,,,,,,,,,https://www.aicte-india.org,False,Medium,False
1-44641979457,SHRI RAM INSTITUTE OF SC & TECHNOLOGY,"Rajiv Gandhi Proudyogiki Vishwavidyalaya, Bhopal",Private-Self Financing,Private,Madhya Pradesh,Jabalpur,JABALPUR,"NEAR ITI, MADHOTAL, JABALPUR, M.P. 482002",,,,AICTE Approved,Post Graduate; Under Graduate,Civil Engineering; Computer Science & Engineering; Computer Science And Engineering (Artificial Intelligence And Machine Learning); Computer Science And Engineering (Internet Of Things And Cyber Security Including Block Chain Techno; Data Sciences; Digital Communication; Electronics And Communications Engineering; Energy Technology; Mba; Mechanical Engineering,882,,,,,,,,,,,,,,Contact College,,,AICTE Official Institutional Disclosures,2021,,,,,,,,,,,,,,,,https://www.aicte-india.org,False,Medium,False
1-44644842285,SAM COLLEGE,"Barkatullah University, Bhopal",Private-Self Financing,Private,Madhya Pradesh,Bhopal,BHOPAL,"ADAMPUR CHHAWANI, RAISEN ROAD",,,,AICTE Approved,Under Graduate,Bba; Bca,180,,,,,,,,,,,,,,Contact College,,,AICTE Official Institutional Disclosures,2021,,,,,,,,,,,,,,,,https://www.aicte-india.org,False,Medium,False
1-44643143113,RAJEEV GANDHI PROUDYOGIKI MAHAVIDYALAYA,"Rajiv Gandhi Proudyogiki Vishwavidyalaya, Bhopal",Private-Self Financing,Private,Madhya Pradesh,Bhopal,BHOPAL,"VILLAGE SALAIYA,VIA DANISH KUNJ,KOLAR ROAD",,,,AICTE Approved,Diploma; Post Graduate; Under Graduate,Advanced Production Systems; Civil Engineering; Computer Science And Engineering; Construction Technology And Management; Digital Communication; Electrical Engineering; Electronics & Communication Engg; Mba; Mechanical Engineering,678,,,,,,,,,,,,,,Contact College,,,AICTE Official Institutional Disclosures,2021,,,,,,,,,,,,,,,,https://www.aicte-india.org,False,Medium,False
1-44644358757,BM INSTITUTE OF PROFESSIONAL STUDIES,"Devi Ahilya Vishwavidyalaya, Indore",Private-Self Financing,Private,Madhya Pradesh,Indore,INDORE,"NEAR CHOKHI DHANI, KHANDWA ROAD, VILLAGE GOKANYA, TEHSIL MHOW (AMBEDKAR NAGAR) DISTRICT INDORE MADHYA PRADESH, 452020",,,,AICTE Approved,Under Graduate,Bba; Bca,120,,,,,,,,,,,,,,Contact College,,,AICTE Official Institutional Disclosures,2021,,,,,,,,,,,,,,,,https://www.aicte-india.org,False,Medium,False
1-44638368312,DR. HARISINGH GOUR VISHWAVIDYALAYA SAGAR,NOT APPLICABLE,Central University,Government,Madhya Pradesh,Sagar,SAGAR,"DR. HARISINGH GOUR VISHWAVIDYALAYA SAGAR CENTRAL UNIVERSITY, SAGAR MP 470003",,,,AICTE Approved,Under Graduate,Aeronautical Engineering; Computer Science And Engineering; Dairy Engineering; Electronics And Communication Engineering; Fashion And Apparel Engineering; Food Engineering And Technology,360,,,,,,,,,,,,,,Contact College,,,AICTE Official Institutional Disclosures,2021,,,,,,,,,,,,,,,,https://www.aicte-india.org,False,Medium,False
1-44643441185,LAXMIPATI INSTITUTE OE SCIENCE &TECHNOLOGY BHOPAL,"Rajiv Gandhi Proudyogiki Vishwavidyalaya, Bhopal",Private-Self Financing,Private,Madhya Pradesh,Bhopal,BHOPAL,"OPP. NEW SOS VILLAGE, AMJHARA ROAD, KHAJURI KALAN, RAISEN ROAD, BHOPAL",,,,AICTE Approved,Diploma; Post Graduate; Under Graduate,Civil Engineering; Computer Science & Engineering; Electrical And Electronics Engineering; Electrical Engineering; Electronics & Communication Engg; Mba; Mechanical Engineering,630,,,,,,,,,,,,,,Contact College,,,AICTE Official Institutional Disclosures,2021,,,,,,,,,,,,,,,,https://www.aicte-india.org,False,Medium,False
1-44640676958,SCHOOL OF ENGINEERING AND TECHNOLOGY,NOT APPLICABLE,State Government University,Government,Madhya Pradesh,Ujjain,UJJAIN,VIKRAM UNIVERSITY UJJAIN,,,,AICTE Approved,Post Graduate; Under Graduate,Agricultural Engineering; Civil Engineering; Digital Communication; Electrical Engineering; Electronics And Communication Engineering; Electronics And Computer Science; Iot And Sensor Systems; Mechanical Engineering; Power Systems And Automation; Structural Engineering,390,,,,,,,,,,,,,,Contact College,,,AICTE Official Institutional Disclosures,2021,,,,,,,,,,,,,,,,https://www.aicte-india.org,False,Medium,False
1-44645026508,PRT INSTITUTE OF TECHNOLOGY AND SCIENCES,"Makhanlal Chaturvedi National University of Journalism, Bhopal",Private-Self Financing,Private,Madhya Pradesh,Anuppur,ANUPPUR,JAITHARI ROAD ANUPPUR,,,,AICTE Approved,Under Graduate,Bca,60,,,,,,,,,,,,,,Contact College,,,AICTE Official Institutional Disclosures,2021,,,,,,,,,,,,,,,,https://www.aicte-india.org,False,Medium,False
1-44644487251,BHARTIYA INSTITUTE OF PROFESSIONAL STUDIES,"Makhanlal Chaturvedi National University of Journalism, Bhopal",Private-Self Financing,Private,Madhya Pradesh,Ujjain,UJJAIN,"BHARTIYA GYANPEETH PARISAR, OPP. MADHAV NAGAR RAILWAY STATION,",,,,AICTE Approved,Under Graduate,Bba; Bca,240,,,,,,,,,,,,,,Contact College,,,AICTE Official Institutional Disclosures,2021,,,,,,,,,,,,,,,,https://www.aicte-india.org,False,Medium,False
1-44638364314,GRADUATE SCHOOL OF BUSINESS,"Devi Ahilya Vishwavidyalaya, Indore",Private-Self Financing,Private,Madhya Pradesh,Indore,INDORE,VILLAGE NIPANIYA BYPASS OPP DELHI PUBLIC SCHOOL INDORE,,,,AICTE Approved,Post Graduate; Under Graduate,Bba; Bca; Mba,660,,,,,,,,,,,,,,Contact College,,,AICTE Official Institutional Disclosures,2021,,,,,,,,,,,,,,,,https://www.aicte-india.org,False,Medium,False
1-44642815207,"ADINA INSTITUTE OF SCIENCE AND TECHNOLOGY, SAGAR, MP","Rajiv Gandhi Proudyogiki Vishwavidyalaya, Bhopal",Private-Self Financing,Private,Madhya Pradesh,Sagar,SAGAR,OPPOSITE BAMHORI SEED FARM BHOPAL ROAD SAGAR M.P.,,,,AICTE Approved,Diploma; Post Graduate; Under Graduate,Civil Engineering; Computer Science; Computer Science And Engineering; Computer Science And Engineering (Artificial Intelligence); Electrical And Electronics Engineering; Mechanical Engineering; Thermal Power Engineering; Vlsi,474,,,,,,,,,,,,,,Contact College,,,AICTE Official Institutional Disclosures,2021,,,,,,,,,,,,,,,,https://www.aicte-india.org,False,Medium,False
1-44766915053,SHITLA PRATAP SINGH COMPUTER TECHNOLOGY,"Makhanlal Chaturvedi National University of Journalism, Bhopal",Private-Self Financing,Private,Madhya Pradesh,Umaria,UMARIA,SAGRA ROAD SUBHASH GANJ UMARIA,,,,AICTE Approved,Under Graduate,Bca,50,,,,,,,,,,,,,,Contact College,,,AICTE Official Institutional Disclosures,2021,,,,,,,,,,,,,,,,https://www.aicte-india.org,False,Medium,False
1-44645052680,TATA COLLEGE SIDHI,"Awadhesh Pratap Singh University, Rewa",Private-Self Financing,Private,Madhya Pradesh,Sidhi,SIDHI,JAMODI KHURD SIDHI MP,,,,AICTE Approved,Under Graduate,Bba; Bca,160,,,,,,,,,,,,,,Contact College,,,AICTE Official Institutional Disclosures,2021,,,,,,,,,,,,,,,,https://www.aicte-india.org,False,Medium,False
1-44644387719,ADVANCE COLLEGE OF SCIENCE AND COMMERCE,"Vikram University, Ujjain",Private-Self Financing,Private,Madhya Pradesh,Ujjain,UJJAIN,"83/18, MADHAV CLUB ROAD TEEN BATTI CHAURAHA FREEGANJ",,,,AICTE Approved,Under Graduate,Bba; Bca,240,,,,,,,,,,,,,,Contact College,,,AICTE Official Institutional Disclosures,2021,,,,,,,,,,,,,,,,https://www.aicte-india.org,False,Medium,False
1-44638256370,ASIAN INSTITUTE OF PROFESSIONAL STUDIES,"Devi Ahilya Vishwavidyalaya, Indore",Private-Self Financing,Private,Madhya Pradesh,Indore,INDORE,"VILLAGE AAKVI, TEHSIL MHOW, DISTT. INDORE 453441",,,,AICTE Approved,Post Graduate,Mba; Mba (Marketing Management),300,,,,,,,,,,,,,,Contact College,,,AICTE Official Institutional Disclosures,2021,,,,,,,,,,,,,,,,https://www.aicte-india.org,False,Medium,False
1-44638896891,SANJIVANI INTERNATIONAL,"Vikram University, Ujjain",Private-Self Financing,Private,Madhya Pradesh,Dewas,DEWAS,"NEAR TOLL PLAZA INDORE BHOPAL HIGHWAY BHONRASA KANKADA ROAD , TEH, SONKATCH, MADHYA PRADESH",,,,AICTE Approved,Post Graduate,Mba,180,,,,,,,,,,,,,,Contact College,,,AICTE Official Institutional Disclosures,2021,,,,,,,,,,,,,,,,https://www.aicte-india.org,False,Medium,False
1-44645021111,RAI SAHEB BHANWAR SINGH COLLEGE,"Barkatullah University, Bhopal",Private-Self Financing,Private,Madhya Pradesh,Sehore,SEHORE,"BHOPAL ROAD, RALA, NASRULLAGANJ",,,,AICTE Approved,Under Graduate,Bba,120,,,,,,,,,,,,,,Contact College,,,AICTE Official Institutional Disclosures,2021,,,,,,,,,,,,,,,,https://www.aicte-india.org,False,Medium,False
1-44638770830,GYANVEER INSTITUTE OF MANAGEMENT AND SCIENCE,NONE,Private-Self Financing,Private,Madhya Pradesh,Sagar,SAGAR,"RAJGHAT ROAD,TILI,SAGAR",,,,AICTE Approved,Post Graduate,Mba,60,,,,,,,,,,,,,,Contact College,,,AICTE Official Institutional Disclosures,2021,,,,,,,,,,,,,,,,https://www.aicte-india.org,False,Medium,False
1-44643591425,"BANSAL INSTITUTE OF RESEARCH, TECHNOLOGY AND SCIENCE","Rajiv Gandhi Proudyogiki Vishwavidyalaya, Bhopal",Private-Self Financing,Private,Madhya Pradesh,Bhopal,BHOPAL,"KOKTA, RAISEN ROAD, ANANDNAGAR, BHOPAL",,,,AICTE Approved,Under Graduate,Civil Engineering; Computer Science & Engineering; Computer Science And Engineering (Artificial Intelligence And Machine Learning); Computer Science And Engineering (Data Science); Mechanical Engineering,360,,,,,,,,,,,,,,Contact College,,,AICTE Official Institutional Disclosures,2021,,,,,,,,,,,,,,,,https://www.aicte-india.org,False,Medium,False
1-44638822131,VIDHIK INSTITUTE OF MANAGEMENT,"Barkatullah University, Bhopal",Private-Self Financing,Private,Madhya Pradesh,Bhopal,BHOPAL,"BARKHEDA NATHU, NEELBAD",,,,AICTE Approved,Post Graduate,Mba,180,,,,,,,,,,,,,,Contact College,,,AICTE Official Institutional Disclosures,2021,,,,,,,,,,,,,,,,https://www.aicte-india.org,False,Medium,False
1-44644181308,SHRI PRINCE SHIVAJI MARATHA BOARDING HOUSE'S THE NEW COLLEGE KOLHAPUR,"Shivaji University, Kolhapur",Private-Self Financing,Private,Maharashtra,Kolhapur,KOLHAPUR,1062 A WARD SHIVAJI PETH KOLHAPUR,,,,AICTE Approved,Under Graduate,Bba; Bca,120,,,,,,,,,,,,,,Contact College,,,AICTE Official Institutional Disclosures,2021,,,,,,,,,,,,,,,,https://www.aicte-india.org,False,Medium,False
1-44641157702,"AMRUTVAHINI COLLEGE OF ENGINEERING, SANGAMNER","University of Pune, Pune",Private-Self Financing,Private,Maharashtra,Ahmednagar,AHMEDNAGAR,"AMRUTNAGAR, GHULWADI, SANGAMNER , DIST - AHMEDNAGAR",,,,AICTE Approved,Post Graduate; Under Graduate,Artificial Intelligence And Data Science; Automation And Robotics; Civil Engineering; Computer Engineering; Design Engineering; Electrical Engineering; Electronics And Computer Engineering; Electronics And Telecommunications Engineering; Information Technology; Mba,1098,,,,,,,,,,,,,,Contact College,,,AICTE Official Institutional Disclosures,2021,,,,,,,,,,,,,,,,https://www.aicte-india.org,False,Medium,False
1-44641653593,NASHI DISTRICT MARATHA VIDYA PRASARAK SAMAJA'S INSTITUTE OF MANAGEMENT RESEARCH & TECHNOLOGY,"University of Pune, Pune",Private-Self Financing,Private,Maharashtra,Nashik,NASHIK,"MVP CAMPUS, GANGAPUR ROAD,NASHIK-02",,,,AICTE Approved,Post Graduate,Mba; Mba(Human Resource Development); Mba(Information Technology); Mca,240,,,,,,,,,,,,,,Contact College,,,AICTE Official Institutional Disclosures,2021,,,,,,,,,,,,,,,,https://www.aicte-india.org,False,Medium,False
1-44644379057,K K WAGH ARTS COMMERCE SCIENCE AND COMPUTER SCIENCE COLLEGE NASHIK,"Savitribai Phule Pune University, Pune",Private-Self Financing,Private,Maharashtra,Nashik,NASHIK,"SURVEY NO. 240/1/1, SARASWATINAGAR, ADGAON ROAD, PANCHAVATI, TAL- NASHIK, DIST- NASHIK",,,,AICTE Approved,Under Graduate,Bba; Bca,360,,,,,,,,,,,,,,Contact College,,,AICTE Official Institutional Disclosures,2021,,,,,,,,,,,,,,,,https://www.aicte-india.org,False,Medium,False
1-44638149845,"SVKM'S NMIMS SCHOOL OF BUSINESS MANAGEMENT, NAVI MUMBAI",NOT APPLICABLE,State Private University,Private,Maharashtra,Raigad,RAIGAD,"PLOT NO. 2, SECTOR-33, BEHIND RAMSETH THAKUR JUNIOR COLLEGE, KHARGHAR,TALUKA: PANVEL, NAVI MUMBAI",,,,AICTE Approved,Integrated; Post Graduate; Under Graduate,Artificial Intelligence And Data Science; Bba; Computer Engineering; Mba; Mba Tech (Computer Engineering),720,,,,,,,,,,,,,,Contact College,,,AICTE Official Institutional Disclosures,2021,,,,,,,,,,,,,,,,https://www.aicte-india.org,False,Medium,False
1-44644840261,PVGS COLLEGE OF SCIENCE AND COMMERCE,"Savitribai Phule Pune University, Pune",Private-Self Financing,Private,Maharashtra,Pune,PUNE,"S NO 44,SHIVDARSHAN,VIDYANAGARI,PARVATI",,,,AICTE Approved,Under Graduate,Bba,80,,,,,,,,,,,,,,Contact College,,,AICTE Official Institutional Disclosures,2021,,,,,,,,,,,,,,,,https://www.aicte-india.org,False,Medium,False
1-44644434013,CHETANAS HAZARIMAL SOMANI COLLEGE OF COMMERCE AND ECONOMICS,"University of Mumbai, Mumbai",Govt aided,Government,Maharashtra,Mumbai Suburban,MUMBAI SUBURBAN,"CHETANA  SELF FINANCING SECTION , CHETANA MAHAVIDYALAY MARG , BANDRA EAST",,,,AICTE Approved,Under Graduate,Bms,120,,,,,,,,,,,,,,Contact College,,,AICTE Official Institutional Disclosures,2021,,,,,,,,,,,,,,,,https://www.aicte-india.org,False,Medium,False
1-44642418008,SINHGAD INSTITUTE OF TECHNOLOGY,"University of Pune, Pune",Private-Self Financing,Private,Maharashtra,Pune,PUNE,"GAT NO.309/310, OFF MUMBAI-PUNE EXPRESSWAY, KUSGAON (BK), LONAVALA, TAL - MAVAL, DIST - PUNE",,,,AICTE Approved,Post Graduate; Under Graduate,Computer Engineering; Electrical Engineering; Electrical Power Systems; Electronics And Telecommunication Engineering; Information Technology; Mechanical Engineering,648,,,,,,,,,,,,,,Contact College,,,AICTE Official Institutional Disclosures,2021,,,,,,,,,,,,,,,,https://www.aicte-india.org,False,Medium,False
1-44640923410,MET'S INSTITUTE OF TECHNOLOGY-POLYTECHNIC,"Maharashtra State Board of Technical Education, Mumbai",Private-Self Financing,Private,Maharashtra,Nashik,NASHIK,BHUJBAL KNOWLEDGE CITY GAT NO.1071 ADGAON,,,,AICTE Approved,Diploma; Under Graduate,Automation And Robotics; Civil And Environmental Engineering; Civil Engineering; Computer Engineering; Computer Science And Design; Electrical Engineering; Information Technology; Mechanical Engineering,570,,,,,,,,,,,,,,Contact College,,,AICTE Official Institutional Disclosures,2021,,,,,,,,,,,,,,,,https://www.aicte-india.org,False,Medium,False
1-44640468126,DR.D.Y.PATIL SCHOOL OF MANAGEMENT,"University of Pune, Pune",Private-Self Financing,Private,Maharashtra,Pune,PUNE,"DR. D. Y. PATIL KNOWELDGE CITY,  S. NO. 136, CHARHOLI (BK), VIA LOHEGAON, TAL.- HAVELI PUNE",,,,AICTE Approved,Post Graduate,Mba,180,,,,,,,,,,,,,,Contact College,,,AICTE Official Institutional Disclosures,2021,,,,,,,,,,,,,,,,https://www.aicte-india.org,False,Medium,False
1-44644815722,SNDT ARTS AND COMMERCE COLLEGE FOR WOMEN,"Shreemati Nathibai Damodar Thackersey Womens University, Mumbai",Govt aided,Government,Maharashtra,Pune,PUNE,"MAHARSHI KARVE VIDYA VIHAR, KARVE ROAD",,,,AICTE Approved,Under Graduate,Bba; Bca,240,,,,,,,,,,,,,,Contact College,,,AICTE Official Institutional Disclosures,2021,,,,,,,,,,,,,,,,https://www.aicte-india.org,False,Medium,False
1-44640038715,NATIONAL FIRE SERVICE COLLEGE,"Rashtrasant Tukadoji Maharaj Nagpur University, Nagpur",Government,Government,Maharashtra,Nagpur,NAGPUR,RAJNAGAR TAKALI FEEDER ROAD  NEAR CID OFFICE,,,,AICTE Approved,Under Graduate,Fire Engineering,60,,,,,,,,,,,,,,Contact College,,,AICTE Official Institutional Disclosures,2021,,,,,,,,,,,,,,,,https://www.aicte-india.org,False,Medium,False
1-44641342372,DR.D.Y.PATIL COLLEGE OF ENGINEERING & INNOVATION,Savitribai Phule Pune University,Private-Self Financing,Private,Maharashtra,Pune,PUNE,"SR.NO.27/A/1/2K, NEAR TALEGAON RAILWAY STATION, A/P VARALE, TALEGAON, TAL-MAVAL,DIST PUNE 410507",,,,AICTE Approved,Under Graduate,Artificial Intelligence (Ai) And Data Science; Artificial Intelligence And Machine Learning; Computer Engineering,420,,,,,,,,,,,,,,Contact College,,,AICTE Official Institutional Disclosures,2021,,,,,,,,,,,,,,,,https://www.aicte-india.org,False,Medium,False
1-44644334734,RAJMATA JIJAU SHIKSHAN PRASARAK MANDALS ARTS COMMERCE AND SCIENCE COLLEGE BHOSARI PUNE,"Savitribai Phule Pune University, Pune",Private-Self Financing,Private,Maharashtra,Pune,PUNE,BGP103/106 MIDC LANDEWADI BHOSARI PUNE,,,,AICTE Approved,Under Graduate,Bba; Bca,240,,,,,,,,,,,,,,Contact College,,,AICTE Official Institutional Disclosures,2021,,,,,,,,,,,,,,,,https://www.aicte-india.org,False,Medium,False
1-44641546659,SAHYADRI VALLEY COLLEGE OF ENGINEERING & TECHNOLOGY,"University of Pune, Pune",Private-Self Financing,Private,Maharashtra,Pune,PUNE,"AT GAT NO.1941, RAJURI, TALUKA: JUNNER",,,,AICTE Approved,Diploma; Post Graduate; Under Graduate,Artificial Intelligence And Data Science; Artificial Intelligence And Machine Learning; Bba; Bca; Civil Engineering; Computer Engineering; Electronics And Telecommunications Engineering; Mba; Mechanical Engineering,498,,,,,,,,,,,,,,Contact College,,,AICTE Official Institutional Disclosures,2021,,,,,,,,,,,,,,,,https://www.aicte-india.org,False,Medium,False
1-44643790142,MANIBEN NANAVATI WOMEN'S COLLEGE,"Shreemati Nathibai Damodar Thackersey Womens University, Mumbai",Govt aided,Government,Maharashtra,Mumbai Suburban,MUMBAI SUBURBAN,"VALLABHBHAI ROAD, VILE PARLE (WEST)",,,,AICTE Approved,Under Graduate,Bms; Design,120,,,,,,,,,,,,,,Contact College,,,AICTE Official Institutional Disclosures,2021,,,,,,,,,,,,,,,,https://www.aicte-india.org,False,Medium,False
1-44638155611,SIR M VISVESVARAYA INSTITUTE OF MANAGEMENT STUDIES AND RESEARCH,"Mumbai University, Mumbai",Private-Self Financing,Private,Maharashtra,Mumbai City,MUMBAI CITY,"ROAD NO. 7A, SEWRI WADALA ESTATE, SCHEME NO. 57, WADALA(W), MUMBAI",,,,AICTE Approved,Post Graduate,Mms,60,,,,,,,,,,,,,,Contact College,,,AICTE Official Institutional Disclosures,2021,,,,,,,,,,,,,,,,https://www.aicte-india.org,False,Medium,False
1-44644211571,DHANWATE NATIONAL COLLEGE NAGPUR RUN BY SHRI SHIVAJI EDUCATION SOCIETY AMRAVATI,"Rashtrasant Tukadoji Maharaj Nagpur University, Nagpur",Private-Self Financing,Private,Maharashtra,Nagpur,NAGPUR,CONGRESS NAGAR NAGPUR,,,,AICTE Approved,Under Graduate,Bba,220,,,,,,,,,,,,,,Contact College,,,AICTE Official Institutional Disclosures,2021,,,,,,,,,,,,,,,,https://www.aicte-india.org,False,Medium,False
1-44644732191,SANKALP COLLEGE OF BBA AND BCA,"Savitribai Phule Pune University, Pune",Private-Self Financing,Private,Maharashtra,Pune,PUNE,"S. NO. 140/6/NDA RD, WARJE MALWADI PUNE 52",,,,AICTE Approved,Under Graduate,Bba; Bca,120,,,,,,,,,,,,,,Contact College,,,AICTE Official Institutional Disclosures,2021,,,,,,,,,,,,,,,,https://www.aicte-india.org,False,Medium,False
1-44641285158,"SAHYADRI INSTITUTE OF MANAGEMENT & RESERCH, SAWARDE","Mumbai University, Mumbai",Private-Self Financing,Private,Maharashtra,Ratnagiri,RATNAGIRI,A/P- SAWARDE TAL- CHIPLUN DIST:- RATNAGIRI,,,,AICTE Approved,Post Graduate,Mba,60,,,,,,,,,,,,,,Contact College,,,AICTE Official Institutional Disclosures,2021,,,,,,,,,,,,,,,,https://www.aicte-india.org,False,Medium,False
1-44643408402,YADAVRAO TASGAONKAR INSTITUTE OF ENGNEERING AND TECHNOLOGY,"Mumbai University, Mumbai",Private-Self Financing,Private,Maharashtra,Raigad,RAIGAD,"VILLAGE,CHANDHI,NEAR BHIVPURI ROAD STATION,KARJAT,RAIGAD,PIN 410201",,,,AICTE Approved,Post Graduate; Under Graduate,Artificial Intelligence And Machine Learning; Civil Engineering; Computer Engineering; Data Sciences; Electrical Engineering; Electrical Power Systems; Information Technology; Masters In Management Studies; Mechanical Engineering; Mechanical Engineering Design,414,,,,,,,,,,,,,,Contact College,,,AICTE Official Institutional Disclosures,2021,,,,,,,,,,,,,,,,https://www.aicte-india.org,False,Medium,False
1-44643861626,SHRIRAM INSTITUTE OF INFORMATION TECHNOLOGY PANIV,"Solapur University, Solapurp",Private-Self Financing,Private,Maharashtra,Solapur,SOLAPUR,PANIV,,,,AICTE Approved,Under Graduate,Bca,60,,,,,,,,,,,,,,Contact College,,,AICTE Official Institutional Disclosures,2021,,,,,,,,,,,,,,,,https://www.aicte-india.org,False,Medium,False
1-44643417378,BHARATI VIDYAPEETH'S INSTITUTE OF MANAGEMENT AND INFORMATION TECHNOLOGY NAVI MUMBAI,"Mumbai University, Mumbai",Private-Self Financing,Private,Maharashtra,Thane,THANE,"SECTOR - 8 , C.B.D. BELAPUR , NAVI MUMBAI",,,,AICTE Approved,Post Graduate,Masters In Computer Applications,120,,,,,,,,,,,,,,Contact College,,,AICTE Official Institutional Disclosures,2021,,,,,,,,,,,,,,,,https://www.aicte-india.org,False,Medium,False
1-44644888808,IDEAL COLLEGE OF ARTS COMMERCE AND SCIENCE,"Mumbai University, Mumbai",Private-Self Financing,Private,Maharashtra,Thane,THANE,AT POST -POSHERI TALUKA WADA DISTRICT PALGHAR MAHARASHTRA,,,,AICTE Approved,Under Graduate,Bca; Bms,240,,,,,,,,,,,,,,Contact College,,,AICTE Official Institutional Disclosures,2021,,,,,,,,,,,,,,,,https://www.aicte-india.org,False,Medium,False
1-44644890338,SADHANA COLLEGE OF COMMERCE GADHINGLAJ,"Shivaji University, Kolhapur",State Government University,Government,Maharashtra,Kolhapur,KOLHAPUR,"KADGAON ROAD ,GADHINGLAJ",,,,AICTE Approved,Under Graduate,Bca,120,,,,,,,,,,,,,,Contact College,,,AICTE Official Institutional Disclosures,2021,,,,,,,,,,,,,,,,https://www.aicte-india.org,False,Medium,False
1-44640654198,"AGASTI INSTITUTE OF MANAGEMENT, COMPUTER APPLICATION AND RESEARCH","University of Pune, Pune",Private-Self Financing,Private,Maharashtra,Ahmednagar,AHMEDNAGAR,"AT POST AKOLE, TALUKA AKOLE, KOLHAT GHOTI ROAD, AKOLE",,,,AICTE Approved,Post Graduate,Masters In Computer Applications; Mba,240,,,,,,,,,,,,,,Contact College,,,AICTE Official Institutional Disclosures,2021,,,,,,,,,,,,,,,,https://www.aicte-india.org,False,Medium,False
1-44638583974,SVKM NMIMS GLOBAL UNIVERSITY,Self,State Private University,Private,Maharashtra,Dhule,DHULE,"SURVEY NO. 499/1, PLOT NO. 2, BEHIND GURUDWARA, MUMBAI Ã¢â¬âAGRA HIGHWAY, DHULE 424001",,,,AICTE Approved,Post Graduate; Under Graduate,Civil Engineering; Computer Engineering; Computer Science & Engineering(Data Sciences); Computer Science And Engineering (Artificial Intelligence And Machine Learning); Electrical Engineering; Information Technology; Mca; Mechanical Engineering,720,,,,,,,,,,,,,,Contact College,,,AICTE Official Institutional Disclosures,2021,,,,,,,,,,,,,,,,https://www.aicte-india.org,False,Medium,False
1-44643349063,MAHARSHI KARVE STREE SHIKSHAN SAMSTHA'S CUMMINS COLLEGE OF ENGINEERING FOR WOMEN,"University of Pune, Pune",Private-Self Financing,Private,Maharashtra,Pune,PUNE,"KARVENAGAR, PUNE 411 052",,,,AICTE Approved,Post Graduate; Under Graduate,Computer Engineering; Electronics And Telecommunication Engineering; Electronics And Telecommunication Engineering With Specialization In Artificial Intelligence; Information Technology; Instrumentation And Control Engineering; Mechanical Engineering; Mechanical Engineering Design; Vlsi And Embedded Systems,660,,,,,,,,,,,,,,Contact College,,,AICTE Official Institutional Disclosures,2021,,,,,,,,,,,,,,,,https://www.aicte-india.org,False,Medium,False
1-44644139935,THAKUR SHYAMNARAYAN DEGREE COLLEGE,"University of Mumbai, Mumbai",Private-Self Financing,Private,Maharashtra,Mumbai Suburban,MUMBAI SUBURBAN,"90 FEET ROAD, THAKUR COMPLEX, KANDIVALI(EAST), MUMBAI",,,,AICTE Approved,Under Graduate,Bms,180,,,,,,,,,,,,,,Contact College,,,AICTE Official Institutional Disclosures,2021,,,,,,,,,,,,,,,,https://www.aicte-india.org,False,Medium,False
1-44644081263,SMT RADHADEVI GOENKA COLLEGE FOR WOMEN,"Sant Gadge Baba Amravati University, Amravati",Govt aided,Government,Maharashtra,Akola,AKOLA,MURTIZAPUR ROAD OPPOSITE NEHARU PARK,,,,AICTE Approved,Post Graduate; Under Graduate,Bba; Bca; Mca,360,,,,,,,,,,,,,,Contact College,,,AICTE Official Institutional Disclosures,2021,,,,,,,,,,,,,,,,https://www.aicte-india.org,False,Medium,False
1-44644327919,GANPATRAO ARWADE COLLEGE OF COMMERCE SANGLI,"Shivaji University, Kolhapur",Govt aided,Government,Maharashtra,Sangli,SANGLI,RAJNEMI COMPUS NORTH SHIVAJI NAGAR SANGLI,,,,AICTE Approved,Under Graduate,Bca,120,,,,,,,,,,,,,,Contact College,,,AICTE Official Institutional Disclosures,2021,,,,,,,,,,,,,,,,https://www.aicte-india.org,False,Medium,False
1-44644317746,MAEER'S MIT ARTS COMMERCE AND SCIENCE COLLEGE,"Savitribai Phule Pune University, Pune",Private-Self Financing,Private,Maharashtra,Pune,PUNE,"MOSHI - ALANDI ROAD, ALANDI, TALUKA - HAVELI",,,,AICTE Approved,Under Graduate,Bba; Bca,900,,,,,,,,,,,,,,Contact College,,,AICTE Official Institutional Disclosures,2021,,,,,,,,,,,,,,,,https://www.aicte-india.org,False,Medium,False
1-45325867519,VSS INSTITUTE OF BUSINESS MANAGEMENT JALNA,"Dr. Babasaheb Ambedkar Marathwada University, Aurangabad",Private-Self Financing,Private,Maharashtra,Jalna,JALNA,MAMMADEVI TO RAILWAY STATION ROAD JALNA,,,,AICTE Approved,Under Graduate,Bba,120,,,,,,,,,,,,,,Contact College,,,AICTE Official Institutional Disclosures,2021,,,,,,,,,,,,,,,,https://www.aicte-india.org,False,Medium,False
1-44642116426,KASEGAON EDUCATION SOCIETYS RAJARAMBAPU INSTITUTE OF TECHNOLOGY,"Maharashtra State Board of Technical Education, Mumbai",Private-Self Financing,Private,Maharashtra,Sangli,SANGLI,"RAJARAMNAGAR, SAKHARALE, TAL. WALWA, DIST. SANGLI",,,,AICTE Approved,Diploma; Post Graduate; Under Graduate,Bba; Bca; Civil Engineering; Computer Engineering; Computer Science And Engineering; Computer Science And Engineering (Artificial Intelligence And Machine Learning); Computer Science And Information Technology; Construction Management; Design Engineering; Electrical Engineering,1716,,,,,,,,,,,,,,Contact College,,,AICTE Official Institutional Disclosures,2021,,,,,,,,,,,,,,,,https://www.aicte-india.org,False,Medium,False
1-44641581627,PRIYADARSHINI COLLEGE OF ENGINEERING,"Rashtrasant Tukadoji Maharaj Nagpur University, Nagpur",Private-Self Financing,Private,Maharashtra,Nagpur,NAGPUR,"NEAR C.R.P.F. CAMPUS, HINGNA ROAD, NAGPUR",,,,AICTE Approved,Post Graduate; Under Graduate,Aeronautical Engineering; Artificial Intelligence And Data Science; Biotechnology; Chemical Engineering; Civil Engineering; Computer Science And Engineering; Computer Technology; Electrical Engineering; Electronics And Communication Engineering; Electronics And Telecommunications Engineering,1548,,,,,,,,,,,,,,Contact College,,,AICTE Official Institutional Disclosures,2021,,,,,,,,,,,,,,,,https://www.aicte-india.org,False,Medium,False
1-44640649007,SWARAJ INSTITUTE OF MANAGEMENT,"Shivaji University, Kolhapur",Private-Self Financing,Private,Maharashtra,Satara,SATARA,"S. NO.-636, NH-4,AT-VAHAGAON,POST-VANVASMACHI,TAL.-KARAD,DIST-SATARA",,,,AICTE Approved,Post Graduate,Mba,60,,,,,,,,,,,,,,Contact College,,,AICTE Official Institutional Disclosures,2021,,,,,,,,,,,,,,,,https://www.aicte-india.org,False,Medium,False
1-44786813406,PRASHIK COLLEGE OF BCA AND BCS,Dr. Babasaheb Ambedkar Marathwada University,Private-Self Financing,Private,Maharashtra,Aurangabad,AURANGABAD,"SATARA PARISAR, BEED BY PASS ROAD, AURANGABAD",,,,AICTE Approved,Under Graduate,Bca,120,,,,,,,,,,,,,,Contact College,,,AICTE Official Institutional Disclosures,2021,,,,,,,,,,,,,,,,https://www.aicte-india.org,False,Medium,False
1-44642942900,PROF RAM MEGHE COLLEGE OF ENGINEERING & MANAGEMENT,"Sant Gadge Baba Amravati University, Amravati",Private-Self Financing,Private,Maharashtra,Amravati,AMRAVATI,"NEW EXPRESS HIGHWAY,  BADNERA-AMRAVATI",,,,AICTE Approved,Post Graduate; Under Graduate,Civil Engineering; Computer Science And Engineering; Computer Science And Engineering (Data Science); Construction Engineerng And Management; Digital Electronics; Electrical Engineering; Electrical Engineering (Electronics And Power); Electronics And Telecommunications Engineering; Information Technology; Mba,612,,,,,,,,,,,,,,Contact College,,,AICTE Official Institutional Disclosures,2021,,,,,,,,,,,,,,,,https://www.aicte-india.org,False,Medium,False
1-44643419596,SINHGAD INSTITUTE OF BUSINESS ADMINISTRATION AND RESEARCH,"University of Pune, Pune",Private-Self Financing,Private,Maharashtra,Pune,PUNE,"NEAR PMC OCTROI POST, KONDHWA - SASWAD ROAD, KONDHWA ( BK. ), PUNE - 411048",,,,AICTE Approved,Post Graduate,Masters In Computer Applications,120,,,,,,,,,,,,,,Contact College,,,AICTE Official Institutional Disclosures,2021,,,,,,,,,,,,,,,,https://www.aicte-india.org,False,Medium,False
1-44641824785,SGB AMRAVATI UNIVERSITY,NOT APPLICABLE,State Government University,Government,Maharashtra,Amravati,AMRAVATI,TOPOWAN ROAD CAMP,,,,AICTE Approved,Post Graduate; Under Graduate,Artificial Intelligence And Data Science; Chemical Technology; Computer Science And Information Technology; Food Technology; Masters In Computer Applications; Mba; Oil And Paint Technology; Petrochemical Technology; Pulp Technology,223,,,,,,,,,,,,,,Contact College,,,AICTE Official Institutional Disclosures,2021,,,,,,,,,,,,,,,,https://www.aicte-india.org,False,Medium,False
1-44642856466,TRINITY INSTITUTE OF MANAGEMENT & RESEARCH,"University of Pune, Pune",Private-Self Financing,Private,Maharashtra,Pune,PUNE,"SR. NO.25 & 27, VILLAGE - PISOLI, POST- YEWALEWADI (BOPDEV GHAT)",,,,AICTE Approved,Post Graduate,Mba,120,,,,,,,,,,,,,,Contact College,,,AICTE Official Institutional Disclosures,2021,,,,,,,,,,,,,,,,https://www.aicte-india.org,False,Medium,False
1-44643599741,SINHGAD INSTITUTE OF MANAGEMENT AND COMPUTER APPLICATION,"University of Pune, Pune",Private-Self Financing,Private,Maharashtra,Pune,PUNE,"S.NO.49, OFF. WESTERLY BYPASS, MUMBAI-PUNE EXPRESSWAY, NARHE AMBEGAON (BK), PUNE 411041",,,,AICTE Approved,Post Graduate,Mba,240,,,,,,,,,,,,,,Contact College,,,AICTE Official Institutional Disclosures,2021,,,,,,,,,,,,,,,,https://www.aicte-india.org,False,Medium,False
1-44644423765,VENKATESH MAHAJAN SENIOR COLLEGE,"Dr. Babasaheb Ambedkar Marathwada University, Aurangabad",Private-Self Financing,Private,Maharashtra,Osmanabad,OSMANABAD,SAMARTH NAGAR WARUDA ROAD,,,,AICTE Approved,Under Graduate,Bca,40,,,,,,,,,,,,,,Contact College,,,AICTE Official Institutional Disclosures,2021,,,,,,,,,,,,,,,,https://www.aicte-india.org,False,Medium,False
1-44644405483,PILLAI COLLEGE OF ARTS COMMERCE & SCIENCE,"Mumbai University, Mumbai",Govt aided,Government,Maharashtra,Raigad,RAIGAD,DR K M VASUDEVAN PILLAI CAMPUS SECTOR 16,,,,AICTE Approved,Under Graduate,Bba; Bca; Bms,420,,,,,,,,,,,,,,Contact College,,,AICTE Official Institutional Disclosures,2021,,,,,,,,,,,,,,,,https://www.aicte-india.org,False,Medium,False
1-44644826454,CHANDRABHAN SHARMA COLLEGE OF ARTS COMMERCE AND SCIENCE,"University of Mumbai, Mumbai",Private-Self Financing,Private,Maharashtra,Mumbai Suburban,MUMBAI SUBURBAN,ADI SHANKARACHARYA MARG POWAI VIHAR COMPLEX POWAI MUMBAI,,,,AICTE Approved,Under Graduate,Bba; Bca; Bms,360,,,,,,,,,,,,,,Contact College,,,AICTE Official Institutional Disclosures,2021,,,,,,,,,,,,,,,,https://www.aicte-india.org,False,Medium,False
1-44644856327,TULSI COMPUTER SCIENCE AND INFORMATION TECHNOLOGY COLLEGE BEED,"Dr. Babasaheb Ambedkar Marathwada University, Aurangabad",Private-Self Financing,Private,Maharashtra,Beed,BEED,"ADARSH NAGAR D.P.ROAD, BEED",,,,AICTE Approved,Under Graduate,Bca,120,,,,,,,,,,,,,,Contact College,,,AICTE Official Institutional Disclosures,2021,,,,,,,,,,,,,,,,https://www.aicte-india.org,False,Medium,False
1-44638207113,DATTA MEGHE INSTITUTE OF HIGHER EDUCATION AND RESEARCH (DEEMED TO BE UNIVERSITY),NOT APPLICABLE,Deemed to be University(Pvt),Private,Maharashtra,Wardha,WARDHA,"SALOD(H), WARDHA, MAHARASHTRA, 442001",,,,AICTE Approved,Dualdegree; Post Graduate; Under Graduate,Artificial Intelligence And Data Science; Artificial Intelligence And Machine Learning; Bba; Bba/Mba; Bca; Biomedical Engineering; Computer Science And Design; Computer Science And Engineering; Computer Science And Medical Engineering; Master Of Computer Applications,1164,,,,,,,,,,,,,,Contact College,,,AICTE Official Institutional Disclosures,2021,,,,,,,,,,,,,,,,https://www.aicte-india.org,False,Medium,False
1-44644933577,ACHIEVERS INSTITUTE OF MANAGEMENT & ENTREPRENEURSHIP,"University of Mumbai, Mumbai",Private-Self Financing,Private,Maharashtra,Thane,THANE,"MALHAR NAGAR, JOSHI BAUG, SANTOSHI MATA MANDIR ROAD, KALYAN -(W) - 421 301",,,,AICTE Approved,Post Graduate; Under Graduate,Bms; Mba (Entrepreneurship); Mms,180,,,,,,,,,,,,,,Contact College,,,AICTE Official Institutional Disclosures,2021,,,,,,,,,,,,,,,,https://www.aicte-india.org,False,Medium,False
1-44639909341,KAMLA NEHRU MAHAVIDYALAYA [MCA & MBA PROGRAMME],"Rashtrasant Tukadoji Maharaj Nagpur University, Nagpur",Private-Self Financing,Private,Maharashtra,Nagpur,NAGPUR,SAKKARDARA CHOWKNAGPUR,,,,AICTE Approved,Post Graduate; Under Graduate,Bba; Bca; Masters In Computer Applications; Mba,540,,,,,,,,,,,,,,Contact College,,,AICTE Official Institutional Disclosures,2021,,,,,,,,,,,,,,,,https://www.aicte-india.org,False,Medium,False
1-44644140046,SWATANTRYA SAINIK SHRI KANHAIYALALJI RAMCHANDRA INNANI MAHAVIDYALAYA KARANJA LAD,"Sant Gadge Baba Amravati University, Amravati",Govt aided,Government,Maharashtra,Washim,WASHIM,OPPOSITE TO RAILWAY STATION MURTIZAPUR ROAD KARANJA LAD,,,,AICTE Approved,Under Graduate,Bba; Bca,240,,,,,,,,,,,,,,Contact College,,,AICTE Official Institutional Disclosures,2021,,,,,,,,,,,,,,,,https://www.aicte-india.org,False,Medium,False
1-44641250877,ORIENTAL INSTITUTE OF MANAGEMENT,"Mumbai University, Mumbai",Private-Self Financing,Private,Maharashtra,Thane,THANE,"PLOT NO.149, SECTOR 12, VASHI, NAVI MUMBAI-400703",,,,AICTE Approved,Post Graduate,Mms,120,,,,,,,,,,,,,,Contact College,,,AICTE Official Institutional Disclosures,2021,,,,,,,,,,,,,,,,https://www.aicte-india.org,False,Medium,False
1-44640211909,"GENBA SOPANRAO MOZE TRUST'S PARVATIBAI GENBA MOZE COLLEGE OF ENGINEERING,WAGHOLI, PUNE","University of Pune, Pune",Private-Self Financing,Private,Maharashtra,Pune,PUNE,"GAT NO. 2181, WAGHOLI, TAL. HAVELI, DIST. PUNE",,,,AICTE Approved,Post Graduate; Under Graduate,Artificial Intelligence (Ai)  And Data Science; Bca; Civil Engineering; Computer Engineering; Electronics And Telecommunications Engineering; Information Technology; Mba; Mca; Mechanical Engineering,660,,,,,,,,,,,,,,Contact College,,,AICTE Official Institutional Disclosures,2021,,,,,,,,,,,,,,,,https://www.aicte-india.org,False,Medium,False
1-44642522544,ST. WILFREDS COLLEGE OF COMPUTER SCIENCES,"Mumbai University, Mumbai",Private-Self Financing,Private,Maharashtra,Thane,THANE,"SANGHAVI NAGAR, NEAR MBMC GARDEN, MIRA BHAYANDER ROAD, MIRA ROAD (E)",,,,AICTE Approved,Post Graduate,Mca,180,,,,,,,,,,,,,,Contact College,,,AICTE Official Institutional Disclosures,2021,,,,,,,,,,,,,,,,https://www.aicte-india.org,False,Medium,False
1-44754133007,JSPM COLLEGE OF ENGINEERING,"Dr. Babasaheb Ambedkar Technological University, Lonere",Private-Self Financing,Private,Maharashtra,Latur,LATUR,"PLOT NO P-74, KALAMB ROAD,NEAR PVR TALKIES, MIDC, LATUR",,,,AICTE Approved,Under Graduate,Artificial Intelligence And Machine Learning; Civil Engineering; Computer Engineering; Electronics And Telecommunication Engineering,240,,,,,,,,,,,,,,Contact College,,,AICTE Official Institutional Disclosures,2021,,,,,,,,,,,,,,,,https://www.aicte-india.org,False,Medium,False
1-44640996361,GRAMIN TECHNICAL AND MANAGEMENT CAMPUS NANDED,"Maharashtra State Board of Technical Education, Mumbai",Private-Self Financing,Private,Maharashtra,Nanded,NANDED,GRAMIN POLYTECHNIC VISHNUPURI NANDED,,,,AICTE Approved,Diploma; Integrated; Post Graduate; Under Graduate,Bba; Bca; Civil Engineering; Civil Engineering(Structural Engineering)); Computer Engineering; Computer Sceince & Engineering; Computer Science And Engineering (Artificial Intelligence And Machine Learning); Electrical Engineering; Electronics And Tele-Communication Engineering; Electronics And Telecommunications Engineering,1750,,,,,,,,,,,,,,Contact College,,,AICTE Official Institutional Disclosures,2021,,,,,,,,,,,,,,,,https://www.aicte-india.org,False,Medium,False
1-44643180587,BHARATI VIDYAPEETH'S COLLEGE OF ENGINEERING KOLHAPUR,"Shivaji University, Kolhapur",Private-Self Financing,Private,Maharashtra,Kolhapur,KOLHAPUR,"BHARATI VIDYAPEETH'S COLLEGE OF ENGINEERING,  NEAR CHITRANAGARI,  KOLHAPUR-416013",,,,AICTE Approved,Diploma; Post Graduate; Under Graduate,B. Tech - Computer Science And Engineering (Artificial Intelligence And Machine Learning); Cad/Cam/Cae; Civil Engineering; Computer Engineering; Computer Science & Engineering; Computer Science And Engineering; Electronics And Telecommunication Engineering; Mechanical Engineering,558,,,,,,,,,,,,,,Contact College,,,AICTE Official Institutional Disclosures,2021,,,,,,,,,,,,,,,,https://www.aicte-india.org,False,Medium,False
1-44642866529,SINDHUDURG SHIKSHAN PRASARAK MANDAL'S COLLEGE OF ENGINEERING,"Mumbai University, Mumbai",Private-Self Financing,Private,Maharashtra,Sindhudurg,SINDHUDURG,HARKUL(BUDRUK) KANKAVLI TAL:KANKAVLI,,,,AICTE Approved,Under Graduate,Computer Engineering; Computer Science; Computer Science And Engineering(Artificial Intelligence And Machine Learning); Electrical Engineering; Electronics And Computer Science; Mechanical Engineering,360,,,,,,,,,,,,,,Contact College,,,AICTE Official Institutional Disclosures,2021,,,,,,,,,,,,,,,,https://www.aicte-india.org,False,Medium,False
1-44641415097,GOVERNMENT COLLEGE OF ART AND DESIGN AURANGABAD,"Dr. Babasaheb Ambedkar Marathwada University, Aurangabad",Government,Government,Maharashtra,Aurangabad,AURANGABAD,"KIL E ARK, ZANANA MAHAL, AURANGABAD.",,,,AICTE Approved,Post Graduate; Under Graduate,Applied Arts; Painting; Textile Design,115,,,,,,,,,,,,,,Contact College,,,AICTE Official Institutional Disclosures,2021,,,,,,,,,,,,,,,,https://www.aicte-india.org,False,Medium,False
1-44644043056,DR PATANGRAO KADAM MAHAVIDYALYA RAMANANDNAGAR BURLI,"Shivaji University, Kolhapur",Private-Self Financing,Private,Maharashtra,Sangli,SANGLI,A/P-RAMANANDNAGAR(BURLI) TAL-PALUS DIST-SANGLI,,,,AICTE Approved,Under Graduate,Bca,60,,,,,,,,,,,,,,Contact College,,,AICTE Official Institutional Disclosures,2021,,,,,,,,,,,,,,,,https://www.aicte-india.org,False,Medium,False
1-44643430083,SHIKSHAN MAHARSHI DR. D. Y. PATIL CENTER  FOR MANAGEMENT AND RESEARCH,"University of Pune, Pune",Private-Self Financing,Private,Maharashtra,Pune,PUNE,"GAT NO 1029,1030.1031 NEXT TO THERMAX SQUARE,NEWALE WASTI, CHIKHALI PUNE 412114",,,,AICTE Approved,Post Graduate,Mba; Mca,300,,,,,,,,,,,,,,Contact College,,,AICTE Official Institutional Disclosures,2021,,,,,,,,,,,,,,,,https://www.aicte-india.org,False,Medium,False
1-44638606455,PUNE VIDYARTHI GRIHAÃ¢â¬â¢S COLLEGE OF ENGINEERING & SHRIKRUSHNA S. DHAMANKAR INSTITUTE OF MANAGEMENT,"University of Pune, Pune",Private-Self Financing,Private,Maharashtra,Nashik,NASHIK,"206, DINDORIROAD, BEHIND RELIANCE PETROL PUMP, MHASRUL, NASHIK 422004",,,,AICTE Approved,Post Graduate; Under Graduate,Artificial Intelligence And Data Science; Computer Engineering; Electronics And Telecommunications Engineering; Information Technology; Mba; Mechanical Engineering,480,,,,,,,,,,,,,,Contact College,,,AICTE Official Institutional Disclosures,2021,,,,,,,,,,,,,,,,https://www.aicte-india.org,False,Medium,False
1-44644846482,MODERN COLLEGE OF COMPUTER SCIENCE AND INFORMATION TECHNOLOGY,"Swami Ramanand Teerth Marathwada University, Nanded",Private-Self Financing,Private,Maharashtra,Nanded,NANDED,"NEAR GAJANAN MAHARAJ MANDIR, MALEGAON ROAD, TARODA (KH.), NANDED",,,,AICTE Approved,Under Graduate,Bca,160,,,,,,,,,,,,,,Contact College,,,AICTE Official Institutional Disclosures,2021,,,,,,,,,,,,,,,,https://www.aicte-india.org,False,Medium,False
1-44641279366,ADITYA INSTITUTE OF MANAGEMENT STUDIES & RESEARCH,"Mumbai University, Mumbai",Private-Self Financing,Private,Maharashtra,Mumbai Suburban,MUMBAI SUBURBAN,"F.P NO. 661+663+667/B, TPS III, NEAR KALPANA CHAWLA CHOWK, RAMNAGAR, BORIVALI(W)",,,,AICTE Approved,Post Graduate; Under Graduate,Bms; Mca; Mms,300,,,,,,,,,,,,,,Contact College,,,AICTE Official Institutional Disclosures,2021,,,,,,,,,,,,,,,,https://www.aicte-india.org,False,Medium,False
1-44643791606,MANGALDEEP COLLEGE OF ENGINEERING,"Dr. Babasaheb Ambedkar Marathwada University, Aurangabad",Private-Self Financing,Private,Maharashtra,Aurangabad,AURANGABAD,"GUT NO. 229 BEED ROAD, NIPANI- CHA SAMBHAJI NAGAR (AURANGABAD)",,,,AICTE Approved,Diploma; Under Graduate,Artificial Intelligence (Ai); Artificial Intelligence And Machine Learning; Bca; Computer Engineering; Computer Science; Computer Science & Engineering; Electrical Engineering; Electronics And Telecommunication; Fashion Design; Information Technology,810,,,,,,,,,,,,,,Contact College,,,AICTE Official Institutional Disclosures,2021,,,,,,,,,,,,,,,,https://www.aicte-india.org,False,Medium,False
1-44644402563,MAHARSHI KARVE MAHILA MAHAVIDYALAY WAI,"Shreemati Nathibai Damodar Thackersey Womens University, Mumbai",Private-Self Financing,Private,Maharashtra,Satara,SATARA,"410, MADHALI ALI, WAI",,,,AICTE Approved,Under Graduate,Bca,60,,,,,,,,,,,,,,Contact College,,,AICTE Official Institutional Disclosures,2021,,,,,,,,,,,,,,,,https://www.aicte-india.org,False,Medium,False
1-44643431183,SAIBALAJI INTERNATIONAL INTSTITUTE OF MANAGEMENT SCIENCES,"University of Pune, Pune",Private-Self Financing,Private,Maharashtra,Pune,PUNE,"SURVEY NO # 54, NERE MARUNJE, NEAR HINJEWADI IT PARK, PUNE-411033",,,,AICTE Approved,Post Graduate; Under Graduate,Bba; Mba,260,,,,,,,,,,,,,,Contact College,,,AICTE Official Institutional Disclosures,2021,,,,,,,,,,,,,,,,https://www.aicte-india.org,False,Medium,False
1-44642842029,ROHIDAS PATIL INSTITUTE OF MANAGEMENT STUDIES,"Mumbai University, Mumbai",Private-Self Financing,Private,Maharashtra,Thane,THANE,"MAHAVIDHYALAY MARG, NAVGHAR ROAD, BHAYANDAR EAST",,,,AICTE Approved,Post Graduate,Mms,122,,,,,,,,,,,,,,Contact College,,,AICTE Official Institutional Disclosures,2021,,,,,,,,,,,,,,,,https://www.aicte-india.org,False,Medium,False
1-44638789589,INDALA COLLEGE OF ENGINEERING,"University of Mumbai, Mumbai",Private-Self Financing,Private,Maharashtra,Thane,THANE,"NEAR HP GAGANGIRI PETROL PUMP, KALYAN-MURBAD ROAD, BAPSAI, KALYAN (W) - 421301",,,,AICTE Approved,Diploma; Under Graduate,Artificial Intelligence (Ai)  And Data Science; Artificial Intelligence (Ai) And Machine Learning; Bba; Bca; Bms; Civil Engineering; Computer Engineering; Electrical Engineering; Information Technology; Mechanical Engineering,900,,,,,,,,,,,,,,Contact College,,,AICTE Official Institutional Disclosures,2021,,,,,,,,,,,,,,,,https://www.aicte-india.org,False,Medium,False
1-44639349865,MANIPUR INSTITUTE OF TECHNOLOGY,"Manipur University, Imphal",Government,Government,Manipur,Imphal West,IMPHAL WEST,"TAKYELPAT, IMPHAL",,,,AICTE Approved,Under Graduate,Civil Engineering; Computer Science & Engineering; Electrical Engineering; Electronics And Communications Engineering; Mechanical Engineering,150,,,,,,,,,,,,,,Contact College,,,AICTE Official Institutional Disclosures,2021,,,,,,,,,,,,,,,,https://www.aicte-india.org,False,Medium,False
1-44638582452,NATIONAL INSTITUTE OF ELECTRONICS AND INFORMATION TECHNOLOGY IMPHAL,None,Government,Government,Manipur,Imphal East,IMPHAL EAST,"AKAMPAT,IMPHAL (E)-795001",,,,AICTE Approved,Diploma; Post Graduate; Under Graduate,Artificial Intelligence; Bca; Computer Science And Engineering; Electronics And Communications Engineering; Mca,390,,,,,,,,,,,,,,Contact College,,,AICTE Official Institutional Disclosures,2021,,,,,,,,,,,,,,,,https://www.aicte-india.org,False,Medium,False
1-44638250859,SCHOOL OF TECHNOLOGY,NOT APPLICABLE,Central University,Government,Meghalaya,East Khasi Hills,EAST KHASI HILLS,MAWKYNROH-UMSHING MAWLAI,,,,AICTE Approved,Under Graduate,Biomedical Engineering; Electronics & Communication Engg; Energy Engineering; Information Technology,120,,,,,,,,,,,,,,Contact College,,,AICTE Official Institutional Disclosures,2021,,,,,,,,,,,,,,,,https://www.aicte-india.org,False,Medium,False
1-44644979843,UMSHYRPI COLLEGE,"North Eastern Hill University, Shillong",Private-Self Financing,Private,Meghalaya,East Khasi Hills,EAST KHASI HILLS,LABAN,,,,AICTE Approved,Under Graduate,Bca,60,,,,,,,,,,,,,,Contact College,,,AICTE Official Institutional Disclosures,2021,,,,,,,,,,,,,,,,https://www.aicte-india.org,False,Medium,False
1-44639941860,SCHOOL OF TECHNOLOGY & MANAGEMENT,"University of Science and Technology, Ri- Bhoi",Private-Self Financing,Private,Meghalaya,Ri Bhoi,RI BHOI,"UNIVERSITY OF SCIENCE & TECHNOLOGY, TECHNO-CITY, KILLING ROAD, 9TH MILE,",,,,AICTE Approved,Post Graduate; Under Graduate,Bba; Civil Engineering; Computer Science And Engineering; Electrical And Electronics Engineering; Management; Mba; Mechanical Engineering,1540,,,,,,,,,,,,,,Contact College,,,AICTE Official Institutional Disclosures,2021,,,,,,,,,,,,,,,,https://www.aicte-india.org,False,Medium,False
1-44644668452,ST. ANTHONY'S COLLEGE,"North Eastern Hill University, Shillong",Private-Self Financing,Private,Meghalaya,East Khasi Hills,EAST KHASI HILLS,"BOMFYLE ROAD, SHILLONG",,,,AICTE Approved,Under Graduate,Bba,50,,,,,,,,,,,,,,Contact College,,,AICTE Official Institutional Disclosures,2021,,,,,,,,,,,,,,,,https://www.aicte-india.org,False,Medium,False
1-44643316407,"ST. ANTHONYT'S COLLEGE, SHILLONG","North Eastern Hill University, Shillong",Private-Self Financing,Private,Meghalaya,East Khasi Hills,EAST KHASI HILLS,"BOMFYLE ROAD, SHILLONG 793001 MEGHALAYA",,,,AICTE Approved,Post Graduate,Masters In Computer Applications,30,,,,,,,,,,,,,,Contact College,,,AICTE Official Institutional Disclosures,2021,,,,,,,,,,,,,,,,https://www.aicte-india.org,False,Medium,False
1-44753612245,SHILLONG GOVERNMENT COLLEGE OF ENGINEERING,"North Eastern Hill University, Shillong",Government,Government,Meghalaya,East Khasi Hills,EAST KHASI HILLS,"SHILLONG GOVERNMENT COLLEGE OF ENGINEERING, MAWLAI KYNTON MASSAR, EAST KHASI HILLS, SHILLONG, MEGHALAYA 793022",,,,AICTE Approved,Under Graduate,Civil Engineering; Electrical Engineering,60,,,,,,,,,,,,,,Contact College,,,AICTE Official Institutional Disclosures,2021,,,,,,,,,,,,,,,,https://www.aicte-india.org,False,Medium,False
1-44784685993,BELLEFONTE EVENING COLLEGE,"North Eastern Hill University, Shillong",Private-Self Financing,Private,Meghalaya,East Khasi Hills,EAST KHASI HILLS,LUMSHYIAP,,,,AICTE Approved,Under Graduate,Bca,60,,,,,,,,,,,,,,Contact College,,,AICTE Official Institutional Disclosures,2021,,,,,,,,,,,,,,,,https://www.aicte-india.org,False,Medium,False
1-44640208661,"NATIONAL INSTITUTE OF ELECTRONICS AND INFORMATION TECHNOLOGY (NIELIT), AIZAWL CENTRE",NIELIT,Government,Government,Mizoram,Aizawl,AIZAWL,"INDUSTRIAL ESTATE, ZUANGTUI,",,,,AICTE Approved,Diploma; Post Graduate; Under Graduate,Bca; Computer Science & Engineering; Computer Science And Engineering (Artificial Intelligence And Machine Learning); Electronics And Telecommunications Engineering; Internet Of Things (Iot); Master Of Computer Applications,270,,,,,,,,,,,,,,Contact College,,,AICTE Official Institutional Disclosures,2021,,,,,,,,,,,,,,,,https://www.aicte-india.org,False,Medium,False
1-44644522021,GOVERNMENT SERCHHIP COLLEGE,Central University Mizoram,Government,Government,Mizoram,Serchhip,SERCHHIP,"NEW SERCHHIP, SERCHHIP MIZORAM 796181",,,,AICTE Approved,Under Graduate,Bca,60,,,,,,,,,,,,,,Contact College,,,AICTE Official Institutional Disclosures,2021,,,,,,,,,,,,,,,,https://www.aicte-india.org,False,Medium,False
1-44644163873,GOVERNMENT ZIRTIRI RESIDENTIAL SCIENCE COLLEGE,"Mizoram University, Aizawl",Government,Government,Mizoram,Aizawl,AIZAWL,LEITAN DURTLANG,,,,AICTE Approved,Under Graduate,Bca,40,,,,,,,,,,,,,,Contact College,,,AICTE Official Institutional Disclosures,2021,,,,,,,,,,,,,,,,https://www.aicte-india.org,False,Medium,False
1-44644988841,UNITY COLLEGE,"Nagaland University, Lumami",Govt aided,Government,Nagaland,Dimapur,DIMAPUR,RESIDENCY COLONY PWD AREA,,,,AICTE Approved,Under Graduate,Bca,30,,,,,,,,,,,,,,Contact College,,,AICTE Official Institutional Disclosures,2021,,,,,,,,,,,,,,,,https://www.aicte-india.org,False,Medium,False
1-44644930551,ST JOSEPHS COLLEGE AUTONOMOUS,"Nagaland University, Lumami",Private-Self Financing,Private,Nagaland,Kohima,KOHIMA,"P.B. NO. 39, KOHIMA, NAGALAND",,,,AICTE Approved,Under Graduate,Bba,80,,,,,,,,,,,,,,Contact College,,,AICTE Official Institutional Disclosures,2021,,,,,,,,,,,,,,,,https://www.aicte-india.org,False,Medium,False
1-44644503966,TETSO COLLEGE,"Nagaland University, Lumami",Private-Self Financing,Private,Nagaland,Dimapur,DIMAPUR,"TETSO COLLEGE SOVIMA, 5TH MILE, CHÃÅMOUKEDIMA, NAGALAND, INDIA, 797115",,,,AICTE Approved,Post Graduate; Under Graduate,Bba; Bca; Mba,240,,,,,,,,,,,,,,Contact College,,,AICTE Official Institutional Disclosures,2021,,,,,,,,,,,,,,,,https://www.aicte-india.org,False,Medium,False
1-44638332189,ST. JOSEPH UNIVERSITY, St.Joseph university,State Private University,Private,Nagaland,Dimapur,DIMAPUR,"VIRGIN TOWN, IKISHE  VILLAGE",,,,AICTE Approved,Under Graduate,Civil Engineering; Computer Science And Engineering,120,,,,,,,,,,,,,,Contact College,,,AICTE Official Institutional Disclosures,2021,,,,,,,,,,,,,,,,https://www.aicte-india.org,False,Medium,False
1-44644705839,SAZOLIE COLLEGE,"Nagaland University, Lumami",Govt aided,Government,Nagaland,Kohima,KOHIMA,"PHEZHU, JOTSOMA",,,,AICTE Approved,Under Graduate,Bba,60,,,,,,,,,,,,,,Contact College,,,AICTE Official Institutional Disclosures,2021,,,,,,,,,,,,,,,,https://www.aicte-india.org,False,Medium,False
1-44644475500,C EDGE COLLEGE,Central University Nagaland,Govt aided,Government,Nagaland,Dimapur,DIMAPUR,NAGA UNITED VILLAGE,,,,AICTE Approved,Under Graduate,Bba,50,,,,,,,,,,,,,,Contact College,,,AICTE Official Institutional Disclosures,2021,,,,,,,,,,,,,,,,https://www.aicte-india.org,False,Medium,False
1-44889036883,EASTERN CHRISTIAN COLLEGE,"Nagaland University, Lumami",Private-Self Financing,Private,Nagaland,Dimapur,DIMAPUR,PADUMPUKHURI,,,,AICTE Approved,Under Graduate,Bba,30,,,,,,,,,,,,,,Contact College,,,AICTE Official Institutional Disclosures,2021,,,,,,,,,,,,,,,,https://www.aicte-india.org,False,Medium,False
1-44638732887,INSTITUTE OF CHEMICAL TECHNOLOGY MUMBAI IOC ODISHA OFF CAMPUS,NOT APPLICABLE,Deemed to be University(Govt),Government,Odisha,Khordha,KHORDHA,"INDIAN INSTITUTE OF TECHNOLOGY, KHARAGPUR EXTENSION CENTRE, MOUZA SAMANTAPURI, BHUBANESWAR 751013",,,,AICTE Approved,Integrated; Post Graduate,Chemical Engineering; Food Engineering And Technology; Petrochemical Engineering; Pharmaceuticals Chemistry And Technology,114,,,,,,,,,,,,,,Contact College,,,AICTE Official Institutional Disclosures,2021,,,,,,,,,,,,,,,,https://www.aicte-india.org,False,Medium,False
1-44638431847,SARASWAT INSTITUTE OF MANAGEMENT,"Biju Patnaik University of Technology, Bhubaneswar",Private-Self Financing,Private,Odisha,Khordha,KHORDHA,"KERANDA, BAJPUR, BHUBANESWAR - 752060",,,,AICTE Approved,Post Graduate,Mba,180,,,,,,,,,,,,,,Contact College,,,AICTE Official Institutional Disclosures,2021,,,,,,,,,,,,,,,,https://www.aicte-india.org,False,Medium,False
1-44638463990,ASIAN SCHOOL OF MANAGEMENT,"Biju Patnaik University of Technology, Bhubaneswar",Private-Self Financing,Private,Odisha,Khordha,KHORDHA,"AT- BANTALA, PO - MUKTAPUR",,,,AICTE Approved,Post Graduate,Mba,120,,,,,,,,,,,,,,Contact College,,,AICTE Official Institutional Disclosures,2021,,,,,,,,,,,,,,,,https://www.aicte-india.org,False,Medium,False
1-44644393803,IMPERIAL COLLEGE,"Sambalpur University, Sambalpur",Private-Self Financing,Private,Odisha,Bargarh,BARGARH,"AT.VIDYA VIHAR, NEAR NEW GOVT HOSPITAL,  PO. CHADEIGAON, VIA BHATLI",,,,AICTE Approved,Under Graduate,Bba; Bca,160,,,,,,,,,,,,,,Contact College,,,AICTE Official Institutional Disclosures,2021,,,,,,,,,,,,,,,,https://www.aicte-india.org,False,Medium,False
1-44608218934,ARKA ACADEMY OF MANAGEMENT STUDIES,"Utkal University, Bhubaneswar",Private-Self Financing,Private,Odisha,Kendrapara,KENDRAPARA,DUHURIA KENDRAPARA,,,,AICTE Approved,Under Graduate,Bba; Bca,240,,,,,,,,,,,,,,Contact College,,,AICTE Official Institutional Disclosures,2021,,,,,,,,,,,,,,,,https://www.aicte-india.org,False,Medium,False
1-44638889090,SRI INSTITUTE OF MANAGEMENT,"Biju Patnaik University of Technology, Bhubaneswar",Private-Self Financing,Private,Odisha,Nayagarh,NAYAGARH,"PLOT NO- 3287/3603, AT/PO:KOMAND",,,,AICTE Approved,Post Graduate,Masters In Business Administration; Mba (Marketing Management),240,,,,,,,,,,,,,,Contact College,,,AICTE Official Institutional Disclosures,2021,,,,,,,,,,,,,,,,https://www.aicte-india.org,False,Medium,False
1-44644920830,VIVEKANAND INSTITUTE OF ADVANCED EDUCATIONAL RESEARCH AND TECHNOLOGY,"Utkal University, Bhubaneswar",Private-Self Financing,Private,Odisha,Khordha,KHORDHA,"SWAMI VIVEKANAND NAGAR, TANGIAPADA, KHORDHA",,,,AICTE Approved,Under Graduate,Bba; Bca,80,,,,,,,,,,,,,,Contact College,,,AICTE Official Institutional Disclosures,2021,,,,,,,,,,,,,,,,https://www.aicte-india.org,False,Medium,False
1-44644911041,AJAY BINAY DEGREE COLLEGE,"Utkal University, Bhubaneswar",Private-Self Financing,Private,Odisha,Cuttack,CUTTACK,"SECTOR-1, CDA",,,,AICTE Approved,Under Graduate,Bba; Bca,120,,,,,,,,,,,,,,Contact College,,,AICTE Official Institutional Disclosures,2021,,,,,,,,,,,,,,,,https://www.aicte-india.org,False,Medium,False
1-44639760512,NILACHALA POLYTECHNIC COLLEGE OF ENGINEERING,"Directorate of Technical Education , Odisha",Private-Self Financing,Private,Odisha,Khordha,KHORDHA,"540/1780 , PATHAR GADIA , NEAR INFOCITY & SIKHARCHANDI TEMPLE PO:KIIT",,,,AICTE Approved,Diploma; Under Graduate,Civil Engineering; Computer Science & Engineering; Computer Science And Engineering; Electrical Engineering; Mechanical Engineering,450,,,,,,,,,,,,,,Contact College,,,AICTE Official Institutional Disclosures,2021,,,,,,,,,,,,,,,,https://www.aicte-india.org,False,Medium,False
1-44788437118,UTKAL UNIVERSITY,"Utkal University, Bhubaneswar",State Government University,Government,Odisha,Khordha,KHORDHA,"UTKAL UNIVERSITY CAMPUS, VANIVIHAR, BHUBANESWAR, 751004",,,,AICTE Approved,Integrated; Post Graduate,Bba/Mba; Computer Science; Master Of Computer Applications (Integrated); Mba; Mba (Agribusiness Management); Mba (Financial Management); Mba (Rural Management); Mca,376,,,,,,,,,,,,,,Contact College,,,AICTE Official Institutional Disclosures,2021,,,,,,,,,,,,,,,,https://www.aicte-india.org,False,Medium,False
1-44644277778,ARYA SCHOOL OF MANAGEMENT AND INFORMATION TECHNOLOGY,"Utkal University, Bhubaneswar",Private-Self Financing,Private,Odisha,Khordha,KHORDHA,PLOT NO-320/2686 PATRAPADA BEHIND SHANI TEMPLE BHUBANESWAR,,,,AICTE Approved,Under Graduate,Bba; Bca,90,,,,,,,,,,,,,,Contact College,,,AICTE Official Institutional Disclosures,2021,,,,,,,,,,,,,,,,https://www.aicte-india.org,False,Medium,False
1-44644845792,GAYATRI INSTITUTE OF SCIENCE AND TECHNOLOGY,"Berhampur University,Berhampur",Private-Self Financing,Private,Odisha,Ganjam,GANJAM,"GANJU,BRAHMAPUR",,,,AICTE Approved,Under Graduate,Bba; Bca,280,,,,,,,,,,,,,,Contact College,,,AICTE Official Institutional Disclosures,2021,,,,,,,,,,,,,,,,https://www.aicte-india.org,False,Medium,False
1-44643713611,BIJU PATNAIK INSTITUTE OF INFORMATION TECHNOLOGY AND MANAGEMENT STUDIES,"Biju Patnaik University of Technology, Bhubaneswar",Private-Self Financing,Private,Odisha,Khordha,KHORDHA,"PLOT NO. -F/4, CHANDAKA IND. ESTATE, OPP. OF INFOCITY, PATIA, BHUBANESWAR-751024",,,,AICTE Approved,Integrated; Post Graduate,Master Of Business Administration (Integrated); Mba; Mba(Business Administration),300,,,,,,,,,,,,,,Contact College,,,AICTE Official Institutional Disclosures,2021,,,,,,,,,,,,,,,,https://www.aicte-india.org,False,Medium,False
1-44645031987,MICROSOLUTION'S COMPUTER ACADEMY,"Fakir Mohan University, Balasore",Private-Self Financing,Private,Odisha,Balasore,BALASORE,AT - BAMPADA PO - CHHANPUR VIA - KURUDA,,,,AICTE Approved,Under Graduate,Bca,30,,,,,,,,,,,,,,Contact College,,,AICTE Official Institutional Disclosures,2021,,,,,,,,,,,,,,,,https://www.aicte-india.org,False,Medium,False
1-44642629396,SYNERGY INSTITUTE OF TECHNOLOGY,"Biju Patnaik University of Technology, Bhubaneswar",Private-Self Financing,Private,Odisha,Khordha,KHORDHA,"AT: BHIMPUR, VIA: PHULNAKHARA, PO: PAHALA, BHUBANESWAR, DIST: KHURDA, ORISSA, INDIA",,,,AICTE Approved,Under Graduate,Civil Engineering; Computer Science And Engineering; Electrical Engineering; Mechanical Engineering,360,,,,,,,,,,,,,,Contact College,,,AICTE Official Institutional Disclosures,2021,,,,,,,,,,,,,,,,https://www.aicte-india.org,False,Medium,False
1-44644162166,MITS SCHOOL OF BIOTECHNOLOGY,"Utkal University, Bhubaneswar",Private-Self Financing,Private,Odisha,Khordha,KHORDHA,"2(P), INFOCITY, PATIA, CHANDAKA INDUSTRIAL ESTATE, BHUBANESWAR",,,,AICTE Approved,Under Graduate,Bba; Bca,300,,,,,,,,,,,,,,Contact College,,,AICTE Official Institutional Disclosures,2021,,,,,,,,,,,,,,,,https://www.aicte-india.org,False,Medium,False
1-44639917210,BALASORE COLLEGE OF ENGINEERING AND TECHNOLOGY,"Biju Patnaik University of Technology, Bhubaneswar",Private-Self Financing,Private,Odisha,Balasore,BALASORE,SERGARH BALASORE ORISSA PIN-756060,,,,AICTE Approved,Post Graduate; Under Graduate,Civil Engineering; Computer Science And Engineering; Electrical Engineering; Electronics And Telecommunications Engineering; Heat Power And Thermal Engineering; Masters In Computer Applications; Mba; Mechanical Engineering,528,,,,,,,,,,,,,,Contact College,,,AICTE Official Institutional Disclosures,2021,,,,,,,,,,,,,,,,https://www.aicte-india.org,False,Medium,False
1-44644732976,RAJA KISHORE CHANDRA ACADEMY OF TECHNOLOGY,"Fakir Mohan University, Balasore",Private-Self Financing,Private,Odisha,Balasore,BALASORE,"AT/PO- NILGIRI, DIST- BALASORE, ODISHA, PIN-756040",,,,AICTE Approved,Under Graduate,Bba; Bca,120,,,,,,,,,,,,,,Contact College,,,AICTE Official Institutional Disclosures,2021,,,,,,,,,,,,,,,,https://www.aicte-india.org,False,Medium,False
1-44641876014,GANDHI INSTITUTE OF SCIENCE AND TECHNOLOGY,"Biju Patnaik University of Technology, Bhubaneswar",Private-Self Financing,Private,Odisha,Rayagada,RAYAGADA,AT. KHOLIGUDA PO. KOTHAPETA DIST. RAYAGADA ORISSA PIN.765017,,,,AICTE Approved,Diploma; Under Graduate,Civil Engineering; Computer Science & Engineering; Electrical And Electronics Engineering; Electrical Engineering; Mechanical Engineering,480,,,,,,,,,,,,,,Contact College,,,AICTE Official Institutional Disclosures,2021,,,,,,,,,,,,,,,,https://www.aicte-india.org,False,Medium,False
1-44640796888,"KALLINGA GLOBAL INSTITUTE OF TECHNOLOGY, INNOVATION & MANAGEMENT","Directorate of Technical Education & Training, Odisha",Private-Self Financing,Private,Odisha,Jajpur,JAJPUR,"AT:TARAPUR, PO:LAXMINAGAR",,,,AICTE Approved,Diploma; Post Diploma; Post Graduate; Under Graduate,Bba; Bca; Civil Engineering; Computer Science; Electrical Engineering; Industrial Safety; Mba; Mca; Mechanical Engineering; Metallurgy,1530,,,,,,,,,,,,,,Contact College,,,AICTE Official Institutional Disclosures,2021,,,,,,,,,,,,,,,,https://www.aicte-india.org,False,Medium,False
1-44643280866,DHENKANAL AUTONOMOUS COLLEGE,"Utkal University, Bhubaneswar",Government,Government,Odisha,Dhenkanal,DHENKANAL,AT/PO-DHENKANAL DHENKANAL ODISHA,,,,AICTE Approved,Post Graduate,Mba,60,,,,,,,,,,,,,,Contact College,,,AICTE Official Institutional Disclosures,2021,,,,,,,,,,,,,,,,https://www.aicte-india.org,False,Medium,False
1-44642831250,GAYATRI INSTITUTE OF COMPUTER AND MANAGEMENT STUDIES (GICMS),"Biju Patnaik University of Technology, Bhubaneswar",Private-Self Financing,Private,Odisha,Rayagada,RAYAGADA,GYAN VIHAR  AT : REGEDA  PO: GUNUPUR  DIST: RAYAGADA (ODISHA) PIN - 765022,,,,AICTE Approved,Post Graduate,Masters In Computer Applications; Mba,105,,,,,,,,,,,,,,Contact College,,,AICTE Official Institutional Disclosures,2021,,,,,,,,,,,,,,,,https://www.aicte-india.org,False,Medium,False
1-44643060122,BHUBANESWAR ENGINEERING COLLEGE (BEC),"Biju Patnaik University of Technology, Bhubaneswar",Private-Self Financing,Private,Odisha,Khordha,KHORDHA,"NK NAGAR,AT-GRAMADIHA,PITTAPALLY BHUBANESWAR",,,,AICTE Approved,Diploma; Post Graduate; Under Graduate,Aeronautical Engineering; Agriculture Engineering; Aircraft Maintenance Engineering; Civil And Environmental Engineering; Civil Engineering; Computer Science And Engineering; Computer Science And Engineering (Data Science); Electrical And Computer Engineering; Electrical Engineering; Food Engineering And Technology,900,,,,,,,,,,,,,,Contact College,,,AICTE Official Institutional Disclosures,2021,,,,,,,,,,,,,,,,https://www.aicte-india.org,False,Medium,False
1-44644394871,LAKSHYA INSTITUTE OF TECHNOLOGY,"Utkal University, Bhubaneswar",Private-Self Financing,Private,Odisha,Khordha,KHORDHA,"PLOT NO.M4/46, ACHARYA VIHAR, BHUBANESWAR",,,,AICTE Approved,Under Graduate,Bca,120,,,,,,,,,,,,,,Contact College,,,AICTE Official Institutional Disclosures,2021,,,,,,,,,,,,,,,,https://www.aicte-india.org,False,Medium,False
1-44644463918,SBR GOVT. WOMEN'S COLLEGE,"Berhampur University,Berhampur",Government,Government,Odisha,Ganjam,GANJAM,INFRONT OF OSRTC GARRAGE,,,,AICTE Approved,Post Graduate; Under Graduate,Bba; Bca; Mba,280,,,,,,,,,,,,,,Contact College,,,AICTE Official Institutional Disclosures,2021,,,,,,,,,,,,,,,,https://www.aicte-india.org,False,Medium,False
1-44644531643,GANDHI ACADEMY OF TECHNOLOGY AND ENGINEERING,"Berhampur University,Berhampur",Private-Self Financing,Private,Odisha,Ganjam,GANJAM,"AT/PO GOLANTHARA, TAHASIL-KONISI",,,,AICTE Approved,Under Graduate,Bba; Bca,240,,,,,,,,,,,,,,Contact College,,,AICTE Official Institutional Disclosures,2021,,,,,,,,,,,,,,,,https://www.aicte-india.org,False,Medium,False
1-44644570126,BANKI COLLEGE AUTONOMOUS,"Utkal University, Bhubaneswar",Govt aided,Government,Odisha,Cuttack,CUTTACK,"AT/PO - BANKI , CUTTACK",,,,AICTE Approved,Under Graduate,Bba; Bca,120,,,,,,,,,,,,,,Contact College,,,AICTE Official Institutional Disclosures,2021,,,,,,,,,,,,,,,,https://www.aicte-india.org,False,Medium,False
1-44644975225,RJ SCHOOL OF MANAGEMENT STUDIES,"Fakir Mohan University, Balasore",Private-Self Financing,Private,Odisha,Balasore,BALASORE,"CHANDIPUR SEA BEACH ROAD, TENTULIPURA, GACHHAMALIA",,,,AICTE Approved,Under Graduate,Bba,30,,,,,,,,,,,,,,Contact College,,,AICTE Official Institutional Disclosures,2021,,,,,,,,,,,,,,,,https://www.aicte-india.org,False,Medium,False
1-44643004468,NIIS INSTITUTE OF BUSINESS ADMINISTRATION,"Biju Patnaik University of Technology, Bhubaneswar",Private-Self Financing,Private,Odisha,Khordha,KHORDHA,SARADA VIHAR  MADANPUR  BHUBANESWAR DIST: KHURDA  PIN: 752054,,,,AICTE Approved,Post Graduate; Under Graduate,Bca; Masters In Computer Applications; Mba,480,,,,,,,,,,,,,,Contact College,,,AICTE Official Institutional Disclosures,2021,,,,,,,,,,,,,,,,https://www.aicte-india.org,False,Medium,False
1-44643217197,NIGAM INSITUTE OF ENGINEERING & TECHNOLOGY,"Biju Patnaik University of Technology, Bhubaneswar",Private-Self Financing,Private,Odisha,Cuttack,CUTTACK,BARANGA CUTTACK,,,,AICTE Approved,Diploma; Post Graduate; Under Graduate,Artificial Intelligence (Ai) And Machine Learning; Automobile Engineering; Civil Engineering; Computer Science & Engineering; Electrical And Electronics Engineering; Electrical Engineering; Electronics And Telecommunication Engineering; Mechanical Engineering; Metallurgical Engineering; Power Electronics And Drives,816,,,,,,,,,,,,,,Contact College,,,AICTE Official Institutional Disclosures,2021,,,,,,,,,,,,,,,,https://www.aicte-india.org,False,Medium,False
1-44642537767,SUBAS INSTITUTE OF TECHNOLOGY,"Biju Patnaik University of Technology, Bhubaneswar",Private-Self Financing,Private,Odisha,Khordha,KHORDHA,GYAN VIHAR BARANG BHUBANESWAR,,,,AICTE Approved,Under Graduate,Civil Engineering; Computer Science And Engineering; Electrical And Electronics Engineering; Electronics And Telecommunications Engineering; Information Technology; Mechanical Engineering,315,,,,,,,,,,,,,,Contact College,,,AICTE Official Institutional Disclosures,2021,,,,,,,,,,,,,,,,https://www.aicte-india.org,False,Medium,False
1-44643578215,MAHAVIR INSTITUTE OF ENGINEERING AND TECHNOLOGY,"Biju Patnaik University of Technology, Bhubaneswar",Private-Self Financing,Private,Odisha,Khordha,KHORDHA,"MAHAVIR NAGAR, BHUBANESWAR, PANIORA, PO-PALASHPUR, DIST-KHURDA PIN-752054, ORISSA",,,,AICTE Approved,Post Graduate; Under Graduate,Applied Electronics And Instrumentation Engineering; Biomedical Engineering; Civil Engineering; Computer Engineering; Computer Science And Engineering; Electrical And Electronics Engineering; Electronics And Telecommunications Engineering; Information Technology; Masters In Computer Applications; Mba,482,,,,,,,,,,,,,,Contact College,,,AICTE Official Institutional Disclosures,2021,,,,,,,,,,,,,,,,https://www.aicte-india.org,False,Medium,False
1-44642704496,COLLEGE OF IT & MANAGEMENT EDUCATION,"Biju Patnaik University of Technology, Bhubaneswar",Government,Government,Odisha,Khordha,KHORDHA,"PLOT NOT.4, SECTOR-A, ZONE-B, MANCHESWAR INDUSTRIAL ESTATE",,,,AICTE Approved,Post Graduate,Masters In Computer Applications; Mba,300,,,,,,,,,,,,,,Contact College,,,AICTE Official Institutional Disclosures,2021,,,,,,,,,,,,,,,,https://www.aicte-india.org,False,Medium,False
1-44643213801,DRIEMS UNIVERSITY,"DRIEMS University, Odisha",State Private University,Private,Odisha,Cuttack,CUTTACK,"AT- KAIRAPARI, PO- KOTSAHI (TANGI), DIST- CUTTACK, PIN - 754022",,,,AICTE Approved,Post Graduate; Under Graduate,Civil Engineering; Civil Engineering (Construction Technology); Civil Engineering (Transportation Engineering); Computer Science And Engineering; Computer Science And Engineering (Artificial Intelligence And Machine Learning); Computer Science And Engineering (Cyber Security); Computer Science And Engineering (Data Science); Computer Science And Engineering (Internet Of Things); Computer Science And Information Technology; Data Sciences,1389,,,,,,,,,,,,,,Contact College,,,AICTE Official Institutional Disclosures,2021,,,,,,,,,,,,,,,,https://www.aicte-india.org,False,Medium,False
1-44643260769,ACADEMY OF BUSINESS ADMINISTRATION,"Biju Patnaik University of Technology, Bhubaneswar",Private-Self Financing,Private,Odisha,Balasore,BALASORE,"CORPORATE OFFICE S1/25, INDUSTRIAL ESTATE,BALASORE-756001 CAMPUS : HARIDA, KURUDA, BALASORE -756056",,,,AICTE Approved,Post Graduate,Computer Applications; Mba,180,,,,,,,,,,,,,,Contact College,,,AICTE Official Institutional Disclosures,2021,,,,,,,,,,,,,,,,https://www.aicte-india.org,False,Medium,False
1-44643048274,REGIONAL COLLEGE OF MANAGEMENT,"Biju Patnaik University of Technology, Bhubaneswar",Private-Self Financing,Private,Odisha,Khordha,KHORDHA,"CHAKADOLA VIHAR, CHANDRASEKHARPUR,",,,,AICTE Approved,Post Graduate; Under Graduate,Bba; Bca; Mba; Mca,540,,,,,,,,,,,,,,Contact College,,,AICTE Official Institutional Disclosures,2021,,,,,,,,,,,,,,,,https://www.aicte-india.org,False,Medium,False
1-44644517643,NALANDA INSTITUTE OF PROFESSIONAL STUDIES,"Utkal University, Bhubaneswar",Private-Self Financing,Private,Odisha,Khordha,KHORDHA,"BUDDHIST VILLA, CHANDAKA",,,,AICTE Approved,Under Graduate,Bba; Bca,160,,,,,,,,,,,,,,Contact College,,,AICTE Official Institutional Disclosures,2021,,,,,,,,,,,,,,,,https://www.aicte-india.org,False,Medium,False
1-44642490128,C.V. RAMAN GLOBAL UNIVERSITY,NOT APPLICABLE,State Private University,Private,Odisha,Khordha,KHORDHA,BIDYANAGAR MAHURA JANLA BHUBANESWAR - 752054,,,,AICTE Approved,Diploma; Post Graduate; Under Graduate,Artificial Intelligence And Data Science; Bba; Bca; Chemical Engineering; Civil Engineering; Computer Science And Engineering; Computer Science And Engineering (Data Science); Computer Science And Engineering (Internet Of Things And Cyber Security Including Block Chain Techno; Computer Science And Engineering(Artificial Intelligence And Machine Learning); Computer Science And Information Technology,1662,,,,,,,,,,,,,,Contact College,,,AICTE Official Institutional Disclosures,2021,,,,,,,,,,,,,,,,https://www.aicte-india.org,False,Medium,False
1-44644527817,INDIAN INSTITUTE OF MANAGEMENT AND SCIENCE,"Utkal University, Bhubaneswar",Private-Self Financing,Private,Odisha,Khordha,KHORDHA,"PLOT NO-622, PALASPUR, CHHATABAR, JATNI, DIST-KHORDHA",,,,AICTE Approved,Under Graduate,Bba; Bca,300,,,,,,,,,,,,,,Contact College,,,AICTE Official Institutional Disclosures,2021,,,,,,,,,,,,,,,,https://www.aicte-india.org,False,Medium,False
1-44644883670,SALIPUR AUTONOMOUS COLLEGE,"Utkal University, Bhubaneswar",Govt aided,Government,Odisha,Cuttack,CUTTACK,"AT-BALISAHI PO-SALIPUR, DIST-CUTTACK",,,,AICTE Approved,Under Graduate,Bca,32,,,,,,,,,,,,,,Contact College,,,AICTE Official Institutional Disclosures,2021,,,,,,,,,,,,,,,,https://www.aicte-india.org,False,Medium,False
1-44644976447,SUDHA KIRAN DEGREE COLLEGE,"Berhampur University,Berhampur",Private-Self Financing,Private,Odisha,Kandhamal,KANDHAMAL,AT-RAIKIA PO-RAIKIA DIST-KANDHAMAL,,,,AICTE Approved,Under Graduate,Bca,80,,,,,,,,,,,,,,Contact College,,,AICTE Official Institutional Disclosures,2021,,,,,,,,,,,,,,,,https://www.aicte-india.org,False,Medium,False
1-44643361547,TRIDENT ACADEMY OF CREATIVE TECHNOLOGY,"Biju Patnaik University of Technology, Bhubaneswar",Private-Self Financing,Private,Odisha,Khordha,KHORDHA,"F2/B, CHANDAKA INDUSTRIAL ESTATE, INFRONT OF INFOCITY, CHANDRASEKHARPUR, BHUBANESWAR, PIN-751024",,,,AICTE Approved,Post Graduate,Masters In Computer Applications; Mba,360,,,,,,,,,,,,,,Contact College,,,AICTE Official Institutional Disclosures,2021,,,,,,,,,,,,,,,,https://www.aicte-india.org,False,Medium,False
1-44644187777,GOVERNMENT AUTONOMOUS COLLEGE ROURKLEA,"Sambalpur University, Sambalpur",Government,Government,Odisha,Sundergarh,SUNDERGARH,GOVERNMENT AUTONOMOUS COLLEGE PANPOSH ROURKELA,,,,AICTE Approved,Under Graduate,Bca,60,,,,,,,,,,,,,,Contact College,,,AICTE Official Institutional Disclosures,2021,,,,,,,,,,,,,,,,https://www.aicte-india.org,False,Medium,False
1-44644042580,SAMBALPUR UNIVERSITY INSTITUTE OF INFORMATION TECHNOLOGY,"Sambalpur University, Sambalpur",State Government University,Government,Odisha,Sambalpur,SAMBALPUR,"JYOTI VIHAR, BURLA ODISHA-768019",,,,AICTE Approved,Post Graduate; Under Graduate,Computer Science & Engineering; Computer Science And Engineering (Artificial Intelligence And Machine Learning); Computer Science And Engineering (Cyber Security); Electrical And Electronics Engineering; Electronics & Communication Engg; Mca,330,,,,,,,,,,,,,,Contact College,,,AICTE Official Institutional Disclosures,2021,,,,,,,,,,,,,,,,https://www.aicte-india.org,False,Medium,False
1-44643339592,NIIS INSTITUTE OF ENGINEERING & TECHNOLOGY,"Biju Patnaik University of Technology, Bhubaneswar",Private-Self Financing,Private,Odisha,Khordha,KHORDHA,AT-CHHATABAR P.O.-CHHATABAR VIA-JANLA(BHUBANESWAR) DIST-KHURDA,,,,AICTE Approved,Diploma; Post Graduate; Under Graduate,Civil Engineering; Computer Science And Engineering; Computer Science And Engineering (Artificial Intelligence And Machine Learning); Electrical And Electronics Engineering; Electrical Engineering; Electronics And Computer Engineering; Mca; Mechanical Engineering,840,,,,,,,,,,,,,,Contact College,,,AICTE Official Institutional Disclosures,2021,,,,,,,,,,,,,,,,https://www.aicte-india.org,False,Medium,False
1-44671796852,VISHWA VINAYAK DEGREE COLLEGE,"North Orissa University, Baripada",Private-Self Financing,Private,Odisha,Kendujharâ (Keonjhar),KENDUJHARÂ (KEONJHAR),KHIREITANGIRI,,,,AICTE Approved,Under Graduate,Bba; Bca,120,,,,,,,,,,,,,,Contact College,,,AICTE Official Institutional Disclosures,2021,,,,,,,,,,,,,,,,https://www.aicte-india.org,False,Medium,False
1-44644872798,EMINENCE ACADEMY,"Fakir Mohan University, Balasore",Private-Self Financing,Private,Odisha,Bhadrak,BHADRAK,"SAMARAIPUR, BHADRAK",,,,AICTE Approved,Under Graduate,Bba; Bca,92,,,,,,,,,,,,,,Contact College,,,AICTE Official Institutional Disclosures,2021,,,,,,,,,,,,,,,,https://www.aicte-india.org,False,Medium,False
1-44641945881,"BHADRAK INSTITUTE OF ENGINEERING & TECHNOLOGY, BARAPADA, BHADRAK","Biju Patnaik University of Technology, Bhubaneswar",Private-Self Financing,Private,Odisha,Bhadrak,BHADRAK,"AT/PO- BARAPADA, BHADRAK DIST- BHADRAK PIN - 756113 ORISSA, INDIA",,,,AICTE Approved,Post Graduate; Under Graduate,Civil Engineering; Computer Science & Engineering; Computer Science And Engineering; Electrical Engineering; Electronics And Telecommunications Engineering; Information Technology; Mechanical Engineering,338,,,,,,,,,,,,,,Contact College,,,AICTE Official Institutional Disclosures,2021,,,,,,,,,,,,,,,,https://www.aicte-india.org,False,Medium,False
1-44644867188,GOVERNMENT AUTONOMOUS COLLEGE PHULBANI,"Berhampur University,Berhampur",Government,Government,Odisha,Kandhamal,KANDHAMAL,TERAGUDA PHULBANI,,,,AICTE Approved,Under Graduate,Bca,60,,,,,,,,,,,,,,Contact College,,,AICTE Official Institutional Disclosures,2021,,,,,,,,,,,,,,,,https://www.aicte-india.org,False,Medium,False
1-44644318587,SRUSTI ACADEMY OF MANAGEMENT,"Utkal University, Bhubaneswar",Private-Self Financing,Private,Odisha,Khordha,KHORDHA,"38/1, CHANDAKA INDUSTRIAL ESTATE, NEAR INFOCITY, PATIA",,,,AICTE Approved,Under Graduate,Bba; Bca,120,,,,,,,,,,,,,,Contact College,,,AICTE Official Institutional Disclosures,2021,,,,,,,,,,,,,,,,https://www.aicte-india.org,False,Medium,False
1-44641675927,IIPM SCHOOL OF MANAGEMENT,"Biju Patnaik University of Technology, Bhubaneswar",Private-Self Financing,Private,Odisha,Sundergarh,SUNDERGARH,AT/PO: KANSBAHAL NEAR ROURKELA DIST. SUNDARGARH ORISSA  PIN-770034,,,,AICTE Approved,Post Graduate,Mba,60,,,,,,,,,,,,,,Contact College,,,AICTE Official Institutional Disclosures,2021,,,,,,,,,,,,,,,,https://www.aicte-india.org,False,Medium,False
1-44643033435,GURUKULA INSTITUTE OF TECHNOLOGY,"Biju Patnaik University of Technology, Bhubaneswar",Private-Self Financing,Private,Odisha,Khordha,KHORDHA,"JAMUJHARI, CHHATABAR",,,,AICTE Approved,Post Graduate; Under Graduate,Civil Engineering; Computer Science And Engineering; Electrical And Electronics Engineering; Electronics And Communications Engineering; Mba; Mechanical Engineering,171,,,,,,,,,,,,,,Contact College,,,AICTE Official Institutional Disclosures,2021,,,,,,,,,,,,,,,,https://www.aicte-india.org,False,Medium,False
1-44641731592,ODISHA UNIVERSITY OF TECHNOLOGY AND RESEARCH,Odisha University of Technology and Research (OUTR),State Government University,Government,Odisha,Khordha,KHORDHA,"GHATIKIA, BHUBANESWAR-751003",,,,AICTE Approved,Post Graduate; Under Graduate,Biotechnology; Chemical Processing In Textiles; Civil Engineering; Computer Engineering; Computer Science & Engineering; Computer Science And Engineering (Artificial Intelligence And Machine Learning); Construction Engineering And Management; Electrical Engineering; Electronics & Communication Engg; Electronics & Communication Engineering,1572,,,,,,,,,,,,,,Contact College,,,AICTE Official Institutional Disclosures,2021,,,,,,,,,,,,,,,,https://www.aicte-india.org,False,Medium,False
1-44644389246,COLLEGE OF MANAGEMENT AND TECHNOLOGY,"Utkal University, Bhubaneswar",Private-Self Financing,Private,Odisha,Puri,PURI,"AT- BALIGHAT, PURI-KONARK MARINE DRIVE ROAD, PURI",,,,AICTE Approved,Under Graduate,Bba; Bca,120,,,,,,,,,,,,,,Contact College,,,AICTE Official Institutional Disclosures,2021,,,,,,,,,,,,,,,,https://www.aicte-india.org,False,Medium,False
1-44644914848,INSTITUTE OF PROFESSIONAL LEARNING,"Utkal University, Bhubaneswar",Private-Self Financing,Private,Odisha,Khordha,KHORDHA,"PLOT NO 340, PRADHAN SAHI, BARAMUNDA, BHUBANESWAR",,,,AICTE Approved,Under Graduate,Bba; Bca,180,,,,,,,,,,,,,,Contact College,,,AICTE Official Institutional Disclosures,2021,,,,,,,,,,,,,,,,https://www.aicte-india.org,False,Medium,False
1-44644635487,SRI SRI UNIVERSITY. FACULTY OF MANAGEMENT STUDIES,Sri Sri University,Private-Self Financing,Private,Odisha,Cuttack,CUTTACK,"BIDYADHARPUR, WARD NO.3 PO GODISAHI",,,,AICTE Approved,Under Graduate,Bba,120,,,,,,,,,,,,,,Contact College,,,AICTE Official Institutional Disclosures,2021,,,,,,,,,,,,,,,,https://www.aicte-india.org,False,Medium,False
1-44641975664,GANDHI INSTITUTE OF EXCELLENT TECHNOCRATS,"Biju Patnaik University of Technology, Bhubaneswar",Private-Self Financing,Private,Odisha,Khordha,KHORDHA,"PRINCES AVENUE, GHANGAPATNA, BHUBANESWAR, PO:KANTABADA, VIA:JANLA, DIST:KHURDA",,,,AICTE Approved,Diploma; Post Graduate; Under Graduate,Artificial Intelligence And Machine Learning; Bba; Bca; Civil Engineering; Computer Science & Engineering; Computer Science And Engineering; Computer Science And Engineering (Artificial Intelligence And Machine Learning); Computer Science And Engineering (Artificial Intelligence); Construction Technology And Management; Electrical And Electronics Engineering,1314,,,,,,,,,,,,,,Contact College,,,AICTE Official Institutional Disclosures,2021,,,,,,,,,,,,,,,,https://www.aicte-india.org,False,Medium,False
1-44639637595,KMBB COLLEGE OF ENGINEERING AND TECHNOLOGY,"Biju Patnaik University of Technology, Bhubaneswar",Private-Self Financing,Private,Odisha,Khordha,KHORDHA,"NH-5, DALEIPUT, KHURDA, PIN-752056 ORISSA",,,,AICTE Approved,Under Graduate,Civil Engineering; Computer Science & Engineering; Electrical Engineering; Electronics And Communications Engineering; Mechanical Engineering,300,,,,,,,,,,,,,,Contact College,,,AICTE Official Institutional Disclosures,2021,,,,,,,,,,,,,,,,https://www.aicte-india.org,False,Medium,False
1-44638887752,PRESIDENCY COLLEGE,"Biju Patnaik University of Technology, Bhubaneswar",Private-Self Financing,Private,Odisha,Ganjam,GANJAM,"VILLAGE-KANISI,SIHALA ROAD, PO-SUNADEI, KONISI",,,,AICTE Approved,Post Graduate,Mba; Mba (Artificial Intelligence And Data Science); Mba(Logistics And Supply Chain Management); Mca,420,,,,,,,,,,,,,,Contact College,,,AICTE Official Institutional Disclosures,2021,,,,,,,,,,,,,,,,https://www.aicte-india.org,False,Medium,False
1-44642699139,"AJAY BINAY INSTITUTE OF TECHNOLOGY , CUTTACK","Biju Patnaik University of Technology, Bhubaneswar",Private-Self Financing,Private,Odisha,Cuttack,CUTTACK,"SECTOR-I,CDA , CUTTACK-753014",,,,AICTE Approved,Post Graduate; Under Graduate,Civil Engineering; Computer Science And Engineering; Electrical And Computer Engineering; Electrical Engineering; Electronics And Telecommunications Engineering; Masters In Computer Applications; Mba(General Management); Mechanical Engineering,498,,,,,,,,,,,,,,Contact College,,,AICTE Official Institutional Disclosures,2021,,,,,,,,,,,,,,,,https://www.aicte-india.org,False,Medium,False
1-44644970481,RAYAGADA GOVT AUTONOMOUS COLLEGE,"Berhampur University,Berhampur",Govt aided,Government,Odisha,Rayagada,RAYAGADA,"NEHRU NAGAR 2ND LANE, GANDHI NAGAR SCHOOL LANE",,,,AICTE Approved,Under Graduate,Bba; Bca,200,,,,,,,,,,,,,,Contact College,,,AICTE Official Institutional Disclosures,2021,,,,,,,,,,,,,,,,https://www.aicte-india.org,False,Medium,False
1-44671783884,SWAMI VIVEKANANDA MEMORIAL COLLEGE,"Utkal University, Bhubaneswar",Govt aided,Government,Odisha,Jagatsinghpur,JAGATSINGHPUR,"AT: COLLEGE SQUARE, NEAR INDOOR STADIUM, JAGATSINGHPUR",,,,AICTE Approved,Under Graduate,Bba; Bca,120,,,,,,,,,,,,,,Contact College,,,AICTE Official Institutional Disclosures,2021,,,,,,,,,,,,,,,,https://www.aicte-india.org,False,Medium,False
1-44500033354,NIGAMANANDA INSTITUTE OF MANAGEMENT STUDIES,"Utkal University, Bhubaneswar",Private-Self Financing,Private,Odisha,Khordha,KHORDHA,"PLOT NO.426 K-3(B), GHATIKIA, BHUBANESWAR, KHURDHA,ODISHA",,,,AICTE Approved,Under Graduate,Bba; Bca,180,,,,,,,,,,,,,,Contact College,,,AICTE Official Institutional Disclosures,2021,,,,,,,,,,,,,,,,https://www.aicte-india.org,False,Medium,False
1-44638471889,MAHARAJA BUSINESS SCHOOL,"Biju Patnaik University of Technology, Bhubaneswar",Private-Self Financing,Private,Odisha,Khordha,KHORDHA,"GAMAI, PO-GANGAPADA, VIA- JANLA",,,,AICTE Approved,Post Graduate,Mba (Human Resource Management); Mba(Finance Management); Mba(International Business); Mba(Marketing Management),300,,,,,,,,,,,,,,Contact College,,,AICTE Official Institutional Disclosures,2021,,,,,,,,,,,,,,,,https://www.aicte-india.org,False,Medium,False
1-44644884941,IMPERIAL COLLEGE,"Berhampur University,Berhampur",Private-Self Financing,Private,Odisha,Ganjam,GANJAM,"NUAPADA, VIA-BALIPADA, TAHASIL-KUKUDAKHANDI",,,,AICTE Approved,Under Graduate,Bba; Bca,90,,,,,,,,,,,,,,Contact College,,,AICTE Official Institutional Disclosures,2021,,,,,,,,,,,,,,,,https://www.aicte-india.org,False,Medium,False
1-44644934893,RUSHIKULYA DEGREE COLLEGE,"Berhampur University,Berhampur",Govt aided,Government,Odisha,Ganjam,GANJAM,SURADA,,,,AICTE Approved,Under Graduate,Bca,60,,,,,,,,,,,,,,Contact College,,,AICTE Official Institutional Disclosures,2021,,,,,,,,,,,,,,,,https://www.aicte-india.org,False,Medium,False
1-44644533714,BADRIPRASAD COLLEGE OF COMPUTER TECHNOLOGY,"Sambalpur University, Sambalpur",Private-Self Financing,Private,Odisha,Sambalpur,SAMBALPUR,"AT-DEBAIPALI,MAJHIPALI CHOWK, PO-SASON, SAMBALPUR 0",,,,AICTE Approved,Under Graduate,Bba; Bca,100,,,,,,,,,,,,,,Contact College,,,AICTE Official Institutional Disclosures,2021,,,,,,,,,,,,,,,,https://www.aicte-india.org,False,Medium,False
1-44644518264,ASSTHACOLLEGEOFITANDMANAGEMENT,"Utkal University, Bhubaneswar",Private-Self Financing,Private,Odisha,Khordha,KHORDHA,"VANIVIHAR ,BHUBANESWAR",,,,AICTE Approved,Under Graduate,Bba; Bca,120,,,,,,,,,,,,,,Contact College,,,AICTE Official Institutional Disclosures,2021,,,,,,,,,,,,,,,,https://www.aicte-india.org,False,Medium,False
1-44644162842,CHRIST ARTS AND SCIENCE COLLEGE,"Pondicherry University, Pondicherry",Private-Self Financing,Private,Puducherry,Puducherry,PUDUCHERRY,"CHRIST CAMPUS, PITCHAVEERANPET, MULAKULAM, OULGARET MUNICIPALITY",,,,AICTE Approved,Under Graduate,Bba; Bca,120,,,,,,,,,,,,,,Contact College,,,AICTE Official Institutional Disclosures,2021,,,,,,,,,,,,,,,,https://www.aicte-india.org,False,Medium,False
1-44643636526,PERUNTHANALAIVAR KAMARAJAR INSTITUTE OF ENGINEERING AND TECHNOLOGY,Puducherry Technological University,Government,Government,Puducherry,Karaikal,KARAIKAL,"NEDUNGADU , KARAIKAL 609 603",,,,AICTE Approved,Under Graduate,Computer Science And Engineering; Electronics And Communication Engineering; Information Technology,180,,,,,,,,,,,,,,Contact College,,,AICTE Official Institutional Disclosures,2021,,,,,,,,,,,,,,,,https://www.aicte-india.org,False,Medium,False
1-44643810195,SARADHA GANGADHARAN COLLEGE,"Pondicherry University, Pondicherry",Private-Self Financing,Private,Puducherry,Puducherry,PUDUCHERRY,LAKE ROAD VELRAMPET PUDUCHERRY (PONDICHERRY) INDIA 605 004,,,,AICTE Approved,Under Graduate,Bba; Bca,150,,,,,,,,,,,,,,Contact College,,,AICTE Official Institutional Disclosures,2021,,,,,,,,,,,,,,,,https://www.aicte-india.org,False,Medium,False
1-44640152102,WOMENÃ¢â¬â¢S ENGINEERING COLLEGE,PUDUCHERRY TECHNOLOGICAL UNIVERSITY,Government,Government,Puducherry,Puducherry,PUDUCHERRY,"AIRPORT ROAD, LAWSPET,",,,,AICTE Approved,Under Graduate,Architectural Assistantship; Computer Science And Engineering; Electrical And Electronics Engineering; Electronics And Communication Engineering; Information Science And Engineering,300,,,,,,,,,,,,,,Contact College,,,AICTE Official Institutional Disclosures,2021,,,,,,,,,,,,,,,,https://www.aicte-india.org,False,Medium,False
1-44641561181,RAJIV GANDHI COLLEGE OF ENGINEERING AND TECHNOLOGY,"Pondicherry University, Pondicherry",Private-Self Financing,Private,Puducherry,Puducherry,PUDUCHERRY,"RS NO.25, PONDY-CUDDALOR E E.C. ROAD, KIRUMAMPAKKAM, PUDUCHERRY - 607 402",,,,AICTE Approved,Post Graduate; Under Graduate,Artificial Intelligence And Data Science; Artificial Intelligence And Machine Learning; Biomedical Engineering; Computer Science & Engineering; Computer Science And Engineering; Electronics & Communication Engg; Information Technology; Master Of Computer Applications; Mba; Wireless Communications,798,,,,,,,,,,,,,,Contact College,,,AICTE Official Institutional Disclosures,2021,,,,,,,,,,,,,,,,https://www.aicte-india.org,False,Medium,False
1-44644706581,ALPHA COLLEGE OF ARTS AND SCIENCE,"Pondicherry University, Pondicherry",Private-Self Financing,Private,Puducherry,Puducherry,PUDUCHERRY,KANIYAKOIL TO BAHOUR MAIN ROAD,,,,AICTE Approved,Under Graduate,Bca,40,,,,,,,,,,,,,,Contact College,,,AICTE Official Institutional Disclosures,2021,,,,,,,,,,,,,,,,https://www.aicte-india.org,False,Medium,False
1-44644153300,IDHAYA COLLEGE OF ARTS AND SCIENCE FOR WOMEN,"Pondicherry University, Pondicherry",Private-Self Financing,Private,Puducherry,Puducherry,PUDUCHERRY,"PAKKAMUDAYANPET, PUDUCHERRY - 605008",,,,AICTE Approved,Under Graduate,Bca,50,,,,,,,,,,,,,,Contact College,,,AICTE Official Institutional Disclosures,2021,,,,,,,,,,,,,,,,https://www.aicte-india.org,False,Medium,False
1-44644214849,JESUS CHRIST ARTS AND SCIENCE COLLEGE,"Pondicherry University, Pondicherry",Private-Self Financing,Private,Puducherry,Puducherry,PUDUCHERRY,"RAMANATHAPURAM REVINUE VILLAGE, THONDAMANATHAM, VILLIANUR COMMUNE",,,,AICTE Approved,Under Graduate,Bba,60,,,,,,,,,,,,,,Contact College,,,AICTE Official Institutional Disclosures,2021,,,,,,,,,,,,,,,,https://www.aicte-india.org,False,Medium,False
1-44643410445,POPE JOHN PAUL II COLLEGE OF EDUCATION,"Pondicherry University, Pondicherry",Private-Self Financing,Private,Puducherry,Puducherry,PUDUCHERRY,"VILLIANUR MAIN ROAD, REDDIARPALAYAM, PONDICHERRY - 605 010",,,,AICTE Approved,Post Graduate; Under Graduate,Bca; Masters In Computer Applications,80,,,,,,,,,,,,,,Contact College,,,AICTE Official Institutional Disclosures,2021,,,,,,,,,,,,,,,,https://www.aicte-india.org,False,Medium,False
1-44644039427,PSV COLLEGE OF ARTS AND SCIENCE,"Pondicherry University, Pondicherry",Private-Self Financing,Private,Puducherry,Puducherry,PUDUCHERRY,"PONDY- CUDDALORE MAIN ROAD, MULLODAI, PUDUCHERRY",,,,AICTE Approved,Under Graduate,Bba; Bca,120,,,,,,,,,,,,,,Contact College,,,AICTE Official Institutional Disclosures,2021,,,,,,,,,,,,,,,,https://www.aicte-india.org,False,Medium,False
1-44640384161,SRI GANESH COLLEGE OF ENGINEERING AND TECHNOLOGY,"Pondicherry University, Pondicherry",Private-Self Financing,Private,Puducherry,Puducherry,PUDUCHERRY,KEELPARIKALPATTU ROAD KEELPARIKALPATTU MULLODAI MANAPET   POST BAHOUR PUDUCHERRY,,,,AICTE Approved,Under Graduate,Artificial Intelligence And Data Science; Computer Science And Engineering; Computer Science And Engineering (Internet Of Things And Cyber Security Including Block Chain Techno; Electrical And Electronics Engineering; Electronics & Communication Engg,300,,,,,,,,,,,,,,Contact College,,,AICTE Official Institutional Disclosures,2021,,,,,,,,,,,,,,,,https://www.aicte-india.org,False,Medium,False
1-44644484493,MAHE CO OPERATIVE COLLEGE OF HIGHER EDUCATION AND TECHNOLOGY,"Pondicherry University, Pondicherry",Private-Self Financing,Private,Puducherry,Mahe,MAHE,PALLOOR VAYAL ROAD NEAR ARAVILAKATHU PALAM PALLOOR POST,,,,AICTE Approved,Under Graduate,Bba; Bca,170,,,,,,,,,,,,,,Contact College,,,AICTE Official Institutional Disclosures,2021,,,,,,,,,,,,,,,,https://www.aicte-india.org,False,Medium,False
1-44644040383,INDIRA GANDHI COLLEGE OF ARTS AND SCIENCE,"Pondicherry University, Pondicherry",Government,Government,Puducherry,Puducherry,PUDUCHERRY,INDIRA NAGAR,,,,AICTE Approved,Under Graduate,Bca,60,,,,,,,,,,,,,,Contact College,,,AICTE Official Institutional Disclosures,2021,,,,,,,,,,,,,,,,https://www.aicte-india.org,False,Medium,False
1-44643113152,CHRIST INSTITUTE OF TECHNOLOGY,"Pondicherry University, Pondicherry",Private-Self Financing,Private,Puducherry,Puducherry,PUDUCHERRY,"RAMANATHAPURAM REVENUE VILLAGE, VILLIANUR COMMUNE,",,,,AICTE Approved,Post Graduate; Under Graduate,Civil Engineering; Computer Science And Engineering; Electronics & Communication Engg; Masters In Business Administration; Mechanical Engineering,270,,,,,,,,,,,,,,Contact College,,,AICTE Official Institutional Disclosures,2021,,,,,,,,,,,,,,,,https://www.aicte-india.org,False,Medium,False
1-44638983207,SRI BALAJI VIDYAPEETH,"Sri Balaji Vidyapeeth, Mahatma Gandhi Medical College Campus, Puducherry",Deemed to be University(Pvt),Private,Puducherry,Puducherry,PUDUCHERRY,"SRI BALAJI VIDYAPEETH, PONDICEHRRY CAMPUS, PILLAYARKUPPAM, PUDUCHERRY - 607402",,,,AICTE Approved,Post Graduate; Under Graduate,Bba; Bca; Mba (Hospital Administration),150,,,,,,,,,,,,,,Contact College,,,AICTE Official Institutional Disclosures,2021,,,,,,,,,,,,,,,,https://www.aicte-india.org,False,Medium,False
1-44644451043,ACHARIYA ARTS AND SCIENCE COLLEGE,"Pondicherry University, Pondicherry",Private-Self Financing,Private,Puducherry,Puducherry,PUDUCHERRY,"ACHARIYAPURAM, VILLIANUR PONDICHERRY - 605110 PUDUCHERRY",,,,AICTE Approved,Under Graduate,Bba; Bca,175,,,,,,,,,,,,,,Contact College,,,AICTE Official Institutional Disclosures,2021,,,,,,,,,,,,,,,,https://www.aicte-india.org,False,Medium,False
1-44638096722,ALPHA COLLEGE OF ENGINEERING & TECHNOLOGY,"Pondicherry University, Pondicherry",Private-Self Financing,Private,Puducherry,Puducherry,PUDUCHERRY,KANNIAKOIL TO BAHOUR MAIN ROAD BAHOUR - 607 402,,,,AICTE Approved,Under Graduate,Computer Science & Engineering; Electrical And Electronics Engineering; Electronics And Communications Engineering; Information Technology; Mechanical Engineering,210,,,,,,,,,,,,,,Contact College,,,AICTE Official Institutional Disclosures,2021,,,,,,,,,,,,,,,,https://www.aicte-india.org,False,Medium,False
1-44640398383,RAAK COLLEGE OF ENGINEERING AND TECHNOLOGY,"Pondicherry University, Pondicherry",Private-Self Financing,Private,Puducherry,Puducherry,PUDUCHERRY,"#1, MUTHUPILLAIPALAYAM ROAD, G.N. PALAYAM, PUDUCHERRY - 605010",,,,AICTE Approved,Post Graduate; Under Graduate,Artificial Intelligence (Ai)  And Data Science; Computer Science & Engineering; Electrical And Electronics Engineering; Electronics And Communications Engineering; Information Technology; Mba; Mechanical Engineering; Robotics And Automation,360,,,,,,,,,,,,,,Contact College,,,AICTE Official Institutional Disclosures,2021,,,,,,,,,,,,,,,,https://www.aicte-india.org,False,Medium,False
1-44644113902,DON BOSCO COLLEGE OF ARTS AND SCIENCE,"Pondicherry University, Pondicherry",Private-Self Financing,Private,Puducherry,Karaikal,KARAIKAL,"DON BOSCO COLLEGE OF ARTS AND  SCIENCE NO.8, EAST STREET,THAMANANGUDY, AMBAGARATHUR-609601",,,,AICTE Approved,Under Graduate,Bba; Bca,100,,,,,,,,,,,,,,Contact College,,,AICTE Official Institutional Disclosures,2021,,,,,,,,,,,,,,,,https://www.aicte-india.org,False,Medium,False
1-44638381422,ACHARIYA COLLEGE OF ENGINEERING TECHNOLOGY,"Pondicherry University, Pondicherry",Private-Self Financing,Private,Puducherry,Puducherry,PUDUCHERRY,"URUVAIYARU, ACHARIYAPURAM VILLIANOOR PUDUCHERRY- PUDUCHERRY- 605 110",,,,AICTE Approved,Under Graduate,Artificial Intelligence (Ai)  And Data Science; Computer Science & Engineering; Electrical And Electronics Engineering; Electronics & Communication Engg; Information Technology; Mechanical Engineering; Robotics And Automation,480,,,,,,,,,,,,,,Contact College,,,AICTE Official Institutional Disclosures,2021,,,,,,,,,,,,,,,,https://www.aicte-india.org,False,Medium,False
1-44642771271,CHRIST COLLEGE OF ENGINEERING AND TECHNOLOGY,"Pondicherry University, Pondicherry",Private-Self Financing,Private,Puducherry,Puducherry,PUDUCHERRY,"PITCHAVEERANPET, MOOLAKULAM, OULGARET MUNICIPALITY,",,,,AICTE Approved,Post Graduate; Under Graduate,Artificial Intelligence And Data Science; Civil Engineering; Computer Science & Engineering; Electrical And Electronics Engineering; Electronics & Communication Engg; Information Technology; Masters In Computer Applications; Mba; Mechanical Engineering,810,,,,,,,,,,,,,,Contact College,,,AICTE Official Institutional Disclosures,2021,,,,,,,,,,,,,,,,https://www.aicte-india.org,False,Medium,False
1-44642010085,PUDUCHERRY TECHNOLOGICAL UNIVERSITY,Puducherry Technological University,Government,Government,Puducherry,Puducherry,PUDUCHERRY,"PILLAICHAVADI, PUDUCHERRY - 605014",,,,AICTE Approved,Post Graduate; Under Graduate,Chemical Engineering; Civil Engineering; Computer Science And Engineering; Data Science; Electrical And Electronics Engineering; Electrical Drives And Control; Electronics & Communication Engg; Electronics And Communications Engineering; Electronics And Instrumentation Engineering; Energy Technology,1147,,,,,,,,,,,,,,Contact College,,,AICTE Official Institutional Disclosures,2021,,,,,,,,,,,,,,,,https://www.aicte-india.org,False,Medium,False
1-44643346248,SRI MANAKULA VINAYAGAR ENGINEERING COLLEGE,"Pondicherry University, Pondicherry",Private-Self Financing,Private,Puducherry,Puducherry,PUDUCHERRY,NO.24 MARIAMMAN KOIL STREET MADAGADIPET PUDUCHERRY,,,,AICTE Approved,Post Graduate; Under Graduate,Artificial Intelligence And Data Science; Bba; Bca; Biomedical Engineering; Civil Engineering; Computer And Communication Engineering; Computer Science And Engineering; Computer Science And Engineering And Business Systems; Computer Science Engineering (Big Data Analytics); Electrical And Electronics Engineering,2616,,,,,,,,,,,,,,Contact College,,,AICTE Official Institutional Disclosures,2021,,,,,,,,,,,,,,,,https://www.aicte-india.org,False,Medium,False
1-44642301144,MANAKULA VINAYAGAR INSTITUTE OF TECHNOLOGY,"Pondicherry University, Pondicherry",Private-Self Financing,Private,Puducherry,Puducherry,PUDUCHERRY,"KALITHEERTHAL KUPPAM, MADAGADIPET, PONDICHERRY. PIN CODE-  605 107",,,,AICTE Approved,Post Graduate; Under Graduate,Artificial Intelligence And Machine Learning; Bba; Bca; Computer Science & Engineering; Computer Science And Engineering; Computer Science And Engineering (Internet Of Things And Cyber Security Including Block Chain Techno; Electrical And Electronics Engineering; Electronics & Communication Engg; Food Technology; Information Technology,1524,,,,,,,,,,,,,,Contact College,,,AICTE Official Institutional Disclosures,2021,,,,,,,,,,,,,,,,https://www.aicte-india.org,False,Medium,False
1-44640968366,SRI VENKATESHWARAA COLLEGE OF ENGINEERING & TECHNOLOGY,"Pondicherry University, Pondicherry",Private-Self Financing,Private,Puducherry,Puducherry,PUDUCHERRY,"NO.13-A, PONDY-VILLUPURAM MAIN ROAD, ARIYUR (PANGUR),PUDUCHERRY -605102.",,,,AICTE Approved,Post Graduate; Under Graduate,Artificial Intelligence And Data Science; Biomedical Engineering; Computer Science And Engineering; Computer Science And Engineering (Internet Of Things And Cyber Security Including Block Chain Techno; Electrical And Electronics Engineering; Electronics & Communication Engg; Mba; Mechanical Engineering,540,,,,,,,,,,,,,,Contact College,,,AICTE Official Institutional Disclosures,2021,,,,,,,,,,,,,,,,https://www.aicte-india.org,False,Medium,False
1-44641167884,KCT COLLEGE OF ENGINEERING & TECHNOLOGY,"Maharaja Ranjit Singh Punjab Technical University, Bathinda",Private-Self Financing,Private,Punjab,Sangrur,SANGRUR,"SANT HARCHAND SINGH LONGOWAL MARG,VILL FATEHGARH,TEHSIL SUNAM, DISTRICT:- SANGRUR,PUNJAB",,,,AICTE Approved,Under Graduate,Civil Engineering; Computer Science & Engineering; Electrical Engineering; Electronics And Telecommunication Engineering; Mechanical Engineering,300,,,,,,,,,,,,,,Contact College,,,AICTE Official Institutional Disclosures,2021,,,,,,,,,,,,,,,,https://www.aicte-india.org,False,Medium,False
1-44644413435,BABA ZORAWAR SINGH FATEH SINGH KHALSA GIRLS COLLEGE MORINDA,"Punjabi University, Patiala",Govt aided,Government,Punjab,Rupnagar,RUPNAGAR,"B.Z.S.F.S.KHALSA GIRLS COLLEGE,MORINDA",,,,AICTE Approved,Under Graduate,Bba; Bca,100,,,,,,,,,,,,,,Contact College,,,AICTE Official Institutional Disclosures,2021,,,,,,,,,,,,,,,,https://www.aicte-india.org,False,Medium,False
1-44644405977,SHRI LAL BAHADUR SHASTRI ARYA MAHILA COLLEGE,"Punjabi University, Patiala",Govt aided,Government,Punjab,Barnala,BARNALA,"RAM BAGH ROAD,BARNALA",,,,AICTE Approved,Under Graduate,Bba; Bca,100,,,,,,,,,,,,,,Contact College,,,AICTE Official Institutional Disclosures,2021,,,,,,,,,,,,,,,,https://www.aicte-india.org,False,Medium,False
1-44644416320,MODEN COLLEGE BIR KALAN,"Punjabi University, Patiala",Private-Self Financing,Private,Punjab,Sangrur,SANGRUR,SUNAM MANSA ROAD,,,,AICTE Approved,Under Graduate,Bca,50,,,,,,,,,,,,,,Contact College,,,AICTE Official Institutional Disclosures,2021,,,,,,,,,,,,,,,,https://www.aicte-india.org,False,Medium,False
1-44645022593,THE ROYAL GROUP OF COLLEGES,"Punjabi University, Patiala",Private-Self Financing,Private,Punjab,Mansa,MANSA,BORAWAL,,,,AICTE Approved,Under Graduate,Bca,100,,,,,,,,,,,,,,Contact College,,,AICTE Official Institutional Disclosures,2021,,,,,,,,,,,,,,,,https://www.aicte-india.org,False,Medium,False
1-44644140877,GOVT. BRIJINDRA COLLEGE FARIDKOT,"Punjabi University, Patiala",Government,Government,Punjab,Faridkot,FARIDKOT,GOVT BRIJINDRA COLLEGE CHAHAL ROAD OPP NEHRU STADIUM FARIDKOT,,,,AICTE Approved,Under Graduate,Bba; Bca,100,,,,,,,,,,,,,,Contact College,,,AICTE Official Institutional Disclosures,2021,,,,,,,,,,,,,,,,https://www.aicte-india.org,False,Medium,False
1-44644532088,INDO GLOBAL COLLEGE OF MANAGEMENT AND TECHNOLOGY,"Punjab Technical University, Jalandhar",Private-Self Financing,Private,Punjab,Mohali,MOHALI,VILLAGE ABHIPUR NEW CHANDIGARH DISTT S.A.S NAGAR MOHALI,,,,AICTE Approved,Under Graduate,Bba; Bca,90,,,,,,,,,,,,,,Contact College,,,AICTE Official Institutional Disclosures,2021,,,,,,,,,,,,,,,,https://www.aicte-india.org,False,Medium,False
1-44643512851,SWAMI SARVANAND INSTITUTE OF MANAGEMENT & TECHNOLOGY-(MCA),"Punjab Technical University, Jalandhar",Private-Self Financing,Private,Punjab,Gurdaspur,GURDASPUR,"VILL-TALWANDI, NEAR DAYANAND MATH, G.T. ROAD DINANAGAR DISTT-GURDASPUR",,,,AICTE Approved,Post Graduate; Under Graduate,Bca; Masters In Computer Applications,300,,,,,,,,,,,,,,Contact College,,,AICTE Official Institutional Disclosures,2021,,,,,,,,,,,,,,,,https://www.aicte-india.org,False,Medium,False
1-44644346889,ST. SOLDIER COLLEGE,"Guru Nanak Dev University, Amritsar",Private-Self Financing,Private,Punjab,Jalandhar,JALANDHAR,BASTI DANISHMANDAN,,,,AICTE Approved,Under Graduate,Bba; Bca,120,,,,,,,,,,,,,,Contact College,,,AICTE Official Institutional Disclosures,2021,,,,,,,,,,,,,,,,https://www.aicte-india.org,False,Medium,False
1-44776597963,GURU NANAK KHALSA COLLEGE FOR WOMEN MODEL TOWN LUDHIANA,"Panjab University, Chandigarh",Govt aided,Government,Punjab,Ludhiana,LUDHIANA,GURU NANAK KHALSA COLLEGE FOR WOMEN MODEL TOWN LUDHIANA,,,,AICTE Approved,Under Graduate,Bba; Bca,100,,,,,,,,,,,,,,Contact College,,,AICTE Official Institutional Disclosures,2021,,,,,,,,,,,,,,,,https://www.aicte-india.org,False,Medium,False
1-44644044266,BIBI SHARAN KAUR KHALSA COLLEGE,"Punjabi University, Patiala",Private-Self Financing,Private,Punjab,Rupnagar,RUPNAGAR,SRI CHAMKAUR SAHIB,,,,AICTE Approved,Under Graduate,Bca,60,,,,,,,,,,,,,,Contact College,,,AICTE Official Institutional Disclosures,2021,,,,,,,,,,,,,,,,https://www.aicte-india.org,False,Medium,False
1-44772642893,MASTER TARA SINGH MEMORIAL COLLEGE FOR WOMEN,"Panjab University, Chandigarh",Govt aided,Government,Punjab,Ludhiana,LUDHIANA,OLD SABZI MANDI MATA RANI CHONWK,,,,AICTE Approved,Under Graduate,Bba; Bca,180,,,,,,,,,,,,,,Contact College,,,AICTE Official Institutional Disclosures,2021,,,,,,,,,,,,,,,,https://www.aicte-india.org,False,Medium,False
1-44643554135,SWAMI SARVANAND INSTITUTE OF MANAGEMENT & TECHNOLOGY,"Punjab Technical University, Jalandhar",Private-Self Financing,Private,Punjab,Gurdaspur,GURDASPUR,"VILL-TALWANDI, NEAR DAYANAND MATH, G. T. ROAD",,,,AICTE Approved,Post Graduate; Under Graduate,Bba; Mba,120,,,,,,,,,,,,,,Contact College,,,AICTE Official Institutional Disclosures,2021,,,,,,,,,,,,,,,,https://www.aicte-india.org,False,Medium,False
1-44644161569,JAIN COLLEGE OF PHARMACY,"Maharaja Ranjit Singh Punjab Technical University, Bathinda",Private-Self Financing,Private,Punjab,Firozpur,FIROZPUR,"VPO-USMANKHERA, SUB TEHSIL-KHUIAN SARWAR, TEHSIL-ABOHAR",,,,AICTE Approved,Under Graduate,Bca,60,,,,,,,,,,,,,,Contact College,,,AICTE Official Institutional Disclosures,2021,,,,,,,,,,,,,,,,https://www.aicte-india.org,False,Medium,False
1-44641333791,MODERN GROUP OF COLLEGES,"Punjab Technical University, Jalandhar",Private-Self Financing,Private,Punjab,Hoshiarpur,HOSHIARPUR,"VILLAGE PANDORI BHAGAT,MANSAR HAJIPUR ROAD,MUKERIAN DISTRICT HOSIHARPUR",,,,AICTE Approved,Under Graduate,Automobile Engineering; Bba; Bca; Civil Engineering; Computer Science & Engineering; Electrical Engineering; Mechanical Engineering,270,,,,,,,,,,,,,,Contact College,,,AICTE Official Institutional Disclosures,2021,,,,,,,,,,,,,,,,https://www.aicte-india.org,False,Medium,False
1-44760140163,GOBINDGARH PUBLIC COLLEGE ALOUR KHANNA,"Panjab University, Chandigarh",Private-Self Financing,Private,Punjab,Ludhiana,LUDHIANA,"GOBINDGARH PUBLIC COLLEGE ALOUR, KHANNA",,,,AICTE Approved,Under Graduate,Bba; Bca,120,,,,,,,,,,,,,,Contact College,,,AICTE Official Institutional Disclosures,2021,,,,,,,,,,,,,,,,https://www.aicte-india.org,False,Medium,False
1-44642087952,"SHAHEED BHAGAT SINGH STATE UNIVERSITY, FEROZEPUR",NOT APPLICABLE,State Government University,Government,Punjab,Firozpur,FIROZPUR,"MOGA ROAD, NH-95, FEROZEPUR-PUNJAB-152004",,,,AICTE Approved,Diploma; Post Graduate; Under Graduate,Bba; Bca; Chemical Engineering; Civil Engineering; Computer Science And Engineering; Electrical Engineering; Electronics & Communication Engg; Electronics And Communications Engineering; Masters In Computer Applications; Mba,1131,,,,,,,,,,,,,,Contact College,,,AICTE Official Institutional Disclosures,2021,,,,,,,,,,,,,,,,https://www.aicte-india.org,False,Medium,False
1-44640355915,DOABA INSTITUTE OF ENGG. & TECH.,"Punjab Technical University, Jalandhar",Private-Self Financing,Private,Punjab,S.A.S Nagar,S.A.S NAGAR,"VILLAGE-GHATAUR, PO-ALLAPUR, TEHSIL-KHARAR, DISTT - S.A.S. NAGAR (MOHALI) - PUNJAB",,,,AICTE Approved,Diploma; Post Graduate; Under Graduate,Artificial Intelligence (Ai); Civil Engineering; Computer Science & Engineering; Computer Science And Engineering; Electrical Engineering; Electronics & Communication Engg; Mba; Mechanical Engineering,639,,,,,,,,,,,,,,Contact College,,,AICTE Official Institutional Disclosures,2021,,,,,,,,,,,,,,,,https://www.aicte-india.org,False,Medium,False
1-44643864752,GENERAL SHIVDEV SINGH DIWAN GURBACHAN SINGH KHALSA COLLEGE PATIALA,"Punjabi University, Patiala",Govt aided,Government,Punjab,Patiala,PATIALA,BADUNGAR ROAD PATIALA,,,,AICTE Approved,Under Graduate,Bba; Bca,420,,,,,,,,,,,,,,Contact College,,,AICTE Official Institutional Disclosures,2021,,,,,,,,,,,,,,,,https://www.aicte-india.org,False,Medium,False
1-44643096085,LALA LAJPAT RAI INSTITUTE OF ENGGNEERING & TECHNOLOGY,"Maharaja Ranjit Singh Punjab Technical University, Bathinda",Private-Self Financing,Private,Punjab,Moga,MOGA,"FEROZEPUR ROAD, NEAR PS SADAR, MOGA",,,,AICTE Approved,Post Graduate; Under Graduate,Bba; Bca; Mba; Mca,270,,,,,,,,,,,,,,Contact College,,,AICTE Official Institutional Disclosures,2021,,,,,,,,,,,,,,,,https://www.aicte-india.org,False,Medium,False
1-44642418691,"ARYABHATTA GROUP OF INSTITUTES,BARNALA","Maharaja Ranjit Singh Punjab Technical University, Bathinda",Private-Self Financing,Private,Punjab,Barnala,BARNALA,"NH-71, BARNALA-BAJAKHANA ROAD, CHEEMA-JODHPUR",,,,AICTE Approved,Post Graduate; Under Graduate,Computer Science & Engineering; Electrical Engineering; Electronics & Communication Engg; Mba; Mechanical Engineering,150,,,,,,,,,,,,,,Contact College,,,AICTE Official Institutional Disclosures,2021,,,,,,,,,,,,,,,,https://www.aicte-india.org,False,Medium,False
1-44644373318,DAV COLLEGE JALANDHAR,"Guru Nanak Dev University, Amritsar",Govt aided,Government,Punjab,Jalandhar,JALANDHAR,"MAHATMA HANS RAJ MARG,  JALANDHAR",,,,AICTE Approved,Under Graduate,Bba; Bca,360,,,,,,,,,,,,,,Contact College,,,AICTE Official Institutional Disclosures,2021,,,,,,,,,,,,,,,,https://www.aicte-india.org,False,Medium,False
1-44639578703,HOSHIARPUR INSTITUTE OF MANAGEMENT AND TECHNOLOGY,"Punjab Technical University, Jalandhar",Private-Self Financing,Private,Punjab,Hoshiarpur,HOSHIARPUR,"OPPOSITE SATGURU FILLING STATION ,NEAR BAGHPUR , DUSUYA ROAD",,,,AICTE Approved,Post Graduate; Under Graduate,Bba; Bca; Mba,180,,,,,,,,,,,,,,Contact College,,,AICTE Official Institutional Disclosures,2021,,,,,,,,,,,,,,,,https://www.aicte-india.org,False,Medium,False
1-44644178930,GHSKGC,"Punjabi University, Patiala",Private-Self Financing,Private,Punjab,Patiala,PATIALA,KARHALI SAHIB,,,,AICTE Approved,Under Graduate,Bba; Bca,120,,,,,,,,,,,,,,Contact College,,,AICTE Official Institutional Disclosures,2021,,,,,,,,,,,,,,,,https://www.aicte-india.org,False,Medium,False
1-44642068537,GLOBAL COLLEGE OF ENGINEERING AND TECHNOLOGY,"Punjab Technical University, Jalandhar",Private-Self Financing,Private,Punjab,Rupnagar,RUPNAGAR,KAHNPUR KHUI ANANDPUR SAHIB-GARHSHANKAR ROAD DISTT ROPAR  PUNJAB 140117,,,,AICTE Approved,Under Graduate,Civil Engineering; Computer Science And Engineering; Mechanical Engineering,90,,,,,,,,,,,,,,Contact College,,,AICTE Official Institutional Disclosures,2021,,,,,,,,,,,,,,,,https://www.aicte-india.org,False,Medium,False
1-44644933877,ASHOKA COLLEGE OF HEALTH SCIENCES AND TECHNOLOGY,"Maharaja Ranjit Singh Punjab Technical University, Bathinda",Private-Self Financing,Private,Punjab,Patiala,PATIALA,PATIALA SANGRUR ROAD CHUHARPUR KALAN,,,,AICTE Approved,Under Graduate,Artificial Intelligence And Machine Learning; Bca; Civil Engineering; Computer Science & Engineering; Electrical Engineering,222,,,,,,,,,,,,,,Contact College,,,AICTE Official Institutional Disclosures,2021,,,,,,,,,,,,,,,,https://www.aicte-india.org,False,Medium,False
1-44643248840,"DOABA KHALSA TRUST GROUP OF INSTITUTIONS,1.FACULTY OF ENGINEERING,2.FACULTY OF MANAGEMENT","Punjab Technical University, Jalandhar",Private-Self Financing,Private,Punjab,Shahid Bhagat Singh Nagar,SHAHID BHAGAT SINGH NAGAR,VILL. CHHOKRAN P.O. RAHON DISTT. NAWANSHAHAR PUNJAB,,,,AICTE Approved,Post Graduate; Under Graduate,Civil Engineering; Computer Science And Engineering; Electrical Engineering; Electronics & Communication Engg; Mba; Mechanical Engineering,219,,,,,,,,,,,,,,Contact College,,,AICTE Official Institutional Disclosures,2021,,,,,,,,,,,,,,,,https://www.aicte-india.org,False,Medium,False
1-44643573735,KHALSA INSTITUTE OF MANAGEMENT & TECHNOLOGY FOR WOMEN,"Punjab Technical University, Jalandhar",Private-Self Financing,Private,Punjab,Ludhiana,LUDHIANA,"RANI JHANSI ROAD, CIVIL LINES, LUDHIANA",,,,AICTE Approved,Post Graduate; Under Graduate,Bba; Bca; Computer Applications; Mba,210,,,,,,,,,,,,,,Contact College,,,AICTE Official Institutional Disclosures,2021,,,,,,,,,,,,,,,,https://www.aicte-india.org,False,Medium,False
1-44644171418,GURU GOBIND SINGH KHALSA COLLEGE,"Guru Nanak Dev University, Amritsar",Govt aided,Government,Punjab,Taran Taran,TARAN TARAN,VPO SARHALI KALAN TEHSIL AND DISTRICT TARN TARAN,,,,AICTE Approved,Under Graduate,Bca,120,,,,,,,,,,,,,,Contact College,,,AICTE Official Institutional Disclosures,2021,,,,,,,,,,,,,,,,https://www.aicte-india.org,False,Medium,False
1-44644082267,LONGOWAL ACADEMIC COLLEGE,"Punjab Technical University, Jalandhar",Private-Self Financing,Private,Punjab,S.A.S Nagar,S.A.S NAGAR,"DANDRALA,DERABASSI, MOHALI",,,,AICTE Approved,Under Graduate,Bba; Bca,180,,,,,,,,,,,,,,Contact College,,,AICTE Official Institutional Disclosures,2021,,,,,,,,,,,,,,,,https://www.aicte-india.org,False,Medium,False
1-44644840748,PUNJAB DEGREE COLLEGE,"Punjabi University, Patiala",Private-Self Financing,Private,Punjab,Faridkot,FARIDKOT,"VILL MEHMUANA, SADIQ FARIDKOT ROAD",,,,AICTE Approved,Under Graduate,Bba; Bca,100,,,,,,,,,,,,,,Contact College,,,AICTE Official Institutional Disclosures,2021,,,,,,,,,,,,,,,,https://www.aicte-india.org,False,Medium,False
1-44644073210,KANYA MAHA VIDYALAYA,"Guru Nanak Dev University, Amritsar",Govt aided,Government,Punjab,Jalandhar,JALANDHAR,"VIDYALAYA MARG, TANDA ROAD",,,,AICTE Approved,Post Graduate; Under Graduate,Bba; Bca; Mba; Mca,280,,,,,,,,,,,,,,Contact College,,,AICTE Official Institutional Disclosures,2021,,,,,,,,,,,,,,,,https://www.aicte-india.org,False,Medium,False
1-44644521952,HEIGHER EDUCATION INSTITUTE SOCIETY,"Punjabi University, Patiala",Private-Self Financing,Private,Punjab,Rupnagar,RUPNAGAR,GOVERNMENT COLLEGE ROPAR  NEAR CHURCH ROAD ROPAR.,,,,AICTE Approved,Under Graduate,Bca,100,,,,,,,,,,,,,,Contact College,,,AICTE Official Institutional Disclosures,2021,,,,,,,,,,,,,,,,https://www.aicte-india.org,False,Medium,False
1-44644775322,KRISHNA COLLEGE OF HIGHER EDUCATION RALLI,"Punjabi University, Patiala",Private-Self Financing,Private,Punjab,Mansa,MANSA,BUDHLADA TO BARETA ROAD VILLAGE RALLI TEHSIL BUDHLADA DISTT MANSA,,,,AICTE Approved,Under Graduate,Bca,50,,,,,,,,,,,,,,Contact College,,,AICTE Official Institutional Disclosures,2021,,,,,,,,,,,,,,,,https://www.aicte-india.org,False,Medium,False
1-44644687085,MAI BHAGO DEGREE COLLEGE,"Punjabi University, Patiala",Private-Self Financing,Private,Punjab,Mansa,MANSA,"MANSA-BARNALA ROAD, RALLA",,,,AICTE Approved,Under Graduate,Bca,40,,,,,,,,,,,,,,Contact College,,,AICTE Official Institutional Disclosures,2021,,,,,,,,,,,,,,,,https://www.aicte-india.org,False,Medium,False
1-44638744438,L M THAPAR SCHOOL OF MANAGEMENT,NOT APPLICABLE,Deemed to be University(Pvt),Private,Punjab,S.A.S Nagar,S.A.S NAGAR,"VILLAGE BEHRA, TEHSIL DERABASSI",,,,AICTE Approved,Post Graduate; Under Graduate,Computer Science & Engineering; Mba,320,,,,,,,,,,,,,,Contact College,,,AICTE Official Institutional Disclosures,2021,,,,,,,,,,,,,,,,https://www.aicte-india.org,False,Medium,False
1-44645077197,JASDEV SINGH SANDHU DEGREE COLLEGE KAULI,"Punjabi University, Patiala",Private-Self Financing,Private,Punjab,Patiala,PATIALA,"JASDEV SINGH SANDHU GROUP OF INSTITUTES KAULI,RAJPURA-PATIALA ROAD 140701",,,,AICTE Approved,Under Graduate,Bba; Bca,90,,,,,,,,,,,,,,Contact College,,,AICTE Official Institutional Disclosures,2021,,,,,,,,,,,,,,,,https://www.aicte-india.org,False,Medium,False
1-44644186245,GURU GOBIND SINGH COLLEGE OF MANAGEMENT AND IT,"Punjab Technical University, Jalandhar",Private-Self Financing,Private,Punjab,Hoshiarpur,HOSHIARPUR,VPO MAHILPUR (PATTI CHARANPUR),,,,AICTE Approved,Under Graduate,Bba; Bca,90,,,,,,,,,,,,,,Contact College,,,AICTE Official Institutional Disclosures,2021,,,,,,,,,,,,,,,,https://www.aicte-india.org,False,Medium,False
1-44641739908,SWAMI VIVEKANAND INSTITUTE OF ENGG. & TECH.,"I.K. Gujral Punjab Technical University, Jalandhar",Private-Self Financing,Private,Punjab,Patiala,PATIALA,"SECTOR 8, RAMNAGAR, BANUR, TEHSIL RAJPURA, DISTT. PATIALA",,,,AICTE Approved,Diploma; Post Graduate; Under Graduate,Artificial Intelligence (Ai); Civil Engineering; Computer Science And Design; Computer Science And Engineering; Electrical Engineering; Electronics & Communication Engg; Masters In Computer Applications; Mba; Mechanical Engineering,786,,,,,,,,,,,,,,Contact College,,,AICTE Official Institutional Disclosures,2021,,,,,,,,,,,,,,,,https://www.aicte-india.org,False,Medium,False
1-44644934305,GOVT. KIRTI COLLEGE,"Punjabi University, Patiala",Government,Government,Punjab,Patiala,PATIALA,PATIALA ROAD,,,,AICTE Approved,Under Graduate,Bca,50,,,,,,,,,,,,,,Contact College,,,AICTE Official Institutional Disclosures,2021,,,,,,,,,,,,,,,,https://www.aicte-india.org,False,Medium,False
1-44638144044,DEPARTMENT OF MECHANICAL ENGINEERING,"Punjabi University, Patiala",Government,Government,Punjab,Patiala,PATIALA,"PUNJABI UNIVERSITY, PATIALA 147002 (PUNJAB)",,,,AICTE Approved,Post Graduate; Under Graduate,B.Tech.; M.Tech.,120,,,,,,,,,,,,,,Contact College,,,AICTE Official Institutional Disclosures,2021,,,,,,,,,,,,,,,,https://www.aicte-india.org,False,Medium,False
1-44671740128,GHG KHALSA COLLEGE,"Panjab University, Chandigarh",Govt aided,Government,Punjab,Ludhiana,LUDHIANA,GURUSAR SADHAR,,,,AICTE Approved,Under Graduate,Bba; Bca,80,,,,,,,,,,,,,,Contact College,,,AICTE Official Institutional Disclosures,2021,,,,,,,,,,,,,,,,https://www.aicte-india.org,False,Medium,False
1-44643545150,GURU NANAK DEV ENGINEERING COLLEGE,"Punjab Technical University, Jalandhar",Govt aided,Government,Punjab,Ludhiana,LUDHIANA,"GILL PARK, GILL ROAD, LUDHIANA",,,,AICTE Approved,Post Graduate; Under Graduate,Bba; Bca; Civil Engineering; Computer Science And Engineering; Computer Science And Information Technology; Electrical Engineering; Electronics & Communication Engg; Electronics And Communications Engineering; Environmental Science And Engineering; Information Technology,1428,,,,,,,,,,,,,,Contact College,,,AICTE Official Institutional Disclosures,2021,,,,,,,,,,,,,,,,https://www.aicte-india.org,False,Medium,False
1-44644605047,GURU NANAK NATIONAL COLLEGE NAKODAR,"Guru Nanak Dev University, Amritsar",Govt aided,Government,Punjab,Jalandhar,JALANDHAR,GNNC NEAR JALANDHAR BYE PASS NAKODAR,,,,AICTE Approved,Under Graduate,Bca,40,,,,,,,,,,,,,,Contact College,,,AICTE Official Institutional Disclosures,2021,,,,,,,,,,,,,,,,https://www.aicte-india.org,False,Medium,False
1-44639998065,RADICAL TECHNICAL INSTITUTE,Punjab Board of Technical Education,Private-Self Financing,Private,Punjab,Amritsar,AMRITSAR,"V.P.O.THANDE , KHAPERKHERI DIST.AMRITSAR",,,,AICTE Approved,Diploma; Under Graduate,Civil Engineering; Computer Science And Engineering; Electrical Engineering; Mechanical Engineering,182,,,,,,,,,,,,,,Contact College,,,AICTE Official Institutional Disclosures,2021,,,,,,,,,,,,,,,,https://www.aicte-india.org,False,Medium,False
1-44643848073,AKAL DEGREE COLLEGE FOR WOMEN,"Punjabi University, Patiala",Govt aided,Government,Punjab,Sangrur,SANGRUR,NEAR DISTRICT COURTS COMPLEX NABHA GATE,,,,AICTE Approved,Under Graduate,Bca,50,,,,,,,,,,,,,,Contact College,,,AICTE Official Institutional Disclosures,2021,,,,,,,,,,,,,,,,https://www.aicte-india.org,False,Medium,False
1-44642389313,INDO GLOBAL COLLEGE OF ENGINEERING,"Punjab Technical University, Jalandhar",Private-Self Financing,Private,Punjab,Mohali,MOHALI,"INDO GLOBAL EDUCATION FOUNDATION, VILLAGE - ABHIPUR, TEHSIL -  KHARAR, DISTT. - SAS NAGAR ( MOHALI ), PUNJAB",,,,AICTE Approved,Diploma; Post Graduate; Under Graduate,Civil Engineering; Computer Science And Engineering; Electronics & Communication Engg; Mba; Mechanical Engineering,444,,,,,,,,,,,,,,Contact College,,,AICTE Official Institutional Disclosures,2021,,,,,,,,,,,,,,,,https://www.aicte-india.org,False,Medium,False
1-44644554684,COLONEL DEGREE COLLEGE,"Punjabi University, Patiala",Private-Self Financing,Private,Punjab,Sangrur,SANGRUR,"CHURAL KALAN, LEHRAGAGA",,,,AICTE Approved,Under Graduate,Bca,50,,,,,,,,,,,,,,Contact College,,,AICTE Official Institutional Disclosures,2021,,,,,,,,,,,,,,,,https://www.aicte-india.org,False,Medium,False
1-44639614010,BABA FARID COLLEGE OF ENGINEERING & TECHNOLOGY,"Maharaja Ranjit Singh Punjab Technical University, Bathinda",Private-Self Financing,Private,Punjab,Bathinda,BATHINDA,"VILLAGE DEON, MUKTSAR ROAD, BATHINDA",,,,AICTE Approved,Post Graduate; Under Graduate,Bba; Bca; Bms; Civil Engineering; Computer Science And Engineering; Computer Science And Engineering (Artificial Intelligence And Machine Learning); Computer Science And Engineering (Data Science); Computer Science And Engineering (Internet Of Things And Cyber Security Including Block Chain Techno; Electrical And Computer Engineering; Electrical Engineering,2748,,,,,,,,,,,,,,Contact College,,,AICTE Official Institutional Disclosures,2021,,,,,,,,,,,,,,,,https://www.aicte-india.org,False,Medium,False
1-44642977241,A & M INSTITUTE OF MANAGEMENT AND TECHNOLOGY,"Punjab Technical University, Jalandhar",Private-Self Financing,Private,Punjab,Gurdaspur,GURDASPUR,"OPPOSITE CANADA PALACE, VILLAGE - MAMOON, TEHSIL - PATHANKOT  DISTT.- GURDASPUR PUNJAB",,,,AICTE Approved,Post Graduate; Under Graduate,Bba; Bca; Mba,180,,,,,,,,,,,,,,Contact College,,,AICTE Official Institutional Disclosures,2021,,,,,,,,,,,,,,,,https://www.aicte-india.org,False,Medium,False
1-44644930167,SMT.RAMA CHOPRA S D KANYA  MAHAVIDYALAYA PATHANKOT,"Guru Nanak Dev University, Amritsar",Private-Self Financing,Private,Punjab,Pathankot,PATHANKOT,MISSION ROAD PATHANKOT,,,,AICTE Approved,Under Graduate,Bca,60,,,,,,,,,,,,,,Contact College,,,AICTE Official Institutional Disclosures,2021,,,,,,,,,,,,,,,,https://www.aicte-india.org,False,Medium,False
1-44644310678,KCT COLLEGE OF ENGINEERING AND TECHNOLOGY,"Maharaja Ranjit Singh Punjab Technical University, Bathinda",Private-Self Financing,Private,Punjab,Sangrur,SANGRUR,LEHRA CHEEMA ROAD,,,,AICTE Approved,Under Graduate,Bca,60,,,,,,,,,,,,,,Contact College,,,AICTE Official Institutional Disclosures,2021,,,,,,,,,,,,,,,,https://www.aicte-india.org,False,Medium,False
1-44644359983,NEHRU MEMORIAL GOVT COLLEGE MANSA,"Punjabi University, Patiala",Government,Government,Punjab,Mansa,MANSA,NMGC MANSA,,,,AICTE Approved,Under Graduate,Bca,50,,,,,,,,,,,,,,Contact College,,,AICTE Official Institutional Disclosures,2021,,,,,,,,,,,,,,,,https://www.aicte-india.org,False,Medium,False
1-44642170504,PUNJAB INSTITUTE OF MANAGEMENT & TECHNOLOGY,"Punjab Technical University, Jalandhar",Private-Self Financing,Private,Punjab,Ludhiana,LUDHIANA,"VILLAGE ALOUR, KHANNA, DISTRICT LUDHIANA, PUNJAB",,,,AICTE Approved,Post Graduate,Masters In Computer Applications; Mba,60,,,,,,,,,,,,,,Contact College,,,AICTE Official Institutional Disclosures,2021,,,,,,,,,,,,,,,,https://www.aicte-india.org,False,Medium,False
1-44641743051,RAMGARHIA INSTITUTE OF ENGINEERING & TECHNOLOGY,"Punjab Technical University, Jalandhar",Private-Self Financing,Private,Punjab,Kapurthala,KAPURTHALA,"REC COMPLEX, P.O SATNAMPURA, PHAGWARA DISTT: KAPURTHALA PIN CODE: 144402",,,,AICTE Approved,Post Graduate; Under Graduate,Bba; Bca; Civil Engineering; Computer Science And Engineering; Electronics & Communication Engg; Information Technology; Masters In Computer Applications; Mba; Mechanical Engineering; Production Engineering,732,,,,,,,,,,,,,,Contact College,,,AICTE Official Institutional Disclosures,2021,,,,,,,,,,,,,,,,https://www.aicte-india.org,False,Medium,False
1-44638258309,AMAN BHALLAINSTITUTE OF MANAGEMENT AND TECHNOLOGY,"Punjab Technical University, Jalandhar",Private-Self Financing,Private,Punjab,Pathankot,PATHANKOT,"KOTLI,JAMMU-AMRITSAR HIGHWAY",,,,AICTE Approved,Post Graduate; Under Graduate,Bca; Mba,120,,,,,,,,,,,,,,Contact College,,,AICTE Official Institutional Disclosures,2021,,,,,,,,,,,,,,,,https://www.aicte-india.org,False,Medium,False
1-44639984326,CKD INSTITUTE OF MANAGEMENT & TECHNOLOGY,"Punjab Technical University, Jalandhar",Private-Self Financing,Private,Punjab,Taran Taran,TARAN TARAN,JANDIALA ROAD TARN TARAN PUNJAB,,,,AICTE Approved,Post Graduate; Under Graduate,Bca; Mba,70,,,,,,,,,,,,,,Contact College,,,AICTE Official Institutional Disclosures,2021,,,,,,,,,,,,,,,,https://www.aicte-india.org,False,Medium,False
1-44671774332,RSD COLLEGE FEROZEPUR CITY,"Panjab University, Chandigarh",Govt aided,Government,Punjab,Firozpur,FIROZPUR,OUTSIDE MAKHU GATE MALLAN WALA ROAD,,,,AICTE Approved,Under Graduate,Bca,180,,,,,,,,,,,,,,Contact College,,,AICTE Official Institutional Disclosures,2021,,,,,,,,,,,,,,,,https://www.aicte-india.org,False,Medium,False
1-44644333192,ST SOLDIER COLLEGE CO EDUCATION,"Guru Nanak Dev University, Amritsar",Private-Self Financing,Private,Punjab,Kapurthala,KAPURTHALA,HADIABAD PHAGWARA,,,,AICTE Approved,Under Graduate,Bba; Bca,120,,,,,,,,,,,,,,Contact College,,,AICTE Official Institutional Disclosures,2021,,,,,,,,,,,,,,,,https://www.aicte-india.org,False,Medium,False
1-44644479862,S.D. COLLEGE FOR WOMEN,"Panjab University, Chandigarh",Govt aided,Government,Punjab,Moga,MOGA,3 JAWAHAR NAGAR,,,,AICTE Approved,Under Graduate,Bca,50,,,,,,,,,,,,,,Contact College,,,AICTE Official Institutional Disclosures,2021,,,,,,,,,,,,,,,,https://www.aicte-india.org,False,Medium,False
1-44643552395,CORDIA INSTITUTE OF BUSINESS MANAGEMENT,"Maharaja Ranjit Singh Punjab Technical University, Bathinda",Private-Self Financing,Private,Punjab,Fatehgarh Sahib,FATEHGARH SAHIB,"VPO SANGHOL, TEHSIL KHAMANO, DISTT FATEHGARH SAHIB",,,,AICTE Approved,Post Graduate; Under Graduate,Hotel Management And Catering Technology; Mba,114,,,,,,,,,,,,,,Contact College,,,AICTE Official Institutional Disclosures,2021,,,,,,,,,,,,,,,,https://www.aicte-india.org,False,Medium,False
1-44644335346,BABA BUDHA COLLEGE BIR SAHIB,"Guru Nanak Dev University, Amritsar",Govt aided,Government,Punjab,Taran Taran,TARAN TARAN,BABA BUDHA COLLEGE BIR SAHIB PO CHABBAL DISTT TARN TARAN PUNJAB,,,,AICTE Approved,Under Graduate,Bca,40,,,,,,,,,,,,,,Contact College,,,AICTE Official Institutional Disclosures,2021,,,,,,,,,,,,,,,,https://www.aicte-india.org,False,Medium,False
1-44638123072,PCTE GROUP OF INSTITUTES,"Punjab Technical University, Jalandhar",Private-Self Financing,Private,Punjab,Ludhiana,LUDHIANA,"FEROZEPUR ROAD, NEAR BADDOWAL CANT. JHANDE, LUDHIANA",,,,AICTE Approved,Under Graduate,Hotel Management And Catering Technology,180,,,,,,,,,,,,,,Contact College,,,AICTE Official Institutional Disclosures,2021,,,,,,,,,,,,,,,,https://www.aicte-india.org,False,Medium,False
1-44644202094,HARI PARKASH INSTITUTE OF MANAGEMENT AND TECHNOLOGY,"Punjab Technical University, Jalandhar",Private-Self Financing,Private,Punjab,Hoshiarpur,HOSHIARPUR,"SHRI HARGOBINDPUR ROAD, OPP. LIFE CARE HOSPITAL NEAR PALTA PUMP TANDA URMAR",,,,AICTE Approved,Under Graduate,Bca,60,,,,,,,,,,,,,,Contact College,,,AICTE Official Institutional Disclosures,2021,,,,,,,,,,,,,,,,https://www.aicte-india.org,False,Medium,False
1-44642427242,"MALOUT INSTITUTE OF MANAGEMENT AND INFORMATION TECHNOLOGY, MALOUT","I.K. Gujral Punjab Technical University, Jalandhar",Government,Government,Punjab,Mukatsar,MUKATSAR,"MALOUT INSTITUTE OF MANAGEMENT AND INFORMATION TECHNOLOGY, GREEN FIELD ENCLAVE, NEAR NEW GRAIN MARKET, MALOUT, 152107, DISTT. MUKTSAR, PUNJAB",,,,AICTE Approved,Post Graduate; Under Graduate,Bba; Bca; Computer Science & Engineering; Electronics & Communication Engg; Information Technology; Mba; Mechanical Engineering,450,,,,,,,,,,,,,,Contact College,,,AICTE Official Institutional Disclosures,2021,,,,,,,,,,,,,,,,https://www.aicte-india.org,False,Medium,False
1-44643471765,CENTRE FOR DEVELOPMENT OF ADVANCED COMPUTING,"Punjab Technical University, Jalandhar",Government,Government,Punjab,S.A.S Nagar,S.A.S NAGAR,CENTRE FOR DEVELOPMENT OF ADVANCED COMPUTING A-34 PHASE VIII  INDUSTRAIL AREA MOHALI,,,,AICTE Approved,Post Graduate,Computer Science And Engineering (Artificial Intelligence ); Computer Science And Engineering (Cyber Security); Electronics Product Design And Technology; Embedded Systems; Vlsi Design,90,,,,,,,,,,,,,,Contact College,,,AICTE Official Institutional Disclosures,2021,,,,,,,,,,,,,,,,https://www.aicte-india.org,False,Medium,False
1-44644373639,DESH BHAGAT COLLEGE BARDWAL DHURI,"Punjabi University, Patiala",Govt aided,Government,Punjab,Sangrur,SANGRUR,VPO BARDWAL,,,,AICTE Approved,Under Graduate,Bba; Bca,100,,,,,,,,,,,,,,Contact College,,,AICTE Official Institutional Disclosures,2021,,,,,,,,,,,,,,,,https://www.aicte-india.org,False,Medium,False
1-44671791581,KHALSA COLLEGE GARHDIWALA,"Panjab University, Chandigarh",Govt aided,Government,Punjab,Hoshiarpur,HOSHIARPUR,KHALSA COLLEGE GARHDIWALA,,,,AICTE Approved,Under Graduate,Bca,60,,,,,,,,,,,,,,Contact College,,,AICTE Official Institutional Disclosures,2021,,,,,,,,,,,,,,,,https://www.aicte-india.org,False,Medium,False
1-44645031277,SHRI BALAJI COLLEGE,"PANDIT DEENDAYAL UPADHYAYA SHEKHAWATI UNIVERSITY, SIKAR",Private-Self Financing,Private,Rajasthan,Sikar,SIKAR,"DHARMSHALA, SH-8, SIKAR",,,,AICTE Approved,Under Graduate,Bca,120,,,,,,,,,,,,,,Contact College,,,AICTE Official Institutional Disclosures,2021,,,,,,,,,,,,,,,,https://www.aicte-india.org,False,Medium,False
1-44671787715,GOVERNMENT PG COLLEGE BARMER,"Jai Narain Vyas University, Jodhpur",Government,Government,Rajasthan,Barmer,BARMER,"IN FRONT OF FCI GODAM, NEAR SAHEED CIRCLE, BARMER",,,,AICTE Approved,Under Graduate,Bba,60,,,,,,,,,,,,,,Contact College,,,AICTE Official Institutional Disclosures,2021,,,,,,,,,,,,,,,,https://www.aicte-india.org,False,Medium,False
1-44671786572,TAGORE INSTITUTE OF HIGHER STUDIES,"BIKANER TECHNICAL UNIVERSITY, RAJASTHAN",Private-Self Financing,Private,Rajasthan,Nagaur,NAGAUR,"ANANDPURA,  KUCHAMANCITY",,,,AICTE Approved,Under Graduate,Bca,60,,,,,,,,,,,,,,Contact College,,,AICTE Official Institutional Disclosures,2021,,,,,,,,,,,,,,,,https://www.aicte-india.org,False,Medium,False
1-44638356440,FACULTY OF DAIRY TECHNOLOGY JODHPUR,"Agriculture University, Jodhpur",Government,Government,Rajasthan,Jodhpur,JODHPUR,BIKANER ROAD MANDOR JODHPUR,,,,AICTE Approved,Post Graduate; Under Graduate,Dairy Technology; Food Technology; Mba (Agribusiness Management),180,,,,,,,,,,,,,,Contact College,,,AICTE Official Institutional Disclosures,2021,,,,,,,,,,,,,,,,https://www.aicte-india.org,False,Medium,False
1-44638292840,"ENGINEERING COLLEGE, KARAULI","Rajasthan Technical University, Kota",Government,Government,Rajasthan,Karauli,KARAULI,VILLAGE- MANCHI TAHSHIL- KARAULI NEAR MEGA HIGHWAY,,,,AICTE Approved,Under Graduate,Civil Engineering; Computer Science & Engineering; Electrical Engineering; Electronics And Communication Engineering; Mechanical Engineering,270,,,,,,,,,,,,,,Contact College,,,AICTE Official Institutional Disclosures,2021,,,,,,,,,,,,,,,,https://www.aicte-india.org,False,Medium,False
1-44645093959,SHREE NARAYAN MAHAVIDHLYA,"BIKANER TECHNICAL UNIVERSITY, RAJASTHAN",Private-Self Financing,Private,Rajasthan,Nagaur,NAGAUR,SIKAR ROAD KUCHAMAN CITY KUCHAMAN CITY,,,,AICTE Approved,Under Graduate,Bca,60,,,,,,,,,,,,,,Contact College,,,AICTE Official Institutional Disclosures,2021,,,,,,,,,,,,,,,,https://www.aicte-india.org,False,Medium,False
1-44643014171,PACIFIC INSTITUTE OF HOTEL MANAGEMENT,NOT APPLICABLE,State Private University,Private,Rajasthan,Udaipur,UDAIPUR,"PB.12, PRATAP NAGAR EXT., AIRPORT ROAD, DEBARI",,,,AICTE Approved,Under Graduate,Hotel Management And Catering Technology,60,,,,,,,,,,,,,,Contact College,,,AICTE Official Institutional Disclosures,2021,,,,,,,,,,,,,,,,https://www.aicte-india.org,False,Medium,False
1-44638714875,CLG INSTITUTE OF ENGINEERING AND TECHNOLOGY,"BIKANER TECHNICAL UNIVERSITY, BIKANER",Private-Self Financing,Private,Rajasthan,Pali,PALI,"KESHAR BAG, JAWAI BANDH ROAD,  V/P JAWAI BANDH",,,,AICTE Approved,Post Graduate; Under Graduate,Bba; Bca; Civil Engineering; Computer Science & Engineering; Electrical Engineering; Mca; Mechanical Engineering,340,,,,,,,,,,,,,,Contact College,,,AICTE Official Institutional Disclosures,2021,,,,,,,,,,,,,,,,https://www.aicte-india.org,False,Medium,False
1-44640709525,APEX INSTITUTE OF MANAGEMENT & SCIENCE,"APEX UNIVERSITY, JAIPUR",Private-Self Financing,Private,Rajasthan,Jaipur,JAIPUR,"V.T.ROAD, MAN SAROVAR",,,,AICTE Approved,Post Graduate,Mba,120,,,,,,,,,,,,,,Contact College,,,AICTE Official Institutional Disclosures,2021,,,,,,,,,,,,,,,,https://www.aicte-india.org,False,Medium,False
1-44644776774,SETH MOTILAL PG COLLEGE,PANDIT DEENDAYAL UPADHAY SHEKWATI UNIVERSITY SIKAR,Private-Self Financing,Private,Rajasthan,Jhunjhunu,JHUNJHUNU,SETH MOTILAL PG COLLEGE RANI SATI ROAD,,,,AICTE Approved,Under Graduate,Bca,120,,,,,,,,,,,,,,Contact College,,,AICTE Official Institutional Disclosures,2021,,,,,,,,,,,,,,,,https://www.aicte-india.org,False,Medium,False
1-44792333113,JD GIRLS COLLEGE,"University of Rajasthan, Jaipur",Private-Self Financing,Private,Rajasthan,Jaipur,JAIPUR,HASTERA,,,,AICTE Approved,Under Graduate,Bca,60,,,,,,,,,,,,,,Contact College,,,AICTE Official Institutional Disclosures,2021,,,,,,,,,,,,,,,,https://www.aicte-india.org,False,Medium,False
1-44642376310,LACHOO MEMORIAL COLLEGE OF SCIENCE AND TECHNOLOGY,"Jai Narain Vyas University, Jodhpur",Private-Self Financing,Private,Rajasthan,Jodhpur,JODHPUR,A SECTOR SHASTRI NAGAR,,,,AICTE Approved,Post Graduate; Under Graduate,Computer Science & Engineering; Computer Science And Engineering (Artificial Intelligence And Machine Learning); Electronics And Communication Engineering; Information Technology And Engineering; Mca,420,,,,,,,,,,,,,,Contact College,,,AICTE Official Institutional Disclosures,2021,,,,,,,,,,,,,,,,https://www.aicte-india.org,False,Medium,False
1-44644559108,SITA DEVI MAHAVIDHALAYA,"Maharshi Dayanand Saraswati University, Ajmer",Private-Self Financing,Private,Rajasthan,Bhilwara,BHILWARA,"NEAR WATER TANK,SINDHU NAGAR",,,,AICTE Approved,Under Graduate,Bca,60,,,,,,,,,,,,,,Contact College,,,AICTE Official Institutional Disclosures,2021,,,,,,,,,,,,,,,,https://www.aicte-india.org,False,Medium,False
1-44644963810,LBS INSTITUTE OF COMPUTER SCIENCE,"Makhanlal Chaturvedi National University of Journalism, Bhopal",Private-Self Financing,Private,Rajasthan,Pratapgarh,PRATAPGARH,ZERO MILE CHOURAHA BANSWARA ROAD PRATAPGARH,,,,AICTE Approved,Under Graduate,Bca,40,,,,,,,,,,,,,,Contact College,,,AICTE Official Institutional Disclosures,2021,,,,,,,,,,,,,,,,https://www.aicte-india.org,False,Medium,False
1-44671727086,GOVERNMENT COLLEGE SIROHI,"Mohanlal Sukhadia University, Udaipur",Government,Government,Rajasthan,Sirohi,SIROHI,PALACE ROAD,,,,AICTE Approved,Under Graduate,Bba,60,,,,,,,,,,,,,,Contact College,,,AICTE Official Institutional Disclosures,2021,,,,,,,,,,,,,,,,https://www.aicte-india.org,False,Medium,False
1-44645074862,VIVEKANAND DEGREE COLLEGE,"BIKANER TECHNICAL UNIVERSITY, RAJASTHAN",Private-Self Financing,Private,Rajasthan,Sikar,SIKAR,"PO-BAJAJGRAM, SANWALI, SIKAR",,,,AICTE Approved,Under Graduate,Bca,60,,,,,,,,,,,,,,Contact College,,,AICTE Official Institutional Disclosures,2021,,,,,,,,,,,,,,,,https://www.aicte-india.org,False,Medium,False
1-44671764664,VISION COLLEGE OF COMMERCE,"Mohanlal Sukhadia University, Udaipur",Private-Self Financing,Private,Rajasthan,Chittorgarh,CHITTORGARH,BOJUNDA UDAIPUR ROAD,,,,AICTE Approved,Under Graduate,Bba; Bca,160,,,,,,,,,,,,,,Contact College,,,AICTE Official Institutional Disclosures,2021,,,,,,,,,,,,,,,,https://www.aicte-india.org,False,Medium,False
1-44644667608,SANSKRITI COLLEGE,"University of Rajasthan, Jaipur",Private-Self Financing,Private,Rajasthan,Jaipur,JAIPUR,"SECTOR-3, RAJAT PATH, SHIPRA PATH, MANSAROVAR, JAIPUR",,,,AICTE Approved,Under Graduate,Bba; Bca,120,,,,,,,,,,,,,,Contact College,,,AICTE Official Institutional Disclosures,2021,,,,,,,,,,,,,,,,https://www.aicte-india.org,False,Medium,False
1-44645075266,SUYASH COLLEGE,"Mohanlal Sukhadia University, Udaipur",Private-Self Financing,Private,Rajasthan,Chittorgarh,CHITTORGARH,"RASHMI DINDOLI MAIN ROAD, NEAR VIVEKANAND MODEL SCHOOL, RASHMI",,,,AICTE Approved,Under Graduate,Bca,40,,,,,,,,,,,,,,Contact College,,,AICTE Official Institutional Disclosures,2021,,,,,,,,,,,,,,,,https://www.aicte-india.org,False,Medium,False
1-44642596419,STANI MEMORIAL COLLEGE OF ENGINEERING & TECHNOLOGY,"Rajasthan Technical University, Kota",Private-Self Financing,Private,Rajasthan,Jaipur,JAIPUR,"SMCET, PHAGI, JAIPUR ,RAJASTHAN",,,,AICTE Approved,Under Graduate,Civil Engineering; Computer Engineering; Electrical Engineering; Electronics & Communication Engg; Mechanical Engineering,270,,,,,,,,,,,,,,Contact College,,,AICTE Official Institutional Disclosures,2021,,,,,,,,,,,,,,,,https://www.aicte-india.org,False,Medium,False
1-44645092937,LORD BUDDHA INSTITUTE OF TECHNOLOGY AND SCIENCE COLLEGE,"Rajasthan Technical University, Kota",Private-Self Financing,Private,Rajasthan,Kota,KOTA,"IPD-7, RIICO INSTITUTIONAL AREA, RANPUR, KOTA",,,,AICTE Approved,Under Graduate,Bba; Bca,120,,,,,,,,,,,,,,Contact College,,,AICTE Official Institutional Disclosures,2021,,,,,,,,,,,,,,,,https://www.aicte-india.org,False,Medium,False
1-44644363618,SHRINATHJI INSTITUTE OF BIOTECHNOLOGY AND MANAGEMENT,"Mohanlal Sukhadia University, Udaipur",Private-Self Financing,Private,Rajasthan,Rajsamand,RAJSAMAND,UPALI ODEN NATHDWARA,,,,AICTE Approved,Under Graduate,Bba,80,,,,,,,,,,,,,,Contact College,,,AICTE Official Institutional Disclosures,2021,,,,,,,,,,,,,,,,https://www.aicte-india.org,False,Medium,False
1-44671796462,SUPREME MAHAVIDHYALAYA,"Rajasthan Technical University, Kota",Private-Self Financing,Private,Rajasthan,Jaipur,JAIPUR,NEAR 132 KV GRID SUB STATION KHIRVA ROAD HINGONIA DOONGRI,,,,AICTE Approved,Under Graduate,Bca,60,,,,,,,,,,,,,,Contact College,,,AICTE Official Institutional Disclosures,2021,,,,,,,,,,,,,,,,https://www.aicte-india.org,False,Medium,False
1-44638101459,RAJDHANI ENGINEERING COLLEGE,"Rajasthan Technical University, Kota",Private-Self Financing,Private,Rajasthan,Jaipur,JAIPUR,"ROHINI NAHAR PHASE-I, SANGANER RENWAL ROAD, JAIPUR-303904",,,,AICTE Approved,Under Graduate,Civil Engineering; Computer Science And Engineering (Artificial Intelligence ); Electrical Engineering; Mechanical Engineering,300,,,,,,,,,,,,,,Contact College,,,AICTE Official Institutional Disclosures,2021,,,,,,,,,,,,,,,,https://www.aicte-india.org,False,Medium,False
1-44643477354,VEDANT COLLEGE OF ENGINEERING & TECHNOLOGY,"Rajasthan Technical University, Kota",Private-Self Financing,Private,Rajasthan,Bundi,BUNDI,"VILLAGE: TULSI,  P.O:- JAKHMUND, DISTT:- BUNDI",,,,AICTE Approved,Diploma; Post Graduate; Under Graduate,Civil Engineering; Computer Engineering; Computer Science And Engineering; Electrical And Electronics Engineering; Electrical Engineering; Electronics & Communication Engg; Mechanical Engineering; Power Systems,462,,,,,,,,,,,,,,Contact College,,,AICTE Official Institutional Disclosures,2021,,,,,,,,,,,,,,,,https://www.aicte-india.org,False,Medium,False
1-44643815703,NORTHERN INSTITUTE OF LEARNING AND MANAGEMENT,Raj Rishi Bhartrihari Matsya University Alwar,Private-Self Financing,Private,Rajasthan,Alwar,ALWAR,"12TH MILE STONE, VILLAGE BALDEVBAS, ALWAR-BHIWADI MEGA HIGHWAY, ALWAR",,,,AICTE Approved,Under Graduate,Bba; Bca,100,,,,,,,,,,,,,,Contact College,,,AICTE Official Institutional Disclosures,2021,,,,,,,,,,,,,,,,https://www.aicte-india.org,False,Medium,False
1-44671762737,GOVERNMENT LOHIA COLLEGE CHURU,"University of Bikaner, Bikaner",Government,Government,Rajasthan,Churu,CHURU,OPPOSITE RAILWAY STATION,,,,AICTE Approved,Under Graduate,Bba,60,,,,,,,,,,,,,,Contact College,,,AICTE Official Institutional Disclosures,2021,,,,,,,,,,,,,,,,https://www.aicte-india.org,False,Medium,False
1-44641799737,"SWAMI KESHVANAND INSTITUTE OF TECHNOLOGY, MANAGEMENT & GRAMOTHAN","Rajasthan Technical University, Kota",Private-Self Financing,Private,Rajasthan,Jaipur,JAIPUR,"RAMNAGARIA, JAGATPURA,",,,,AICTE Approved,Post Graduate; Under Graduate,Civil Engineering; Computer Science; Computer Science And Engineering; Computer Science And Engineering (Artificial Intelligence); Computer Science And Engineering (Data Science); Computer Science And Engineering (Iot); Digital Communications; Electrical Engineering; Electronics & Communication Engg; Information Technology,1461,,,,,,,,,,,,,,Contact College,,,AICTE Official Institutional Disclosures,2021,,,,,,,,,,,,,,,,https://www.aicte-india.org,False,Medium,False
1-44643806230,SALASAR BALAJI INSTITUTE OF TECHNOLOGY,"BIKANER TECHNICAL UNIVERSITY, RAJASTHAN",Private-Self Financing,Private,Rajasthan,Sikar,SIKAR,"KOCHHOR,  JEENMATA ROAD",,,,AICTE Approved,Post Graduate; Under Graduate,Bba; Bca; Mba; Mca,720,,,,,,,,,,,,,,Contact College,,,AICTE Official Institutional Disclosures,2021,,,,,,,,,,,,,,,,https://www.aicte-india.org,False,Medium,False
1-44798594693,APEX INSTITUTE OF COMPUTER APPLICATION,"APEX UNIVERSITY, JAIPUR",Private-Self Financing,Private,Rajasthan,Kota,KOTA,IPB-14 RIICO INSTITUTIONAL AREA RANPUR KOTA,,,,AICTE Approved,Under Graduate,Bca,60,,,,,,,,,,,,,,Contact College,,,AICTE Official Institutional Disclosures,2021,,,,,,,,,,,,,,,,https://www.aicte-india.org,False,Medium,False
1-44645076513,SP COLLEGE SIROHI,"Mohanlal Sukhadia University, Udaipur",Private-Self Financing,Private,Rajasthan,Sirohi,SIROHI,"SARVADHAM CAMPUS, OPPOSITE POLICE LANE",,,,AICTE Approved,Under Graduate,Bca,100,,,,,,,,,,,,,,Contact College,,,AICTE Official Institutional Disclosures,2021,,,,,,,,,,,,,,,,https://www.aicte-india.org,False,Medium,False
1-44640745390,"GOVT. MAHILA POLYTECHNIC COLLEGE,BIKANER","Board of Technical Education And Directorate Of Technical Education, Jodhpur",Government,Government,Rajasthan,Bikaner,BIKANER,"JAI NARAIAN VYAS COLONY,BIKANER",,,,AICTE Approved,Diploma; Under Graduate,Costume Design And Dress Making; Electronic Engineering; Fashion And Apparel Design; Textile Design,170,,,,,,,,,,,,,,Contact College,,,AICTE Official Institutional Disclosures,2021,,,,,,,,,,,,,,,,https://www.aicte-india.org,False,Medium,False
1-44641876621,RAJASTHAN INSTITUTE OF ENGINEERING & TECHNOLOGY,"Rajasthan Technical University, Kota",Private-Self Financing,Private,Rajasthan,Jaipur,JAIPUR,"BHANKROTA, AJMER ROAD, JAIPUR-302026",,,,AICTE Approved,Post Graduate; Under Graduate,Artificial Intelligence And Data Science; Bba; Bca; Civil Engineering; Computer Science And Design; Computer Science And Engineering; Computer Science And Engineering (Cyber Security); Computer Science And Engineering (Internet Of Things); Digital Communications; Electrical And Electronics Engineering,756,,,,,,,,,,,,,,Contact College,,,AICTE Official Institutional Disclosures,2021,,,,,,,,,,,,,,,,https://www.aicte-india.org,False,Medium,False
1-44644377436,SHANKARA MAHAVIDYALAYA,"University of Rajasthan, Jaipur",Private-Self Financing,Private,Rajasthan,Jaipur,JAIPUR,"SP 44, RIICO INDUSTRIAL AREA, KUKAS",,,,AICTE Approved,Under Graduate,Bba; Bca,240,,,,,,,,,,,,,,Contact College,,,AICTE Official Institutional Disclosures,2021,,,,,,,,,,,,,,,,https://www.aicte-india.org,False,Medium,False
1-44645088711,PRABA SHANKAR PANDYA PG COLLEGE PARTAPUR,GGTU BANSWARA,Private-Self Financing,Private,Rajasthan,Banswara,BANSWARA,GARHI TEHSIL ROAD PARTAPUR,,,,AICTE Approved,Under Graduate,Bba; Bca,240,,,,,,,,,,,,,,Contact College,,,AICTE Official Institutional Disclosures,2021,,,,,,,,,,,,,,,,https://www.aicte-india.org,False,Medium,False
1-44641985843,MAHARISHI ARVIND INSTITUTE OF SCIENCE AND MANAGEMENT,"Rajasthan Technical University, Kota",Private-Self Financing,Private,Rajasthan,Jaipur,JAIPUR,AMBABARI CIRCLE AMBABARI JAIPUR-302023 (RAJASTHAN),,,,AICTE Approved,Post Graduate; Under Graduate,Bba; Bca; Masters In Computer Applications,300,,,,,,,,,,,,,,Contact College,,,AICTE Official Institutional Disclosures,2021,,,,,,,,,,,,,,,,https://www.aicte-india.org,False,Medium,False
1-44644470642,LZEBRA COLLEGE KOTA,"university of kota, Kota",Private-Self Financing,Private,Rajasthan,Kota,KOTA,"BLOCK B, SYDNEY STREET, RAWATBHATA ROAD, SHIVPURA, KOTA",,,,AICTE Approved,Under Graduate,Bca,60,,,,,,,,,,,,,,Contact College,,,AICTE Official Institutional Disclosures,2021,,,,,,,,,,,,,,,,https://www.aicte-india.org,False,Medium,False
1-44644528056,ST. WILFRED'S COLLEGE,"University of Rajasthan, Jaipur",Private-Self Financing,Private,Rajasthan,Jaipur,JAIPUR,"GOVIND MARG, SHIKARPURA, SANGANER, JAIPUR",,,,AICTE Approved,Under Graduate,Bba; Bca,120,,,,,,,,,,,,,,Contact College,,,AICTE Official Institutional Disclosures,2021,,,,,,,,,,,,,,,,https://www.aicte-india.org,False,Medium,False
1-44645016483,KKC PG COLLEGE,"University of Bikaner, Bikaner",Private-Self Financing,Private,Rajasthan,Churu,CHURU,CHURU ROAD SARDARSHAHAR,,,,AICTE Approved,Under Graduate,Bca,140,,,,,,,,,,,,,,Contact College,,,AICTE Official Institutional Disclosures,2021,,,,,,,,,,,,,,,,https://www.aicte-india.org,False,Medium,False
1-44638931990,BIFF & BRIGHT COLLEGE OF ENGINEERING & TECHNOLOGY,"Rajasthan Technical University, Kota",Private-Self Financing,Private,Rajasthan,Jaipur,JAIPUR,"V.P.- PADASOLI NH-8, DUDU,",,,,AICTE Approved,Diploma; Under Graduate,Civil Engineering; Computer Science & Engineering; Electrical Engineering; Mechanical Engineering,390,,,,,,,,,,,,,,Contact College,,,AICTE Official Institutional Disclosures,2021,,,,,,,,,,,,,,,,https://www.aicte-india.org,False,Medium,False
1-44642412340,REGIONAL COLLEGE FOR EDUCATION RESEARCH & TECHNOLOGY,"Rajasthan Technical University, Kota",Private-Self Financing,Private,Rajasthan,Jaipur,JAIPUR,"ISI-17, INSTITUTIONAL AREA SITAPURA, JAIPUR",,,,AICTE Approved,Post Graduate; Under Graduate,Civil Engineering; Computer Science And Engineering; Digital Communication; Electrical Engineering; Electronics & Communication Engg; Masters In Computer Applications; Mba; Mechanical Engineering; Power Systems; Production Engineering,660,,,,,,,,,,,,,,Contact College,,,AICTE Official Institutional Disclosures,2021,,,,,,,,,,,,,,,,https://www.aicte-india.org,False,Medium,False
1-44643554586,VYAS INSTITUTE OF MANAGEMENT,"BIKANER TECHNICAL UNIVERSITY, BIKANER",Private-Self Financing,Private,Rajasthan,Jodhpur,JODHPUR,"NEAR KUDI HAUD, VILLAGE: JHALAMAND, PALI ROAD, JODHPUR-342005",,,,AICTE Approved,Post Graduate,Mba,45,,,,,,,,,,,,,,Contact College,,,AICTE Official Institutional Disclosures,2021,,,,,,,,,,,,,,,,https://www.aicte-india.org,False,Medium,False
1-44644603843,MITS SCIENCE ARTS AND COMMERCE COLLEGE,"Jai Narain Vyas University, Jodhpur",Private-Self Financing,Private,Rajasthan,Pali,PALI,"NH 162, RANIYA BERA, JADAN, PALI",,,,AICTE Approved,Under Graduate,Bca,60,,,,,,,,,,,,,,Contact College,,,AICTE Official Institutional Disclosures,2021,,,,,,,,,,,,,,,,https://www.aicte-india.org,False,Medium,False
1-44671785461,GOVERNMENT COLLEGE KOTA,UNIVERSITY OF KOTA,Government,Government,Rajasthan,Kota,KOTA,NAYAPURA,,,,AICTE Approved,Under Graduate,Bca,40,,,,,,,,,,,,,,Contact College,,,AICTE Official Institutional Disclosures,2021,,,,,,,,,,,,,,,,https://www.aicte-india.org,False,Medium,False
1-44638838977,BLM INSTITUTE OF TECHNOLOGY & MANAGEMENT SCIENCES,"BIKANER TECHNICAL UNIVERSITY, BIKANER",Private-Self Financing,Private,Rajasthan,Jhunjhunu,JHUNJHUNU,"VILLAGE: RAJOTA, POST: KHETRI DISTT.: JHUNJHUNU STATE: RAJASTHAN PIN: 333503",,,,AICTE Approved,Under Graduate,Civil Engineering; Computer Science And Engineering; Electrical Engineering; Electronics And Communications Engineering,180,,,,,,,,,,,,,,Contact College,,,AICTE Official Institutional Disclosures,2021,,,,,,,,,,,,,,,,https://www.aicte-india.org,False,Medium,False
1-44638395555,ARYABHATTA COLLEGE OF ENGINEERING AND RESEARCH CENTER,"BIKANER TECHNICAL UNIVERSITY, BIKANER",Private-Self Financing,Private,Rajasthan,Ajmer,AJMER,BEHIND MAHILA KALYAN MANDAL CHACHIAWAS CHATARI ROAD AJMER,,,,AICTE Approved,Diploma; Post Graduate; Under Graduate,Civil Engineering; Computer Science & Engineering; Electrical Engineering; Mechanical Engineering; Power Systems; Production Engineering,456,,,,,,,,,,,,,,Contact College,,,AICTE Official Institutional Disclosures,2021,,,,,,,,,,,,,,,,https://www.aicte-india.org,False,Medium,False
1-44643833437,TRIBHUVAN COLLEGE,"Guru Gobind Singh Indraprastha University, Delhi",Private-Self Financing,Private,Rajasthan,Alwar,ALWAR,"PLOT NO. 203 & 204, RIICO NEW INDUSTRIAL COMPLEX MAJRAKATH, NEEMRANA",,,,AICTE Approved,Under Graduate,Artificial Intelligence (Ai)  And Data Science; Artificial Intelligence And Machine Learning; Bba; Computer Science And Engineering; Environmental Science And Technology; Food Technology And Management,360,,,,,,,,,,,,,,Contact College,,,AICTE Official Institutional Disclosures,2021,,,,,,,,,,,,,,,,https://www.aicte-india.org,False,Medium,False
1-44671768958,GOVERNMENT COMMERE COLLEGE KOTA,"University of Kota, Kota",Government,Government,Rajasthan,Kota,KOTA,"TALWANDI, KOTA",,,,AICTE Approved,Under Graduate,Bba,60,,,,,,,,,,,,,,Contact College,,,AICTE Official Institutional Disclosures,2021,,,,,,,,,,,,,,,,https://www.aicte-india.org,False,Medium,False
1-44642060628,"SRI BALAJI COLLEGE OF ENGINEERING & TECHNOLOGY, JAIPUR","Rajasthan Technical University, Kota",Private-Self Financing,Private,Rajasthan,Jaipur,JAIPUR,"VILLAGE - MACHEDA, BENAD ROAD, TEHSIL-AMER, DISTT. JAIPUR, RAJASTHAN.",,,,AICTE Approved,Post Graduate; Under Graduate,Civil Engineering; Computer Science And Engineering; Computer Science And Engineering (Artificial Intelligence ); Computer Science And Engineering (Cyber Security); Computer Science And Engineering (Data Science); Electrical Engineering; Mechanical Engineering; Power Systems,336,,,,,,,,,,,,,,Contact College,,,AICTE Official Institutional Disclosures,2021,,,,,,,,,,,,,,,,https://www.aicte-india.org,False,Medium,False
1-44642164577,MANDA INSTITUTE OF TECHNOLOGY,"BIKANER TECHNICAL UNIVERSITY, BIKANER",Private-Self Financing,Private,Rajasthan,Bikaner,BIKANER,"NH 11, JAIPUR ROAD, RAISAR",,,,AICTE Approved,Diploma; Post Graduate; Under Graduate,Civil Engineering; Computer Science And Engineering; Electrical Engineering; Electronics & Communication Engg; Geotechnical Engineering; Mechanical Engineering; Renewable Energy,297,,,,,,,,,,,,,,Contact College,,,AICTE Official Institutional Disclosures,2021,,,,,,,,,,,,,,,,https://www.aicte-india.org,False,Medium,False
1-44644872429,TAGORE PG MAHAVIDYALAYA,"PANDIT DEENDAYAL UPADHYAYA SHEKHAWATI UNIVERSITY ,SIKATR",Private-Self Financing,Private,Rajasthan,Jhunjhunu,JHUNJHUNU,GUDHA GORJI,,,,AICTE Approved,Under Graduate,Bba; Bca,140,,,,,,,,,,,,,,Contact College,,,AICTE Official Institutional Disclosures,2021,,,,,,,,,,,,,,,,https://www.aicte-india.org,False,Medium,False
1-44643864077,AISHWARYA COLLEGE OF IT AND MANAGEMENT,"BIKANER TECHNICAL UNIVERSITY, RAJASTHAN",Private-Self Financing,Private,Rajasthan,Jodhpur,JODHPUR,VILLAGE KHARDA,,,,AICTE Approved,Post Graduate; Under Graduate,Bba; Bca; Mba; Mca,360,,,,,,,,,,,,,,Contact College,,,AICTE Official Institutional Disclosures,2021,,,,,,,,,,,,,,,,https://www.aicte-india.org,False,Medium,False
1-44643859101,BHUPAL NOBLES' UNIVERSITY,bhupal nobles' university,State Private University,Private,Rajasthan,Udaipur,UDAIPUR,"BHUPAL NOBLES' UNIVERSITY, NEAR SEVASHRAM CHOURAHA, UDAIPUR (RAJASTHAN)",,,,AICTE Approved,Post Graduate; Under Graduate,Bba; Bca; Mba,300,,,,,,,,,,,,,,Contact College,,,AICTE Official Institutional Disclosures,2021,,,,,,,,,,,,,,,,https://www.aicte-india.org,False,Medium,False
1-44643465913,"INSTITUTE OF MANAGEMENT STUDIES, S.B.J.S. RAMPURIA JAIN COLLEGE","BIKANER TECHNICAL UNIVERSITY, BIKANER",Private-Self Financing,Private,Rajasthan,Bikaner,BIKANER,"J.N. VYAS COLONY CIRCLE, BIKANER (RAJASTHAN) 334003",,,,AICTE Approved,Post Graduate,Mba,60,,,,,,,,,,,,,,Contact College,,,AICTE Official Institutional Disclosures,2021,,,,,,,,,,,,,,,,https://www.aicte-india.org,False,Medium,False
1-44642589449,TIRUPATI COLLEGE OF TECHNICAL EDUCATION,"Rajasthan Technical University, Kota",Private-Self Financing,Private,Rajasthan,Jaipur,JAIPUR,"#262, SECTOR 26, PRATAP NAGAR, SANGANER",,,,AICTE Approved,Post Graduate; Under Graduate,Bba; Bca; Mba,420,,,,,,,,,,,,,,Contact College,,,AICTE Official Institutional Disclosures,2021,,,,,,,,,,,,,,,,https://www.aicte-india.org,False,Medium,False
1-44639479687,"UNIVERSITY COLLEGE OF ENGINEERING, GOVIND GURU TRIBAL UNIVERSITY BANSWARA (RAJASTHAN) 327001","Govind Guru Tribal University, Banswara",Government,Government,Rajasthan,Banswara,BANSWARA,"BEHIND MAYUR MILL, KUPDA, DUNGURPUR ROAD",,,,AICTE Approved,Under Graduate,Civil Engineering; Computer Science; Electrical Engineering; Mechanical Engineering,172,,,,,,,,,,,,,,Contact College,,,AICTE Official Institutional Disclosures,2021,,,,,,,,,,,,,,,,https://www.aicte-india.org,False,Medium,False
1-44644981119,CRC COLLEGE,"University of Bikaner, Bikaner",Private-Self Financing,Private,Rajasthan,Churu,CHURU,"HANUMANGARH MEGA HIGHWAYS ROAD, NEAR HARIYASAR",,,,AICTE Approved,Under Graduate,Bca,70,,,,,,,,,,,,,,Contact College,,,AICTE Official Institutional Disclosures,2021,,,,,,,,,,,,,,,,https://www.aicte-india.org,False,Medium,False
1-44641875362,LAXMI DEVI INSTITUTE OF ENGINEERING AND TECHNOLOGY,"BIKANER TECHNICAL UNIVERSITY, BIKANER",Private-Self Financing,Private,Rajasthan,Alwar,ALWAR,"ALWAR -TIJARA - DELHI HIGHWAY, CHIKANI, ALWAR, RAJASTHAN",,,,AICTE Approved,Diploma; Post Graduate; Under Graduate,Civil Engineering; Computer Science & Engineering; Computer Science And Engineering; Electrical Engineering; Mba; Mechanical Engineering,378,,,,,,,,,,,,,,Contact College,,,AICTE Official Institutional Disclosures,2021,,,,,,,,,,,,,,,,https://www.aicte-india.org,False,Medium,False
1-44638593386,KEYSTONE GROUP OF INSTITUTIONS,"Board of Technical Education And Directorate Of Technical Education, Jodhpur",Private-Self Financing,Private,Rajasthan,Jhunjhunu,JHUNJHUNU,"169 KM MILESTONE, VILLAGE PILLOD LOHARU-CHIRAWA-JHUNJHUNU STATE HIGHWAY",,,,AICTE Approved,Diploma; Post Graduate; Under Graduate,Civil Engineering; Computer Science & Engineering; Digital Communication; Electrical And Electronics Engineering; Electronics & Communication Engg; Mba; Mechanical Engineering,288,,,,,,,,,,,,,,Contact College,,,AICTE Official Institutional Disclosures,2021,,,,,,,,,,,,,,,,https://www.aicte-india.org,False,Medium,False
1-44644336922,S.S. JAIN SUBODH COLLEGE OF GLOBAL EXCELLENCE,"University of Rajasthan, Jaipur",Private-Self Financing,Private,Rajasthan,Jaipur,JAIPUR,"IS-2020, IND. AREA, RAMCHANDRAPURA, SITAPURA EXT., SANGANER, JAIPUR",,,,AICTE Approved,Under Graduate,Bba; Bca,240,,,,,,,,,,,,,,Contact College,,,AICTE Official Institutional Disclosures,2021,,,,,,,,,,,,,,,,https://www.aicte-india.org,False,Medium,False
1-44644941464,SAJJAN INTERNATIONAL COLLEGE PALI,"Jai Narain Vyas University, Jodhpur",Private-Self Financing,Private,Rajasthan,Pali,PALI,SAJJAN PATH MANPURA BHAKRI PALI,,,,AICTE Approved,Under Graduate,Bba; Bca,140,,,,,,,,,,,,,,Contact College,,,AICTE Official Institutional Disclosures,2021,,,,,,,,,,,,,,,,https://www.aicte-india.org,False,Medium,False
1-44644507786,BIYANI COLLEGE OF SCIENCE AND MANAGEMENT,"University of Rajasthan, Jaipur",Private-Self Financing,Private,Rajasthan,Jaipur,JAIPUR,"BEHIND BHAITRIYA BHAROO TEMPLE, KALWAR-JOBNER ROAD, KALWAR, JAIPUR",,,,AICTE Approved,Under Graduate,Bca,120,,,,,,,,,,,,,,Contact College,,,AICTE Official Institutional Disclosures,2021,,,,,,,,,,,,,,,,https://www.aicte-india.org,False,Medium,False
1-44640851787,PODDAR MANAGEMENT AND TECHNICAL CAMPUS,"Rajasthan Technical University, Kota",Private-Self Financing,Private,Rajasthan,Jaipur,JAIPUR,"GRAM: FATEHPURAVAS VATIKA, SANGANER",,,,AICTE Approved,Post Graduate,Master Of Computer Applications; Mba,240,,,,,,,,,,,,,,Contact College,,,AICTE Official Institutional Disclosures,2021,,,,,,,,,,,,,,,,https://www.aicte-india.org,False,Medium,False
1-44643442367,DEPARTMENT OF COMPUTE SCIENCE AND INFORMATION TECHNOLOGY,NOT APPLICABLE,Deemed to be University(Pvt),Private,Rajasthan,Udaipur,UDAIPUR,"JANARDAN RAI NAGAR RAJASTHAN VIDYAPEETH (DEEMED)UNIVERSITY, PRATAPNAGAR, AIRPORT ROAD, UDAIPUR, RAJASTHAN",,,,AICTE Approved,Post Graduate; Under Graduate,Bca; Masters In Computer Applications,180,,,,,,,,,,,,,,Contact College,,,AICTE Official Institutional Disclosures,2021,,,,,,,,,,,,,,,,https://www.aicte-india.org,False,Medium,False
1-44644538898,S G N KHALSA P G COLLEGE,"University of Bikaner, Bikaner",Private-Self Financing,Private,Rajasthan,Ganganagar,GANGANAGAR,HINDUMAL KOT ROAD NEAR TEEN PULI SRI GANGANAGAR,,,,AICTE Approved,Under Graduate,Bba; Bca,240,,,,,,,,,,,,,,Contact College,,,AICTE Official Institutional Disclosures,2021,,,,,,,,,,,,,,,,https://www.aicte-india.org,False,Medium,False
1-44644752795,KAMAKSHI COLLEGE OF TECHNOLOGY,"BIKANER TECHNICAL UNIVERSITY, RAJASTHAN",Private-Self Financing,Private,Rajasthan,Barmer,BARMER,BALOTRA,,,,AICTE Approved,Under Graduate,Bca,180,,,,,,,,,,,,,,Contact College,,,AICTE Official Institutional Disclosures,2021,,,,,,,,,,,,,,,,https://www.aicte-india.org,False,Medium,False
1-44641905978,VYAS INSTITUTE OF ENGINEERING AND TECHNOLOGY,"BIKANER TECHNICAL UNIVERSITY, BIKANER",Private-Self Financing,Private,Rajasthan,Jodhpur,JODHPUR,"NEAR KUDI HOD, VILLAGE JHALAMAND, PALI ROAD, JODHPUR-342005",,,,AICTE Approved,Under Graduate,Computer Science And Engineering; Electrical Engineering; Electronics & Communication Engg; Mechanical Engineering,156,,,,,,,,,,,,,,Contact College,,,AICTE Official Institutional Disclosures,2021,,,,,,,,,,,,,,,,https://www.aicte-india.org,False,Medium,False
1-44644988611,SHRI JAIN KANYA P G MAHAVIDHYALAY,"University of Bikaner, Bikaner",Private-Self Financing,Private,Rajasthan,Bikaner,BIKANER,"SHRI JIN KUSHAL SURI BHAWAN ,  OUTSIDE BIDASAR BARI,BIKANER",,,,AICTE Approved,Under Graduate,Bca,100,,,,,,,,,,,,,,Contact College,,,AICTE Official Institutional Disclosures,2021,,,,,,,,,,,,,,,,https://www.aicte-india.org,False,Medium,False
1-44643393784,SIKKIM MANIPAL INSTITUTE OF TECHNOLOGY,NOT APPLICABLE,State Private University,Private,Sikkim,East Sikkim,EAST SIKKIM,"MAJITAR, RANGPO, EAST SIKKIM , PIN-737136",,,,AICTE Approved,Post Graduate; Under Graduate,Bba; Bca; Civil Engineering; Computer Science & Engineering; Computer Science And Engineering (Artificial Intelligence And Machine Learning); Computer Science And Engineering (Data Science ); Computer Science And Engineering (Internet Of Things And Cyber Security Including Block Chain Techno; Computer Science And Information Technology; Computer Science And Technology; Electrical And Electronics Engineering,1032,,,,,,,,,,,,,,Contact College,,,AICTE Official Institutional Disclosures,2021,,,,,,,,,,,,,,,,https://www.aicte-india.org,False,Medium,False
1-44638800819,SIKKIM INSTITUTE OF SCIENCE AND TECHNOLOGY,"Sikkim University, Gangtok",Government,Government,Sikkim,East Sikkim,EAST SIKKIM,"CHISOPANI, SOUTH SIKKIM",,,,AICTE Approved,Under Graduate,Civil Engineering; Computer Engineering,80,,,,,,,,,,,,,,Contact College,,,AICTE Official Institutional Disclosures,2021,,,,,,,,,,,,,,,,https://www.aicte-india.org,False,Medium,False
1-44643792032,SHRI RAMASAMY MEMORIAL UNIVERSITY SIKKIM,SELF,State Private University,Private,Sikkim,East Sikkim,EAST SIKKIM,5TH MILE TADONG,,,,AICTE Approved,Post Graduate; Under Graduate,Bba; Bca; Mba; Mca,240,,,,,,,,,,,,,,Contact College,,,AICTE Official Institutional Disclosures,2021,,,,,,,,,,,,,,,,https://www.aicte-india.org,False,Medium,False
1-44638691020,KARUNYA INSTITUTE OF TECHNOLOGY AND SCIENCES,NOT APPLICABLE,Deemed to be University(Pvt),Private,Tamil Nadu,Coimbatore,COIMBATORE,KARUNYA NAGAR COIMBATORE,,,,AICTE Approved,Post Graduate; Under Graduate,Aerospace Engineering; Artificial Intelligence And Data Science; Biomedical Engineering; Biomedical Instrumentation; Biotechnology; Civil Engineering; Computer Engineering; Computer Science And Engineering; Computer Science And Engineering (Artificial Intelligence And Machine Learning); Computer Science And Engineering (Artificial Intelligence),2476,,,,,,,,,,,,,,Contact College,,,AICTE Official Institutional Disclosures,2021,,,,,,,,,,,,,,,,https://www.aicte-india.org,False,Medium,False
1-44643083271,CARE COLLEGE OF ENGINEERING,"Anna University, Chennai",Private-Self Financing,Private,Tamil Nadu,Tiruchirappalli,TIRUCHIRAPPALLI,"NO. 27, THAYANOOR VILLAGE, KUTTAPATTI",,,,AICTE Approved,Post Graduate; Under Graduate,Artificial Intelligence And Data Science; Civil Engineering; Computer Science & Engineering; Computer Science And Engineering(Artificial Intelligence And Machine Learning); Design; Electronics & Communication Engg; Mba; Mechanical Engineering,546,,,,,,,,,,,,,,Contact College,,,AICTE Official Institutional Disclosures,2021,,,,,,,,,,,,,,,,https://www.aicte-india.org,False,Medium,False
1-44642588259,SHREE VENKATESHWARA HI-TECH ENGINEERING COLLEGE,"Anna University, Chennai",Private-Self Financing,Private,Tamil Nadu,Erode,ERODE,"SRI KALAIVANI NAGAR, ERODE-SATHY MAIN ROAD, OTHAKUTHIRAI, K.METTUPALAYAM (PO) GOBICHETTIPALAYAM - 638 455 ERODE (DISTRICT),  TAMILNADU, INDIA.",,,,AICTE Approved,Post Graduate; Under Graduate,Artificial Intelligence (Ai)  And Data Science; Biomedical Engineering; Biotechnology; Civil Engineering; Computer Science And Engineering; Computer Science And Engineering (Artificial Intelligence And Machine Learning); Computer Science And Engineering (Cyber Security); Construction Engineerng And Management; Electrical And Electronics Engineering; Electronics & Communication Engg,894,,,,,,,,,,,,,,Contact College,,,AICTE Official Institutional Disclosures,2021,,,,,,,,,,,,,,,,https://www.aicte-india.org,False,Medium,False
1-44643084712,P.A.COLLEGE OF ENGINEERING AND TECHNOLOGY,"Anna University, Chennai",Private-Self Financing,Private,Tamil Nadu,Coimbatore,COIMBATORE,PALLADAM ROAD POLLACHI COIMBATORE - 642002,,,,AICTE Approved,Post Graduate; Under Graduate,Artificial Intelligence (Ai)  And Data Science; Computer Science And Engineering; Electrical And Electronics Engineering; Electronics & Communication Engg; Information Technology; Mechanical Engineering; Power Electronics And Drives,408,,,,,,,,,,,,,,Contact College,,,AICTE Official Institutional Disclosures,2021,,,,,,,,,,,,,,,,https://www.aicte-india.org,False,Medium,False
1-44644917960,MEENAKSHI ACADEMY OF HIGHER EDUCATION AND RESEARCH,"Meenakshi Academy of Higher Education and Research,  Chennai",Deemed to be University(Pvt),Private,Tamil Nadu,Chennai,CHENNAI,"NO.12, VEMBULIAMMAN KOIL STREET, WEST K.K. NAGAR",,,,AICTE Approved,Post Graduate; Under Graduate,Bba; Bca; Mba; Mca,240,,,,,,,,,,,,,,Contact College,,,AICTE Official Institutional Disclosures,2021,,,,,,,,,,,,,,,,https://www.aicte-india.org,False,Medium,False
1-44641346075,VIVEKANANDA INSTITUTE OF MANAGEMENT STUDIES,"Anna University, Chennai",Private-Self Financing,Private,Tamil Nadu,Coimbatore,COIMBATORE,"143/1A2,SARKARSAMAKULAM VILLAGE,COIMBATORE NORTH TK,COIMBATORE-641107",,,,AICTE Approved,Post Graduate,Mba,120,,,,,,,,,,,,,,Contact College,,,AICTE Official Institutional Disclosures,2021,,,,,,,,,,,,,,,,https://www.aicte-india.org,False,Medium,False
1-44641955884,"GOVERNMENT ARTS COLLEGE(AUTONOMOUS),SALEM-7","Periyar University, Salem",Government,Government,Tamil Nadu,Salem,SALEM,"GOVERNMENT ARTS COLLEGE(AUTONOMOUS),SALEM-7",,,,AICTE Approved,Post Graduate,Masters In Computer Applications; Mba,60,,,,,,,,,,,,,,Contact College,,,AICTE Official Institutional Disclosures,2021,,,,,,,,,,,,,,,,https://www.aicte-india.org,False,Medium,False
1-44643976847,VINAYAKA MISSIONS KIRUPANANDA VARIYAR ARTS AND SCIENCE COLLEGE VINAYAKA MISSIONS RESEARCH FOUNDATION DEEMED TO BE UNIVERSITY,"Vinayaka Missions Research Foundation, Salem",Deemed to be University(Pvt),Private,Tamil Nadu,Salem,SALEM,"NH-47, SANKARI MAIN ROAD,  PERIYASEERAGAPADI, ARIYANOOR, SALEM",,,,AICTE Approved,Under Graduate,Bba; Bca,70,,,,,,,,,,,,,,Contact College,,,AICTE Official Institutional Disclosures,2021,,,,,,,,,,,,,,,,https://www.aicte-india.org,False,Medium,False
1-44645007537,SASURIE COLLEGE OF ARTS AND SCIENCE,"Bharathiar University, Coimbatore",Private-Self Financing,Private,Tamil Nadu,Tiruppur,TIRUPPUR,VIJAYAMANGALAM TIRUPPUR,,,,AICTE Approved,Under Graduate,Bba; Bca,160,,,,,,,,,,,,,,Contact College,,,AICTE Official Institutional Disclosures,2021,,,,,,,,,,,,,,,,https://www.aicte-india.org,False,Medium,False
1-44641485158,JAYARAJ ANNAPACKIAM CSI COLLEGE OF ENGTINEERING,"Anna University, Chennai",Private-Self Financing,Private,Tamil Nadu,Thoothukudi,THOOTHUKUDI,"MARGOSCHIS NAGAR, NAZARETH THOOTHUKUDI DISTRICT TAMILNADU",,,,AICTE Approved,Post Graduate; Under Graduate,Artificial Intelligence (Ai)  And Data Science; Computer Science And Engineering; Electronics And Communications Engineering; Information Technology; Mba; Mechanical Engineering,438,,,,,,,,,,,,,,Contact College,,,AICTE Official Institutional Disclosures,2021,,,,,,,,,,,,,,,,https://www.aicte-india.org,False,Medium,False
1-44638544668,JAI SHRIRAM ENGINEERING COLLEGE,"Anna University, Chennai",Private-Self Financing,Private,Tamil Nadu,Tiruppur,TIRUPPUR,DHARAPURAM ROAD,,,,AICTE Approved,Post Graduate; Under Graduate,Applied Electronics; Artificial Intelligence And Data Science; Civil Engineering; Computer Science & Engineering; Computer Science And Engineering; Electrical And Electronics Engineering; Electronics & Communication Engg; Fashion Technology; Information Technology; Mba(Business Management),558,,,,,,,,,,,,,,Contact College,,,AICTE Official Institutional Disclosures,2021,,,,,,,,,,,,,,,,https://www.aicte-india.org,False,Medium,False
1-44643025985,SRI VENKATESWARA INSTITUTE OF INFORMATION TECHNOLOGY AND MANAGEMENT,"Anna University, Chennai",Private-Self Financing,Private,Tamil Nadu,Coimbatore,COIMBATORE,"SF-348/1, 3G ROAD, ETTIMADAI, PALAKKAD ROAD, COIMBATORE-6421105",,,,AICTE Approved,Post Graduate,Mba,90,,,,,,,,,,,,,,Contact College,,,AICTE Official Institutional Disclosures,2021,,,,,,,,,,,,,,,,https://www.aicte-india.org,False,Medium,False
1-44641998379,GRT INSTITUTE OF ENGINEERING AND TECHNOLOGY,"Anna University, Chennai",Private-Self Financing,Private,Tamil Nadu,Thiruvallur,THIRUVALLUR,GRT MAHALAKSHMI  NAGAR CHENNAI-TIRUPATHI  HIGH WAY  TIRUTTANI-631209,,,,AICTE Approved,Post Graduate; Under Graduate,Artificial Intelligence (Ai)  And Data Science; Biomedical Engineering; Computer Science And Engineering; Electrical And Electronics Engineering; Electronics & Communication Engg; Information Technology; Mba; Mechanical Engineering,570,,,,,,,,,,,,,,Contact College,,,AICTE Official Institutional Disclosures,2021,,,,,,,,,,,,,,,,https://www.aicte-india.org,False,Medium,False
1-44639739332,"GOVERNMENT ARTS COLLEGE (AUTONOMOUS), KUMBAKONAM","Bharathidasan University, Tiruchirappalli",Government,Government,Tamil Nadu,Thanjavur,THANJAVUR,GOVERNMENT COLLEGE FOR MEN (AUTONOMOUS) KUMBAKONAM - 612001 THANJAVUR - DISTRICT  TAMILNADU,,,,AICTE Approved,Post Graduate,Masters In Computer Applications,30,,,,,,,,,,,,,,Contact College,,,AICTE Official Institutional Disclosures,2021,,,,,,,,,,,,,,,,https://www.aicte-india.org,False,Medium,False
1-44644357292,KAVERY ARTS AND SCIENCE COLLEGE,"Periyar University, Salem",Private-Self Financing,Private,Tamil Nadu,Salem,SALEM,M.KALIPATTI,,,,AICTE Approved,Under Graduate,Bba; Bca,100,,,,,,,,,,,,,,Contact College,,,AICTE Official Institutional Disclosures,2021,,,,,,,,,,,,,,,,https://www.aicte-india.org,False,Medium,False
1-44644332974,SRI RAMAKRISHNA COLLEGE OF ARTS AND SCIENCE FOR WOMEN,"Bharathiar University, Coimbatore",Private-Self Financing,Private,Tamil Nadu,Coimbatore,COIMBATORE,"395, SAROJINI NAIDU ROAD NEW SIDDHAPUDHUR",,,,AICTE Approved,Under Graduate,Bba; Bca,120,,,,,,,,,,,,,,Contact College,,,AICTE Official Institutional Disclosures,2021,,,,,,,,,,,,,,,,https://www.aicte-india.org,False,Medium,False
1-44644368208,ULTRA ARTS AND SCIENCE COLLEGE,"MADURAI KAMARAJ UNIVERSITY, MADURAI",Private-Self Financing,Private,Tamil Nadu,Madurai,MADURAI,"69/1A, ULTRA NAGAR, MADURAI - CHENNAI HIGHWAY",,,,AICTE Approved,Under Graduate,Bba; Bca,160,,,,,,,,,,,,,,Contact College,,,AICTE Official Institutional Disclosures,2021,,,,,,,,,,,,,,,,https://www.aicte-india.org,False,Medium,False
1-44643249909,INDIRA INSTITUTE OF ENGINEERING AND TECHNOLOGY,"Anna University, Chennai",Private-Self Financing,Private,Tamil Nadu,Thiruvallur,THIRUVALLUR,NO 1 V.G.R NAGAR V.G.R GARDENS PANDUR THIRUVALLUR,,,,AICTE Approved,Post Graduate; Under Graduate,Artificial Intelligence (Ai)  And Data Science; Cad/Cam; Civil Engineering; Computer Science And Engineering; Electrical And Electronics Engineering; Electronics & Communication Engg; Mba; Mechanical Engineering; Power Systems Engineering,504,,,,,,,,,,,,,,Contact College,,,AICTE Official Institutional Disclosures,2021,,,,,,,,,,,,,,,,https://www.aicte-india.org,False,Medium,False
1-44642474770,STUDYWORLD COLLEGE OF ENGINEERING,"Anna University, Chennai",Private-Self Financing,Private,Tamil Nadu,Coimbatore,COIMBATORE,ALAGU NACHIAMMAN KOIL ROAD PALATHURAI (PO) COIMBATORE - 641 105,,,,AICTE Approved,Post Graduate; Under Graduate,Artificial Intelligence (Ai)  And Data Science; Computer Science And Engineering; Computer Science And Engineering (Artificial Intelligence And Machine Learning); Computer Science And Engineering (Cyber Security); Electrical And Electronics Engineering; Electronics & Communication Engg; Information Technology; Mba; Mechanical Engineering,510,,,,,,,,,,,,,,Contact College,,,AICTE Official Institutional Disclosures,2021,,,,,,,,,,,,,,,,https://www.aicte-india.org,False,Medium,False
1-44644926171,ISLAMIAH COLLEGE,"Thiruvalluvar University, Vellore",Govt aided,Government,Tamil Nadu,Vellore,VELLORE,NEW TOWN,,,,AICTE Approved,Under Graduate,Bba; Bca,170,,,,,,,,,,,,,,Contact College,,,AICTE Official Institutional Disclosures,2021,,,,,,,,,,,,,,,,https://www.aicte-india.org,False,Medium,False
1-44643451879,IMAYAM COLLEGE OF ENGINEERING,"Anna University, Chennai",Private-Self Financing,Private,Tamil Nadu,Tiruchirappalli,TIRUCHIRAPPALLI,"KANNANUR, THURAIYUR(T.K), TRICHY(D.T), 621 206.",,,,AICTE Approved,Under Graduate,Artificial Intelligence (Ai)  And Data Science; Biomedical Engineering; Computer Science And Engineering; Computer Science And Engineering (Artificial Intelligence And Machine Learning); Computer Science And Engineering (Cyber Security); Electrical And Electronics Engineering; Electronics And Communication Engineering; Information Technology; Mechanical Engineering,420,,,,,,,,,,,,,,Contact College,,,AICTE Official Institutional Disclosures,2021,,,,,,,,,,,,,,,,https://www.aicte-india.org,False,Medium,False
1-44643445322,GANADIPATHY TULSI'S JAIN ENGINEERING COLLEGE,"Anna University, Chennai",Private-Self Financing,Private,Tamil Nadu,Vellore,VELLORE,"CHITTOOR-CUDDALORE ROAD, KANIYAMBADI, VELLORE.",,,,AICTE Approved,Post Graduate; Under Graduate,Artificial Intelligence And Data Science; Computer Science And Business Systems; Computer Science And Engineering; Computer Science And Engineering (Cyber Security); Electrical And Electronics Engineering; Electronics & Communication Engg; Information Technology; Masters In Computer Applications; Mba; Mechanical Engineering,480,,,,,,,,,,,,,,Contact College,,,AICTE Official Institutional Disclosures,2021,,,,,,,,,,,,,,,,https://www.aicte-india.org,False,Medium,False
1-44641692836,SENGUNTHAR INSTITUTE OF MANGEMENT STUDIES,"Periyar University, Salem",Private-Self Financing,Private,Tamil Nadu,Namakkal,NAMAKKAL,"SENGUNTHAR INSTITUE OF MANAGEMENT STUDIES, NEIKKARAPATTI, KUPPANDAPALAYAM (POST) KUMARAMANGALAM, TIRUCHENGODE NAMAKKAL.",,,,AICTE Approved,Post Graduate,Mba,120,,,,,,,,,,,,,,Contact College,,,AICTE Official Institutional Disclosures,2021,,,,,,,,,,,,,,,,https://www.aicte-india.org,False,Medium,False
1-44640433652,EINSTEIN COLLEGE OF ENGINEERING,"Anna University, Chennai",Private-Self Financing,Private,Tamil Nadu,Tirunelveli,TIRUNELVELI,SIR.C.V.RAMAN NAGAR SEETHAPARPANALLUR TIRUNELVELI-627012 TAMIL NADU,,,,AICTE Approved,Post Graduate; Under Graduate,Applied Electronics; Artificial Intelligence And Data Science; Civil Engineering; Computer Science And Engineering; Construction Engineerng And Management; Electrical And Electronics Engineering; Electronics & Communication Engg; Engineering Design; Mba(General Management); Mechanical Engineering,504,,,,,,,,,,,,,,Contact College,,,AICTE Official Institutional Disclosures,2021,,,,,,,,,,,,,,,,https://www.aicte-india.org,False,Medium,False
1-44645019490,P.K.R. ARTS COLLEGE FOR WOMEN,"Bharathiar University, Coimbatore",Private-Self Financing,Private,Tamil Nadu,Erode,ERODE,127 PARIYUR ROAD GOBICHETTIPALAYAM,,,,AICTE Approved,Under Graduate,Bba; Bca,120,,,,,,,,,,,,,,Contact College,,,AICTE Official Institutional Disclosures,2021,,,,,,,,,,,,,,,,https://www.aicte-india.org,False,Medium,False
1-44644208558,ST.JOHN'S COLLEGE OF ARTS AND SCIENCE,"Manonmaniam Sundaranar University, Tirunelveli",Private-Self Financing,Private,Tamil Nadu,Kanyakumari,KANYAKUMARI,"ST.JOHN'S COLLEGE OF ARTS AND SCIENCE, AMMANDIVILAI",,,,AICTE Approved,Under Graduate,Bba; Bca,120,,,,,,,,,,,,,,Contact College,,,AICTE Official Institutional Disclosures,2021,,,,,,,,,,,,,,,,https://www.aicte-india.org,False,Medium,False
1-44643278867,THANGAVELU ENGINEERING COLLEGE(MBA PROGRAMME),"Anna University, Chennai",Private-Self Financing,Private,Tamil Nadu,Chennai,CHENNAI,RAJIV GANDHI SALAI KARAPAKKAM CHENNAI-600 097,,,,AICTE Approved,Post Graduate,Mba,120,,,,,,,,,,,,,,Contact College,,,AICTE Official Institutional Disclosures,2021,,,,,,,,,,,,,,,,https://www.aicte-india.org,False,Medium,False
1-44640244298,MEASI INSTITUTE OF INFORMATION TECHNOLOGY,"Madras University, Chennai",Private-Self Financing,Private,Tamil Nadu,Chennai,CHENNAI,"87, PETERS ROAD, ROYAPETTAH, CHENNAI",,,,AICTE Approved,Post Graduate,Masters In Computer Applications,180,,,,,,,,,,,,,,Contact College,,,AICTE Official Institutional Disclosures,2021,,,,,,,,,,,,,,,,https://www.aicte-india.org,False,Medium,False
1-44644330549,JAWAHAR SCIENCE COLLEGE,"Annamalai University, Annamalai Nagar",Private-Self Financing,Private,Tamil Nadu,Cuddalore,CUDDALORE,"BLOCK 14, NEYVELI TOWNSHIP",,,,AICTE Approved,Under Graduate,Bba; Bca,100,,,,,,,,,,,,,,Contact College,,,AICTE Official Institutional Disclosures,2021,,,,,,,,,,,,,,,,https://www.aicte-india.org,False,Medium,False
1-44642578856,R.V.S.COLLEGE OF ENGINEERING & TECHNOLOGY,"Anna University, Chennai",Private-Self Financing,Private,Tamil Nadu,Dindigul,DINDIGUL,"R.V.S.NAGAR, KARUR ROAD, DINDIGUL - 624 005",,,,AICTE Approved,Post Graduate,Mba,120,,,,,,,,,,,,,,Contact College,,,AICTE Official Institutional Disclosures,2021,,,,,,,,,,,,,,,,https://www.aicte-india.org,False,Medium,False
1-44644531958,PEE GEE COLLEGE OF ARTS AND SCIENCE,"Periyar University, Salem",Private-Self Financing,Private,Tamil Nadu,Dharmapuri,DHARMAPURI,"NH - 44, KRISHNAGIRI MAIN ROAD, KARIMANGALAM TALUK, PERIYANAHALLI VILLAGE & POST, DHARMAPURI DISTRICT, PIN CODE - 635 205. TAMIL NADU.",,,,AICTE Approved,Under Graduate,Bba; Bca,100,,,,,,,,,,,,,,Contact College,,,AICTE Official Institutional Disclosures,2021,,,,,,,,,,,,,,,,https://www.aicte-india.org,False,Medium,False
1-44794061744,MEENAKSHI ACADEMY OF HIGHER EDUCATION AND RESEARCH,"Meenakshi Academy of Higher Education and Research,  Chennai",Deemed to be University(Pvt),Private,Tamil Nadu,Kanchipuram,KANCHIPURAM,"MEENAKSHI INSTITUTE OF ENGINEERING AND TECHNOLOGY 55, NARAYANASWAMY NAGAR, THANDALAM, SRIPERUMBUDHUR - 602105",,,,AICTE Approved,Under Graduate,Computer Science & Engineering; Computer Science And Engineering (Artificial Intelligence And Data Science); Computer Science And Engineering (Artificial Intelligence And Machine Learning); Computer Science And Engineering (Cyber Security); Electronics And Communication Engineering; Information Technology,300,,,,,,,,,,,,,,Contact College,,,AICTE Official Institutional Disclosures,2021,,,,,,,,,,,,,,,,https://www.aicte-india.org,False,Medium,False
1-44642259119,PRIYADARSHINI ENGINEERING COLLEGE,"Anna University, Chennai",Private-Self Financing,Private,Tamil Nadu,Vellore,VELLORE,"CHETTIYAPPANUR VILLAGE & POST, VANIYAMBADI.",,,,AICTE Approved,Post Graduate; Under Graduate,Artificial Intelligence And Data Science; Civil Engineering; Computer Science And Engineering; Electrical And Electronics Engineering; Electronics & Communication Engg; Information Technology; Masters In Computer Applications; Mba; Mechanical Engineering,630,,,,,,,,,,,,,,Contact College,,,AICTE Official Institutional Disclosures,2021,,,,,,,,,,,,,,,,https://www.aicte-india.org,False,Medium,False
1-44643074040,ROEVER ENGINEERING COLLEGE,"Anna University, Chennai",Private-Self Financing,Private,Tamil Nadu,Perambalur,PERAMBALUR,ELAMBALUR(POST) PERAMBALUR,,,,AICTE Approved,Post Graduate; Under Graduate,Artificial Intelligence And Data Science; Biotechnology; Cad Cam; Civil Engineering; Computer Science And Engineering; Electrical And Electronics Engineering; Electronics And Communications Engineering; Masters In Computer Applications; Mechanical Engineering; Power Electronics And Drives,612,,,,,,,,,,,,,,Contact College,,,AICTE Official Institutional Disclosures,2021,,,,,,,,,,,,,,,,https://www.aicte-india.org,False,Medium,False
1-44641970111,SRI RAMACHANDRA FACULTY OF MANAGEMENT SCIENCES,NOT APPLICABLE,Deemed to be University(Pvt),Private,Tamil Nadu,Chennai,CHENNAI,"NO.1, RAMACHANDRA NAGAR",,,,AICTE Approved,Post Graduate; Under Graduate,Bba; Mba (Hospital And Health Systems Management),120,,,,,,,,,,,,,,Contact College,,,AICTE Official Institutional Disclosures,2021,,,,,,,,,,,,,,,,https://www.aicte-india.org,False,Medium,False
1-44642676652,S K R ENGINEERING COLLEGE,"Anna University, Chennai",Private-Self Financing,Private,Tamil Nadu,Thiruvallur,THIRUVALLUR,"AGARMEL, POONAMALLEE, CHENNAI - 600123",,,,AICTE Approved,Post Graduate; Under Graduate,Biomedical Engineering; Computer Science And Business Systems; Computer Science And Engineering; Electrical And Electronics Engineering; Electronics & Communication Engg; Information Technology; Mba,390,,,,,,,,,,,,,,Contact College,,,AICTE Official Institutional Disclosures,2021,,,,,,,,,,,,,,,,https://www.aicte-india.org,False,Medium,False
1-44644217291,CSI JAYARAJ ANNAPACKIAM COLLEGE,"Manonmaniam Sundaranar University, Tirunelveli",Private-Self Financing,Private,Tamil Nadu,Tirunelveli,TIRUNELVELI,4/1 ALANGULAM ROAD,,,,AICTE Approved,Under Graduate,Bba; Bca,120,,,,,,,,,,,,,,Contact College,,,AICTE Official Institutional Disclosures,2021,,,,,,,,,,,,,,,,https://www.aicte-india.org,False,Medium,False
1-44642543338,V.H.N.SENTHIKUMARA NADAR COLLEGE,"Madurai Kamraj University, Madurai",Private-Self Financing,Private,Tamil Nadu,Virudhunagar,VIRUDHUNAGAR,"COLLEGE ROAD, ROSALPATTI, VIRUDHUNAGAR.",,,,AICTE Approved,Post Graduate,Mba,60,,,,,,,,,,,,,,Contact College,,,AICTE Official Institutional Disclosures,2021,,,,,,,,,,,,,,,,https://www.aicte-india.org,False,Medium,False
1-44642543810,V H N S N  COLLEGE,"Madurai Kamraj University, Madurai",Private-Self Financing,Private,Tamil Nadu,Virudhunagar,VIRUDHUNAGAR,"COLLEGE ROAD, ROSALPATTI, VIRUDHUNAGAR.",,,,AICTE Approved,Post Graduate,Masters In Computer Applications,60,,,,,,,,,,,,,,Contact College,,,AICTE Official Institutional Disclosures,2021,,,,,,,,,,,,,,,,https://www.aicte-india.org,False,Medium,False
1-44643669645,NATIONAL ENGINEERING COLLEGE,"Anna University, Chennai",Private-Self Financing,Private,Tamil Nadu,Thoothukudi,THOOTHUKUDI,"K.R.NAGAR, NALATTINPUTHUR, KOVILPATTI, TUTICORIN DISTRICT, TAMILNADU.",,,,AICTE Approved,Post Graduate; Under Graduate,Artificial Intelligence (Ai)  And Data Science; Civil Engineering; Computer Science And Engineering; Electrical And Electronics Engineering; Electronics & Communication Engg; Embedded Systems Technologies; High Voltage Engineering; Information Technology; Information Technology(Information And Cyber Warfare); Mechanical Engineering,576,,,,,,,,,,,,,,Contact College,,,AICTE Official Institutional Disclosures,2021,,,,,,,,,,,,,,,,https://www.aicte-india.org,False,Medium,False
1-44644433612,GOVERNMENT ARTS AND SCIENCE COLLEGE SIVAKASI,"MADURAI KAMARAJ UNIVERSITY, MADURAI",Government,Government,Tamil Nadu,Virudhunagar,VIRUDHUNAGAR,"ESI HOSPITAL BACK SIDE, HOUSING BOARD, SIVAKASI - 626124 , TAMILNADU",,,,AICTE Approved,Under Graduate,Bba,60,,,,,,,,,,,,,,Contact College,,,AICTE Official Institutional Disclosures,2021,,,,,,,,,,,,,,,,https://www.aicte-india.org,False,Medium,False
1-44638943547,KARPAGAM ACADEMY OF HIGHER EDUCATION,NOT APPLICABLE,Deemed to be University(Pvt),Private,Tamil Nadu,Coimbatore,COIMBATORE,"POLLACHI MAIN ROAD, EACHANARI POST, COIMBATORE",,,,AICTE Approved,Post Graduate; Under Graduate,Artificial Intelligence And Data Science; Bba; Bca; Biomedical Engineering; Biotechnology; Cad/ Cam Robotics; Civil Engineering; Computer Science And Business Systems; Computer Science And Engineering; Computer Science And Engineering (Cyber Security),1658,,,,,,,,,,,,,,Contact College,,,AICTE Official Institutional Disclosures,2021,,,,,,,,,,,,,,,,https://www.aicte-india.org,False,Medium,False
1-44642482371,MAHENDRA COLLEGE OF ENGINEERING,"Anna University, Chennai",Private-Self Financing,Private,Tamil Nadu,Salem,SALEM,12TH KM ATTUR MAIN ROAD  MINNAMPALLI SALEM,,,,AICTE Approved,Post Graduate; Under Graduate,Artificial Intelligence (Ai)  And Data Science; Biomedical Engineering; Communication Systems; Computer Science And Engineering; Electrical And Electronics Engineering; Electronics & Communication Engg; Engineering Design; Information Technology; Mechanical Engineering; Power Electronics And Drives,750,,,,,,,,,,,,,,Contact College,,,AICTE Official Institutional Disclosures,2021,,,,,,,,,,,,,,,,https://www.aicte-india.org,False,Medium,False
1-44644776134,SIGA COLLEGE OF MANAGEMENT AND COMPUTER SCEINCE,"Annamalai University, Annamalai Nagar",Private-Self Financing,Private,Tamil Nadu,Viluppuram,VILUPPURAM,"CHENNAI - KUMBAKONAM N.H.ROAD, KAPPIYAMPULIYUR, VILLUPURAM",,,,AICTE Approved,Under Graduate,Bba; Bca,120,,,,,,,,,,,,,,Contact College,,,AICTE Official Institutional Disclosures,2021,,,,,,,,,,,,,,,,https://www.aicte-india.org,False,Medium,False
1-44642168643,KINGS COLLEGE OF ENGINEERING,"Anna University, Chennai",Private-Self Financing,Private,Tamil Nadu,Pudukkottai,PUDUKKOTTAI,PUNALKULAM VILLAGE GANDARVAKKOTTAI (TK) PUDUKKOTTAI (DIST),,,,AICTE Approved,Post Graduate; Under Graduate,Artificial Intelligence (Ai)  And Data Science; Civil Engineering; Computer Science And Engineering; Electrical And Electronics Engineering; Electronics And Communication Engineering; Information Technology; Mechanical Engineering; Power Electronics And Drives; Thermal Engineering; Vlsi Design,516,,,,,,,,,,,,,,Contact College,,,AICTE Official Institutional Disclosures,2021,,,,,,,,,,,,,,,,https://www.aicte-india.org,False,Medium,False
1-44643706866,ARM COLLEGE OF ENGINEERING AND TECHNOLOGY,"Anna University, Chennai",Private-Self Financing,Private,Tamil Nadu,Kanchipuram,KANCHIPURAM,"SATTAMANGALAM, MARAIMALAI NAGAR, CHENGALPET TK. KANCHIPURAM DIST.",,,,AICTE Approved,Post Graduate; Under Graduate,Artificial Intelligence (Ai)  And Data Science; Business Administration; Civil Engineering; Computer Science And Engineering; Computer Science And Engineering (Cyber Security); Electrical And Electronics Engineering; Electronics And Communication Engineering; Engineering Design; Information Technology; Mechanical Engineering,516,,,,,,,,,,,,,,Contact College,,,AICTE Official Institutional Disclosures,2021,,,,,,,,,,,,,,,,https://www.aicte-india.org,False,Medium,False
1-44638523381,ST JOSEPH'S COLLEGE,"Bharathidasan University, Tiruchirappalli",Govt aided,Government,Tamil Nadu,Tiruchirappalli,TIRUCHIRAPPALLI,TEPPAKULAM,,,,AICTE Approved,Post Graduate; Under Graduate,Bba; Bca; Master Of Computer Applications,300,,,,,,,,,,,,,,Contact College,,,AICTE Official Institutional Disclosures,2021,,,,,,,,,,,,,,,,https://www.aicte-india.org,False,Medium,False
1-44644496007,SRI VINAYAGA COLLEGE OF ARTS AND SCIENCE,"Annamalai University, Annamalai Nagar",Private-Self Financing,Private,Tamil Nadu,Viluppuram,VILUPPURAM,"CHENNAI MAIN ROAD,OPP-RAILWAY STATION,NAGAR,ULUNDURPET",,,,AICTE Approved,Under Graduate,Bba; Bca,120,,,,,,,,,,,,,,Contact College,,,AICTE Official Institutional Disclosures,2021,,,,,,,,,,,,,,,,https://www.aicte-india.org,False,Medium,False
1-44641995731,AVS COLLEGE OF ARTS & SCIENCE,"Periyar University, Salem",Private-Self Financing,Private,Tamil Nadu,Salem,SALEM,"RAMALINGAPURAM, ATTUR MAIN ROAD, SALEM- 636 106",,,,AICTE Approved,Post Graduate,Mba,120,,,,,,,,,,,,,,Contact College,,,AICTE Official Institutional Disclosures,2021,,,,,,,,,,,,,,,,https://www.aicte-india.org,False,Medium,False
1-44643246432,MARTHANDAM COLLEGE OF ENGINEERING AND TECHNOLOGY,"Anna University, Chennai",Private-Self Financing,Private,Tamil Nadu,Kanyakumari,KANYAKUMARI,"P.M. VILLAGE ROAD, KUTTAKUZHI, VEEYANNOOR POST, KANYAKUMARI DISTRICT, TAMIL NADU.",,,,AICTE Approved,Post Graduate; Under Graduate,Artificial Intelligence (Ai)  And Data Science; Civil Engineering; Computer Science And Engineering; Electrical And Electronics Engineering; Electronics & Communication Engg; Information Technology; Mba (Business Administration); Mca; Mechanical Engineering; Power Electronics And Drives,564,,,,,,,,,,,,,,Contact College,,,AICTE Official Institutional Disclosures,2021,,,,,,,,,,,,,,,,https://www.aicte-india.org,False,Medium,False
1-44643243311,LATHA MATHAVAN ENGINEERING COLLEGE,"Anna University, Chennai",Private-Self Financing,Private,Tamil Nadu,Madurai,MADURAI,LATHA MATHAVAN NAGAR KIDARIPATTI MELUR TALUK MADURAI DISTRICT,,,,AICTE Approved,Post Graduate; Under Graduate,Cad/Cam; Civil Engineering; Computer Science And Engineering; Electrical And Electronics Engineering; Electronics & Communication Engg; Mechanical Engineering,292,,,,,,,,,,,,,,Contact College,,,AICTE Official Institutional Disclosures,2021,,,,,,,,,,,,,,,,https://www.aicte-india.org,False,Medium,False
1-44642005507,DR G R DAMODARAN COLLEGE OF SCIENCE,"Bharathiar University, Coimbatore",Private-Self Financing,Private,Tamil Nadu,Coimbatore,COIMBATORE,CIVIL AERODROME POST AVANASHI ROAD COIMBATORE 641014,,,,AICTE Approved,Post Graduate,Masters In Computer Applications,60,,,,,,,,,,,,,,Contact College,,,AICTE Official Institutional Disclosures,2021,,,,,,,,,,,,,,,,https://www.aicte-india.org,False,Medium,False
1-44641994860,ARUL ANANDAR COLLEGE,"Madurai Kamaraj University, Madurai",Private-Self Financing,Private,Tamil Nadu,Madurai,MADURAI,"ARUL ANANDAR COLLEGE(AUTONOMOUS), KARUMATHUR",,,,AICTE Approved,Post Graduate,Masters In Computer Applications,30,,,,,,,,,,,,,,Contact College,,,AICTE Official Institutional Disclosures,2021,,,,,,,,,,,,,,,,https://www.aicte-india.org,False,Medium,False
1-44643838443,JR COLLEGE OF ENGINEERING AND TECHNOLOGY,"Bharath Institute of Higher Education & Research, Chennai",Deemed to be University(Pvt),Private,Tamil Nadu,Viluppuram,VILUPPURAM,"TRICHY HIGHWAY , KILEDAYALAM VILLAGE , TINDIVANAM TALUK",,,,AICTE Approved,Under Graduate,Bba; Bca; Biomedical Engineering; Civil Engineering; Computer Science; Electronics And Communication Engineering; Information Technology; Mechanical Engineering,600,,,,,,,,,,,,,,Contact College,,,AICTE Official Institutional Disclosures,2021,,,,,,,,,,,,,,,,https://www.aicte-india.org,False,Medium,False
1-44753024404,ACADEMY OF MARITIME EDUCATION AND TRAINING DEEMED TO BE UNIVERSITY,"Academy of Maritime Education and Training (AMET), Kanathur",Deemed to be University(Pvt),Private,Tamil Nadu,Kanchipuram,KANCHIPURAM,"121, MADURA THENPATTINAM, EAST COAST ROAD, CHEYYUR TALUK, MUGAIYUR VILLAGE, CHENGALPATTU - 603 305",,,,AICTE Approved,Under Graduate,Artificial Intelligence (Ai)  And Data Science; Bba; Computer Science And Engineering; Computer Science And Engineering (Artificial Intelligence And Machine Learning); Computer Science And Engineering (Cyber Security); Marine Engineering; Mechanical Engineering; Software Engineering,420,,,,,,,,,,,,,,Contact College,,,AICTE Official Institutional Disclosures,2021,,,,,,,,,,,,,,,,https://www.aicte-india.org,False,Medium,False
1-44641905498,SRI RAMAKRISHNA COLLEGE OF ARTS AND SCIENCE,"Bharathiar University, Coimbatore",Private-Self Financing,Private,Tamil Nadu,Coimbatore,COIMBATORE,"SNR COLLEGE ROAD, GANAPATHY POST, COIMBATORE - 641 006 TAMILNADU.",,,,AICTE Approved,Post Graduate; Under Graduate,Bba; Bca; Mba,480,,,,,,,,,,,,,,Contact College,,,AICTE Official Institutional Disclosures,2021,,,,,,,,,,,,,,,,https://www.aicte-india.org,False,Medium,False
1-44644167112,RVS KUMARAN ARTS AND SCIENCE COLLEGE,"MADURAI KAMARAJ UNIVERSITY, MADURAI",Private-Self Financing,Private,Tamil Nadu,Dindigul,DINDIGUL,AYYALUR,,,,AICTE Approved,Under Graduate,Bba; Bca,100,,,,,,,,,,,,,,Contact College,,,AICTE Official Institutional Disclosures,2021,,,,,,,,,,,,,,,,https://www.aicte-india.org,False,Medium,False
1-44641988909,P.T.LEE CHENGALVARAYA NAICKER COLLEGE OF ENGINEERING & TECHNOLOGY,"Anna University, Chennai",Private-Self Financing,Private,Tamil Nadu,Kanchipuram,KANCHIPURAM,"OOVERY, VELIYUR POST, KANCHIPURAM, KANCHIPURAM DT. PIN : 631 502. TAMIL NADU, SOUTH INDIA.",,,,AICTE Approved,Under Graduate,Artificial Intelligence (Ai)  And Data Science; Computer Science And Engineering; Electrical And Electronics Engineering; Electronics & Communication Engg; Information Technology; Mechanical Engineering,420,,,,,,,,,,,,,,Contact College,,,AICTE Official Institutional Disclosures,2021,,,,,,,,,,,,,,,,https://www.aicte-india.org,False,Medium,False
1-44641734616,COIMBATORE INSTITUTE OF ENGINEERING AND TECHNOLOGY,"Anna University, Chennai",Private-Self Financing,Private,Tamil Nadu,Coimbatore,COIMBATORE,"VELLIMALAIPATTINAM,  NARASIPURAM POST, THONDAMUTHUR VIA, COIMBATORE - 641 109",,,,AICTE Approved,Post Graduate; Under Graduate,Artificial Intelligence (Ai)  And Data Science; Civil Engineering; Computer Science And Engineering; Computer Science And Engineering (Artificial Intelligence And Machine Learning); Computer Science And Engineering (Cyber Security); Electrical And Electronics Engineering; Electronics & Communication Engg; Electronics Engineering (Vlsi Design And Technology); Information Technology; Mba,720,,,,,,,,,,,,,,Contact College,,,AICTE Official Institutional Disclosures,2021,,,,,,,,,,,,,,,,https://www.aicte-india.org,False,Medium,False
1-44644203296,NANDHA ARTS AND SCIENCE COLLEGE,"Bharathiar University, Coimbatore",Private-Self Financing,Private,Tamil Nadu,Erode,ERODE,"KOORAPALAYAM PIRIVU, PICHANDAMPALAYAM POST, ERODE",,,,AICTE Approved,Under Graduate,Bba; Bca,180,,,,,,,,,,,,,,Contact College,,,AICTE Official Institutional Disclosures,2021,,,,,,,,,,,,,,,,https://www.aicte-india.org,False,Medium,False
1-44640314738,ANNAI VEILANKANNIS COLLEGE OF ENGINEERING,"Anna University, Chennai",Private-Self Financing,Private,Tamil Nadu,Chennai,CHENNAI,"33 GANDHI ROAD,NEDUNGUNDRAM",,,,AICTE Approved,Under Graduate,Artificial Intelligence (Ai)  And Data Science; Civil Engineering; Computer Science & Engineering; Electronics And Communications Engineering; Mechanical Engineering,270,,,,,,,,,,,,,,Contact College,,,AICTE Official Institutional Disclosures,2021,,,,,,,,,,,,,,,,https://www.aicte-india.org,False,Medium,False
1-44643322771,AALIM MUHAMMED SALEGH COLLEGE OF ENGINEERING,"Anna University, Chennai",Private-Self Financing,Private,Tamil Nadu,Thiruvallur,THIRUVALLUR,"NIZARA EDUCATIONAL CAMPUS, MUTHAPUDUPET, AVADI-IAF,",,,,AICTE Approved,Under Graduate,Artificial Intelligence (Ai)  And Data Science; Computer Science And Business Systems; Computer Science And Engineering; Computer Science And Engineering (Artificial Intelligence And Machine Learning); Computer Science And Engineering (Cyber Security); Electrical And Electronics Engineering; Electronics & Communication Engg; Information Technology; Mechanical Engineering,480,,,,,,,,,,,,,,Contact College,,,AICTE Official Institutional Disclosures,2021,,,,,,,,,,,,,,,,https://www.aicte-india.org,False,Medium,False
1-44638778304,SAKTHI INSTITUTE OF INFORMATION AND MANAGEMENT STUDIES,"Anna University, Chennai",Private-Self Financing,Private,Tamil Nadu,Coimbatore,COIMBATORE,"NETHAJI ROAD, POLLACHI-642001,COIMBATORE DT, TAMILNADU.",,,,AICTE Approved,Post Graduate,Mba,120,,,,,,,,,,,,,,Contact College,,,AICTE Official Institutional Disclosures,2021,,,,,,,,,,,,,,,,https://www.aicte-india.org,False,Medium,False
1-44640393021,SHREE SATHYAM COLLEGE OF ENGINEERING AND TECHNOLOGY,"Anna University, Chennai",Private-Self Financing,Private,Tamil Nadu,Salem,SALEM,MANJAKKALPATTI KUPPANUR. POST SANKARI.TALUK SALEM. DISTRICT,,,,AICTE Approved,Post Graduate; Under Graduate,Artificial Intelligence (Ai)  And Data Science; Biomedical Engineering; Computer Science And Engineering; Electrical And Electronics Engineering; Electronics And Communications Engineering; Information Technology; Mechanical Engineering; Vlsi Design,318,,,,,,,,,,,,,,Contact College,,,AICTE Official Institutional Disclosures,2021,,,,,,,,,,,,,,,,https://www.aicte-india.org,False,Medium,False
1-44642608949,DEPARTMENT OF COMPUTER SCIENCE AND ENGINEERING,"Manonmaniam Sundaranar University, Tirunelveli",Government,Government,Tamil Nadu,Tirunelveli,TIRUNELVELI,MANONMANIAM SUNDARANAR UVIVERSITY,,,,AICTE Approved,Post Graduate,Applied Electronics; Computer Science & Engineering; Master Of Computer Applications,87,,,,,,,,,,,,,,Contact College,,,AICTE Official Institutional Disclosures,2021,,,,,,,,,,,,,,,,https://www.aicte-india.org,False,Medium,False
1-44642892497,SRI VENKATESWARA INSTITUTE OF SCIENCE & TECHNOLOGY,"Anna University, Chennai",Private-Self Financing,Private,Tamil Nadu,Thiruvallur,THIRUVALLUR,"KOLUNDHALUR, THIRUVALLUR TALUK & DISTRICT,               TAMIL NADU STATE",,,,AICTE Approved,Post Graduate; Under Graduate,Artificial Intelligence (Ai)  And Data Science; Cad/Cam; Civil Engineering; Computer Science & Engineering; Computer Science And Engineering; Computer Science And Engineering (Cyber Security); Electrical And Electronics Engineering; Electronics & Communication Engg; Mba; Mechanical Engineering,474,,,,,,,,,,,,,,Contact College,,,AICTE Official Institutional Disclosures,2021,,,,,,,,,,,,,,,,https://www.aicte-india.org,False,Medium,False
1-44640562412,MAHALAKSHMI TECH CAMPUS,"Anna University, Chennai",Private-Self Financing,Private,Tamil Nadu,Tiruchirappalli,TIRUCHIRAPPALLI,"NO.1 BHARATHIYAR STREET, PRASHANTHI NAGAR, CHROMEPET, CHENNAI 600044",,,,AICTE Approved,Under Graduate,Artificial Intelligence (Ai)  And Data Science; Bba; Bca; Computer Science; Computer Science And Engineering (Artificial Intelligence And Machine Learning); Computer Science And Engineering (Cyber Security); Electrical And Electronics Engineering; Electronics & Communication Engg,480,,,,,,,,,,,,,,Contact College,,,AICTE Official Institutional Disclosures,2021,,,,,,,,,,,,,,,,https://www.aicte-india.org,False,Medium,False
1-44638430738,V V COLLEGE OF ENGINEERING,"Anna University, Chennai",Private-Self Financing,Private,Tamil Nadu,Thoothukudi,THOOTHUKUDI,"V V NAGAR, ARASUR VILLAGE, IDAICHIVILAI POST, SATHANKULAM TALUK, TUTICORIN DISTRICT, TAMIL NADU STATE, PIN - 628656 SOUTH INDIA.",,,,AICTE Approved,Post Graduate; Under Graduate,Applied Electronics; Artificial Intelligence And Data Science; Cad/Cam; Civil Engineering; Computer Science & Engineering; Electrical And Electronics Engineering; Electronics & Communication Engg; Mechanical Engineering; Power Electronics And Drives,378,,,,,,,,,,,,,,Contact College,,,AICTE Official Institutional Disclosures,2021,,,,,,,,,,,,,,,,https://www.aicte-india.org,False,Medium,False
1-44644771368,SRI SIDDHARTHA DEGREE COLLEGE,"Mahatma Gandhi University , Nalgonda",Private-Self Financing,Private,Telangana,Nalgonda,NALGONDA,D.NO.7-62 MUNUGODE,,,,AICTE Approved,Under Graduate,Bba,120,,,,,,,,,,,,,,Contact College,,,AICTE Official Institutional Disclosures,2021,,,,,,,,,,,,,,,,https://www.aicte-india.org,False,Medium,False
1-44644193056,DHRUVA COLLEGE OF DESIGN & GRADUATE STUDIES,"Osmania University, Hyderabad",Private-Self Financing,Private,Telangana,Hyderabad,HYDERABAD,"H.NO.1-118/1/9, PLOT NO.118/119, , HITECH CITY, BESIDE NIFT, HYDERABAD, HYDERABAD, TELANGANA 500081",,,,AICTE Approved,Under Graduate,Bba; Bca,360,,,,,,,,,,,,,,Contact College,,,AICTE Official Institutional Disclosures,2021,,,,,,,,,,,,,,,,https://www.aicte-india.org,False,Medium,False
1-44642406866,AMJAD ALI KHAN COLLEGE OF BUSINESS ADMINISTRATION,"Osmania University, Hyderabad",Private-Self Financing,Private,Telangana,Hyderabad,HYDERABAD,"8-2-249, ""MOUNT PLEASANT""ROAD NO.3, BANJARA HILLS HYDERABAD.",,,,AICTE Approved,Integrated; Post Graduate,Bba/Mba; Mba,300,,,,,,,,,,,,,,Contact College,,,AICTE Official Institutional Disclosures,2021,,,,,,,,,,,,,,,,https://www.aicte-india.org,False,Medium,False
1-44644480948,RUKMINI COLLEGE OF MANAGEMENT AND COMMERCE,"Osmania University, Hyderabad",Private-Self Financing,Private,Telangana,Hyderabad,HYDERABAD,"6-3-786/A, AM TOWERS, OPP RELIANCE SMART BAZAR, AMEERPET, HYDERABAD, 500016.",,,,AICTE Approved,Under Graduate,Bba,60,,,,,,,,,,,,,,Contact College,,,AICTE Official Institutional Disclosures,2021,,,,,,,,,,,,,,,,https://www.aicte-india.org,False,Medium,False
1-44642229957,TKR COLLEGE OF ENGINEERING & TECHNOLOGY,"Jawaharlal Nehru Technological University, Hyderabad",Private-Self Financing,Private,Telangana,Rangareddi,RANGAREDDI,"SURVEY.NO8/A, MEDBOWLI, MEERPET, HYDERABAD.",,,,AICTE Approved,Diploma; Post Graduate; Under Graduate,Civil Engineering; Computer Science & Engineering; Computer Science & Engineering (Artificial Intelligence And Machine Learning ); Computer Science And Engineering; Computer Science And Engineering (Data Science); Electrical And Electronics Engineering; Electronics & Communication Engg; Information Technology; Mba; Mechanical Engineering,1968,,,,,,,,,,,,,,Contact College,,,AICTE Official Institutional Disclosures,2021,,,,,,,,,,,,,,,,https://www.aicte-india.org,False,Medium,False
1-44644299483,OMEGA DEGREE COLLEGE FOR WOMEN,"Osmania University, Hyderabad",Private-Self Financing,Private,Telangana,Medchal-Malkajgiri,MEDCHAL-MALKAJGIRI,"PLOT NO.171&172 MAHESH NAGAR,AS RAO NAGAR,ECIL",,,,AICTE Approved,Under Graduate,Bba,60,,,,,,,,,,,,,,Contact College,,,AICTE Official Institutional Disclosures,2021,,,,,,,,,,,,,,,,https://www.aicte-india.org,False,Medium,False
1-44641728565,AL-QURMOSHI INSTITUTE OF BUSINESS MANAGEMENT,"Osmania University, Hyderabad",Private-Self Financing,Private,Telangana,Hyderabad,HYDERABAD,# 18-11-26/7 JAMAL BANDA BARKAS HYDERABAD,,,,AICTE Approved,Post Graduate,Mba,120,,,,,,,,,,,,,,Contact College,,,AICTE Official Institutional Disclosures,2021,,,,,,,,,,,,,,,,https://www.aicte-india.org,False,Medium,False
1-44643450436,SRM POST GRADUATE COLLEGE (MCA),"Satavahana University, Karimnagar",Private-Self Financing,Private,Telangana,Karimnagar,KARIMNAGAR,"SRM NAGAR,CHINTHAKUNTA ROAD, KARIMNAGAR",,,,AICTE Approved,Post Graduate,Masters In Computer Applications; Mba,300,,,,,,,,,,,,,,Contact College,,,AICTE Official Institutional Disclosures,2021,,,,,,,,,,,,,,,,https://www.aicte-india.org,False,Medium,False
1-44640802786,AVANTHI INSTITUTE OF ENGINEERING & TECHNOLOGY,"Jawaharlal Nehru Technological University, Hyderabad",Private-Self Financing,Private,Telangana,Rangareddi,RANGAREDDI,"GUNTHAPALLY VILLAGE,HAYATH NAGAR MANDAL, RANGA REDDY DIST.HYDEARBAD, ANDHRA PRADESH",,,,AICTE Approved,Post Graduate; Under Graduate,Computer Science And Engineering; Computer Science And Engineering (Cyber Security); Computer Science And Engineering (Data Science); Computer Science And Engineering(Artificial Intelligence And Machine Learning); Electrical And Electronics Engineering; Electrical Power Systems; Electronics And Communications Engineering; Mba; Mca; Mechanical Engineering,1626,,,,,,,,,,,,,,Contact College,,,AICTE Official Institutional Disclosures,2021,,,,,,,,,,,,,,,,https://www.aicte-india.org,False,Medium,False
1-44644380649,EDVANTA DEGREE COLLEGE,"Osmania University, Hyderabad",Private-Self Financing,Private,Telangana,Rangareddi,RANGAREDDI,"4-9-298: ROAD NO. 3, RTC SUPERVISORS COLONY,",,,,AICTE Approved,Under Graduate,Bba,120,,,,,,,,,,,,,,Contact College,,,AICTE Official Institutional Disclosures,2021,,,,,,,,,,,,,,,,https://www.aicte-india.org,False,Medium,False
1-44644555196,AVINASH COLLEGE OF COMMERCE,"Osmania University, Hyderabad",Private-Self Financing,Private,Telangana,Rangareddi,RANGAREDDI,"PLOT NO 59/A/B/C/D, SIRI NAGAR COLONY, LB NAGAR, RR DIST.",,,,AICTE Approved,Under Graduate,Bba,600,,,,,,,,,,,,,,Contact College,,,AICTE Official Institutional Disclosures,2021,,,,,,,,,,,,,,,,https://www.aicte-india.org,False,Medium,False
1-44640803568,VIVEKANANDA POST GRADUATE CENTRE,"Kakatiya University, Warangal",Private-Self Financing,Private,Telangana,Karimnagar,KARIMNAGAR,"H.NO: 3-7-924, VAVILALAPALLY, JAGITYAL ROAD, KARIMNAGAR",,,,AICTE Approved,Post Graduate,Mba,120,,,,,,,,,,,,,,Contact College,,,AICTE Official Institutional Disclosures,2021,,,,,,,,,,,,,,,,https://www.aicte-india.org,False,Medium,False
1-44644165906,VIGNANA JYOTHI INSTITUTE OF ARTS AND SCIENCES,"Osmania University, Hyderabad",Private-Self Financing,Private,Telangana,Hyderabad,HYDERABAD,"XAVIER BHAVAN, PLOT NO. 7, ROAD NO. 16 WEST MARREDPALLY, SECUNDERABAD -26",,,,AICTE Approved,Under Graduate,Bba,60,,,,,,,,,,,,,,Contact College,,,AICTE Official Institutional Disclosures,2021,,,,,,,,,,,,,,,,https://www.aicte-india.org,False,Medium,False
1-44645002562,MASTERS DEGREE AND PG COLLEGE,"Osmania University, Hyderabad",Private-Self Financing,Private,Telangana,Sangareddy,SANGAREDDY,"H.NO 5-1-29/D ,SHANTHINAGAR SANGAREDDY PI 502001",,,,AICTE Approved,Under Graduate,Bba; Bca,120,,,,,,,,,,,,,,Contact College,,,AICTE Official Institutional Disclosures,2021,,,,,,,,,,,,,,,,https://www.aicte-india.org,False,Medium,False
1-44644212555,NEW SIDDHARTHA DEGREE COLLEGE,"Osmania University, Hyderabad",Private-Self Financing,Private,Telangana,Medchal-Malkajgiri,MEDCHAL-MALKAJGIRI,"6-47,PLOT NO.1/PART SYNO.216,KMG COLONY, CHINTAL MAIN ROAD ,QUTHBULLAPUR(V) MEDCHAL MALKAJGIRI DIST",,,,AICTE Approved,Under Graduate,Bba; Bca,110,,,,,,,,,,,,,,Contact College,,,AICTE Official Institutional Disclosures,2021,,,,,,,,,,,,,,,,https://www.aicte-india.org,False,Medium,False
1-44642918663,JAYAMUKHI INSTITUTE OF TECHNOLOGICAL SCIENCES,"Jawaharlal Nehru Technological University, Hyderabad",Private-Self Financing,Private,Telangana,Warangal,WARANGAL,"CHENNARAOPET(MDL), MOQDUMPURAM(VILL), NARSAMPET,WARANGAL(DIST) ANDHRAPRADESH.",,,,AICTE Approved,Post Graduate; Under Graduate,Cad/Cam; Civil Engineering; Computer Science & Engineering (Artificial Intelligence And Machine Learning ); Computer Science And Engineering; Computer Science And Engineering (Data Science); Computer Science And Information Technology; Electrical And Electronics Engineering; Electronics & Communication Engg; Embedded Systems; Mba,1122,,,,,,,,,,,,,,Contact College,,,AICTE Official Institutional Disclosures,2021,,,,,,,,,,,,,,,,https://www.aicte-india.org,False,Medium,False
1-44640903735,"AURORA'S PG COLLEGE (MCA) CHIRAG ALI LANE, ABIDS, HYDERABAD","Osmania University, Hyderabad",Private-Self Financing,Private,Telangana,Hyderabad,HYDERABAD,"5-8-660, NAMPALLY, HYDERABAD",,,,AICTE Approved,Integrated; Post Graduate; Under Graduate,Bca; Master Of Business Administration (Integrated); Masters In Computer Applications; Mba,840,,,,,,,,,,,,,,Contact College,,,AICTE Official Institutional Disclosures,2021,,,,,,,,,,,,,,,,https://www.aicte-india.org,False,Medium,False
1-44644339636,NALANDA DEGREE COLLEGE FOR WOMEN,"Telangana University, Nizamabad",Private-Self Financing,Private,Telangana,Nizamabad,NIZAMABAD,"5-7-3, 5-7-4, 5-7-5, 5-7-6, KHALEELWADI, NIZAMABAD",,,,AICTE Approved,Under Graduate,Bba,60,,,,,,,,,,,,,,Contact College,,,AICTE Official Institutional Disclosures,2021,,,,,,,,,,,,,,,,https://www.aicte-india.org,False,Medium,False
1-44643366801,BRIGHT INSTITUTE OF MANAGEMENT,"Osmania University, Hyderabad",Private-Self Financing,Private,Telangana,Rangareddi,RANGAREDDI,"BRIGHT INSTITUTE OF MANAGEMENT MANIMUTHYALAMMA KUNTA, TURKYAMJAL,  HAYATHNAGAR MANDAL RANGA REDDY.DIST PIN CODE:501510",,,,AICTE Approved,Post Graduate,Mba,180,,,,,,,,,,,,,,Contact College,,,AICTE Official Institutional Disclosures,2021,,,,,,,,,,,,,,,,https://www.aicte-india.org,False,Medium,False
1-44643700516,SPHOORTHY ENGINEERING COLLEGE,"Jawaharlal Nehru Technological University, Hyderabad",Private-Self Financing,Private,Telangana,Rangareddi,RANGAREDDI,"NADARGUL (V) NEAR VANASTHALIPURAM, SAROORNAGAR (M), R.R(DIST) - 501 510",,,,AICTE Approved,Post Graduate; Under Graduate,Civil Engineering; Computer Science And Engineering; Computer Science And Engineering (Artificial Intelligence And Machine Learning); Computer Science And Engineering (Cyber Security); Computer Science And Engineering (Data Science); Computer Science And Engineering(Artificial Intelligence And Machine Learning); Electronics And Communication Engineering,936,,,,,,,,,,,,,,Contact College,,,AICTE Official Institutional Disclosures,2021,,,,,,,,,,,,,,,,https://www.aicte-india.org,False,Medium,False
1-44643043828,GURU NANAK INSTITUTE OF TECHNOLOGY,"Jawaharlal Nehru Technological University, Hyderabad",Private-Self Financing,Private,Telangana,Rangareddi,RANGAREDDI,"KHANAPUR, MANCHAL MANDAL, IBRAHIMPATNAM,",,,,AICTE Approved,Post Graduate; Under Graduate,Civil Engineering; Computer Science & Engineering; Computer Science And Engineering; Computer Science And Engineering (Cyber Security); Computer Science And Engineering(Artificial Intelligence And Machine Learning); Electrical And Electronics Engineering; Electronics And Communications Engineering; Embedded Systems; Information Technology; Mba,1167,,,,,,,,,,,,,,Contact College,,,AICTE Official Institutional Disclosures,2021,,,,,,,,,,,,,,,,https://www.aicte-india.org,False,Medium,False
1-44644033891,SPECTRUM INSTITUTE OF MANAGEMENT AND COMPUTER SCIENCES,"Osmania University, Hyderabad",Private-Self Financing,Private,Telangana,Rangareddi,RANGAREDDI,BESIDE VICTORIA MEMORIAL METRO STATION ROAD NO 1 GREEN HILLS COLONY KOTHAPET,,,,AICTE Approved,Post Graduate,Mba; Mca,600,,,,,,,,,,,,,,Contact College,,,AICTE Official Institutional Disclosures,2021,,,,,,,,,,,,,,,,https://www.aicte-india.org,False,Medium,False
1-44644831501,SRI RAM DEGREE COLLEGE,"Osmania University, Hyderabad",Private-Self Financing,Private,Telangana,Rangareddi,RANGAREDDI,"PLOT NO:44, MARGADARSHI COLONY, SAROOR NAGAR, RANGAREDDY.",,,,AICTE Approved,Under Graduate,Bba,60,,,,,,,,,,,,,,Contact College,,,AICTE Official Institutional Disclosures,2021,,,,,,,,,,,,,,,,https://www.aicte-india.org,False,Medium,False
1-44643041783,KESHAV MEMORIAL COLLEGE OF ENGINEERING,"Jawaharlal Nehru Technological University, Hyderabad",Private-Self Financing,Private,Telangana,Rangareddi,RANGAREDDI,"KOHEDA ROAD,  CHINTHAPALLYGUDA (V),  IBRAHIMPATNAM (M), R.R. DISTRICT - 501 510 - (A.P)",,,,AICTE Approved,Post Graduate; Under Graduate,Computer Science And Engineering; Computer Science And Engineering (Artificial Intelligence And Machine Learning); Electronics And Communication Engineering; Mba,618,,,,,,,,,,,,,,Contact College,,,AICTE Official Institutional Disclosures,2021,,,,,,,,,,,,,,,,https://www.aicte-india.org,False,Medium,False
1-44640396198,APOLLO INSTITUTE OF HOSPITAL ADMINISTRATION,"Osmania University, Hyderabad",Private-Self Financing,Private,Telangana,Hyderabad,HYDERABAD,"ACADEMIC BLOCK, APOLLO HEALTH CITY, JUBILEE HILLS",,,,AICTE Approved,Post Graduate,Master In Hospital Administration,60,,,,,,,,,,,,,,Contact College,,,AICTE Official Institutional Disclosures,2021,,,,,,,,,,,,,,,,https://www.aicte-india.org,False,Medium,False
1-44644202996,OMEGA DEGREE COLLEGE,"Osmania University, Hyderabad",Private-Self Financing,Private,Telangana,Medchal-Malkajgiri,MEDCHAL-MALKAJGIRI,"PLOT NO. 15-B, BHANDARI NILAYAM, NAGENDRA NAGAR, HABSIGUDA.",,,,AICTE Approved,Under Graduate,Bba; Bca,240,,,,,,,,,,,,,,Contact College,,,AICTE Official Institutional Disclosures,2021,,,,,,,,,,,,,,,,https://www.aicte-india.org,False,Medium,False
1-44643020146,HYDERABAD SCHOOL OF MANAGEMENT,"Osmania University, Hyderabad",Private-Self Financing,Private,Telangana,Hyderabad,HYDERABAD,"SY.NO.81,BANDLAGUDA KHALSA,BANDLAGUDA MANDAL,GREATER HYDERABAD MUNICIPLE CORPORATION,PINCODE:500005 ANDHRA PRADESH",,,,AICTE Approved,Post Graduate,Mba,180,,,,,,,,,,,,,,Contact College,,,AICTE Official Institutional Disclosures,2021,,,,,,,,,,,,,,,,https://www.aicte-india.org,False,Medium,False
1-44644044465,SHREE UMA DEGREE AND PG COLLEGE,"Osmania University, Hyderabad",Private-Self Financing,Private,Telangana,Medchal-Malkajgiri,MEDCHAL-MALKAJGIRI,"PLOT NO. 11, SARDAR PATEL NAGAR, HYDERNAGAR, NEAR NIZAMPET 'X' ROAD, HYDERABAD, 500085.",,,,AICTE Approved,Under Graduate,Bba,60,,,,,,,,,,,,,,Contact College,,,AICTE Official Institutional Disclosures,2021,,,,,,,,,,,,,,,,https://www.aicte-india.org,False,Medium,False
1-44642385449,NARSIMHAREDDY ENGINEERING COLLEGE,"Jawaharlal Nehru Technological University, Hyderabad",Private-Self Financing,Private,Telangana,Rangareddi,RANGAREDDI,"SY.NO: 518 MAISAMMAGUDA(V), DULLAPALLE, MEDCHAL MANDAL RANGAREDDY DISTRICT",,,,AICTE Approved,Post Graduate; Under Graduate,Civil Engineering; Computer Science And Engineering; Computer Science And Engineering (Cyber Security); Computer Science And Engineering(Artificial Intelligence And Machine Learning); Electrical And Electronics Engineering; Electronics & Communication Engg; Information Technology; Mba; Mechanical Engineering,1830,,,,,,,,,,,,,,Contact College,,,AICTE Official Institutional Disclosures,2021,,,,,,,,,,,,,,,,https://www.aicte-india.org,False,Medium,False
1-44643824394,VAAGESWARI DEGREE AND PG COLLEGE,"Satavahana University, Karimnagar",Private-Self Financing,Private,Telangana,Karimnagar,KARIMNAGAR,"H.NO. 2-9-5, VISHAL TOWERS, MUKARAMPURA",,,,AICTE Approved,Under Graduate,Bba; Bca; Bms,300,,,,,,,,,,,,,,Contact College,,,AICTE Official Institutional Disclosures,2021,,,,,,,,,,,,,,,,https://www.aicte-india.org,False,Medium,False
1-44641792730,AVANTHIÃ¢â¬â¢S SCIENTIFIC TECHNOLOGICAL & RESEARCH ACADEMY,"Jawaharlal Nehru Technological University, Hyderabad",Private-Self Financing,Private,Telangana,Rangareddi,RANGAREDDI,"GUNTHAPALLY VILLAGE,HAYATH NAGAR MANDAL NEAR RAMOJI FILM CITY,R.R.DIST.,HYDERABAD, ANDHRA PRADESH.",,,,AICTE Approved,Diploma; Under Graduate,Civil Engineering; Computer Science And Engineering; Computer Science And Engineering (Data Science); Computer Science And Engineering(Artificial Intelligence And Machine Learning); Electrical And Electronics Engineering; Electronics And Communications Engineering; Mechanical Engineering,720,,,,,,,,,,,,,,Contact College,,,AICTE Official Institutional Disclosures,2021,,,,,,,,,,,,,,,,https://www.aicte-india.org,False,Medium,False
1-44643343544,INDUR P.G.COLLEGE OF BUSINESS MANAGEMENT,"Osmania University, Hyderabad",Private-Self Financing,Private,Telangana,Nizamabad,NIZAMABAD,"INDUR P.G.COLLEGE OF BUSINESS MANAGEMENT ACHANPALLY, BODHAN-503180 DISTICT :NIZAMBAD. ANDHARA PRADESH.",,,,AICTE Approved,Post Graduate,Mba,120,,,,,,,,,,,,,,Contact College,,,AICTE Official Institutional Disclosures,2021,,,,,,,,,,,,,,,,https://www.aicte-india.org,False,Medium,False
1-44642916672,GLOBAL EDUCATION CENTRE,"Osmania University, Hyderabad",Private-Self Financing,Private,Telangana,Rangareddi,RANGAREDDI,"BESIDE MOINABAD POLICE STATION, CHILKUR (V) MOINABAD (M) RANGA REDDY DISTRICT PIN: 501504 ANDHRA PRADESH",,,,AICTE Approved,Post Graduate,Mba,180,,,,,,,,,,,,,,Contact College,,,AICTE Official Institutional Disclosures,2021,,,,,,,,,,,,,,,,https://www.aicte-india.org,False,Medium,False
1-44644330793,AVANTHI DEGREE COLLEGE,"Osmania University, Hyderabad",Private-Self Financing,Private,Telangana,Hyderabad,HYDERABAD,16-11-742 MOOSARAMBAGH DILSUKHNAGAR,,,,AICTE Approved,Under Graduate,Bba,120,,,,,,,,,,,,,,Contact College,,,AICTE Official Institutional Disclosures,2021,,,,,,,,,,,,,,,,https://www.aicte-india.org,False,Medium,False
1-44644100395,GAUTHAMI DEGREE COLLEGE,"Telangana University, Nizamabad",Private-Self Financing,Private,Telangana,Nizamabad,NIZAMABAD,"KHALEELWADI, OPP: PUNJAB NATIONAL BANK, NIZAMABAD",,,,AICTE Approved,Under Graduate,Bba,60,,,,,,,,,,,,,,Contact College,,,AICTE Official Institutional Disclosures,2021,,,,,,,,,,,,,,,,https://www.aicte-india.org,False,Medium,False
1-44642928074,ST.XAVIER'S P G COLLEGE,"Osmania University, Hyderabad",Private-Self Financing,Private,Telangana,Rangareddi,RANGAREDDI,"SY.NO.155, GOPANPALLY (VILLAGE), SERILINGAMPALLY(MANDAL), RANGA REDY DIST,-46 PIN.NO500046.",,,,AICTE Approved,Post Graduate,Mba,240,,,,,,,,,,,,,,Contact College,,,AICTE Official Institutional Disclosures,2021,,,,,,,,,,,,,,,,https://www.aicte-india.org,False,Medium,False
1-44643405428,GATE INSTITUTE OF TECHNOLOGY AND SCIENCES,"Jawaharlal Nehru Technological University, Hyderabad",Private-Self Financing,Private,Telangana,Nalgonda,NALGONDA,RAMAPURAM(VILL) KODAD(POST) CHILKURU(MANDAL) NALGONDA(DIST) ANDHRA PRADESH-508206,,,,AICTE Approved,Diploma; Post Graduate; Under Graduate,Agriculture Engineering; Artificial Intelligence And Data Science; Biotechnology; Civil Engineering; Computer Science & Engineering; Computer Science & Engineering (Artificial Intelligence And Machine Learning ); Computer Science And Design; Computer Science And Engineering; Electrical And Electronics Engineering; Electronics And Communications Engineering,1560,,,,,,,,,,,,,,Contact College,,,AICTE Official Institutional Disclosures,2021,,,,,,,,,,,,,,,,https://www.aicte-india.org,False,Medium,False
1-44644646233,G PULLA REDDY DEGREE PG COLLEGE,"Osmania University, Hyderabad",Private-Self Financing,Private,Telangana,Hyderabad,HYDERABAD,"H NO 12-2-823/1/1, G PULLA REDDY EDUCATIONAL CAMPUS, OPP: PILLAR NO. 23 PVNR EXPRESS WAY",,,,AICTE Approved,Under Graduate,Bba,60,,,,,,,,,,,,,,Contact College,,,AICTE Official Institutional Disclosures,2021,,,,,,,,,,,,,,,,https://www.aicte-india.org,False,Medium,False
1-44642938577,AUROBINDO COLLEGE OF BUSINESS MANAGEMENT,"Osmania University, Hyderabad",Private-Self Financing,Private,Telangana,Rangareddi,RANGAREDDI,"(VILL). CHINTAPALLYGUDA, IBRAHIMPATNAM, RANGAREDDY(D) PIN-501510",,,,AICTE Approved,Post Graduate,Mba,300,,,,,,,,,,,,,,Contact College,,,AICTE Official Institutional Disclosures,2021,,,,,,,,,,,,,,,,https://www.aicte-india.org,False,Medium,False
1-44643856500,INFANT JESUS DEGREE COLLEGE,"Osmania University, Hyderabad",Private-Self Financing,Private,Telangana,Rangareddi,RANGAREDDI,SHAMSHABAD,,,,AICTE Approved,Under Graduate,Bba,60,,,,,,,,,,,,,,Contact College,,,AICTE Official Institutional Disclosures,2021,,,,,,,,,,,,,,,,https://www.aicte-india.org,False,Medium,False
1-44643833244,SIDDHARTHA WOMENS DEGREE COLLEGE,"Osmania University, Hyderabad",Private-Self Financing,Private,Telangana,Rangareddi,RANGAREDDI,"H. NO. 6-159/1, BALAPUR 'X' ROAD (MEERPET), R. R DISTRICT. HYDERABAD",,,,AICTE Approved,Post Graduate; Under Graduate,Bba; Bca; Mba,300,,,,,,,,,,,,,,Contact College,,,AICTE Official Institutional Disclosures,2021,,,,,,,,,,,,,,,,https://www.aicte-india.org,False,Medium,False
1-44641503929,GOVERNMENT ENGINEERING COLLEGE KOSGI,"State Board of Technical Education and Training, Andhra Pradesh",Government,Government,Telangana,Mahabubnagar,MAHABUBNAGAR,"NEAR AGRICULTURE MARKET YARD, KOSGI",,,,AICTE Approved,Diploma; Under Graduate,Civil Engineering; Computer Science And Engineering; Computer Science And Engineering (Artificial Intelligence And Machine Learning); Computer Science And Engineering (Data Science); Electrical And Electronics Engineering; Mechanical Engineering,360,,,,,,,,,,,,,,Contact College,,,AICTE Official Institutional Disclosures,2021,,,,,,,,,,,,,,,,https://www.aicte-india.org,False,Medium,False
1-44644398366,AVANTHI DEGREE AND PG COLLEGE,"Osmania University, Hyderabad",Private-Self Financing,Private,Telangana,Hyderabad,HYDERABAD,3-4-875/A/1 BARKATPURA BLACK1 ROAD NO 12 HERO HONDA SHOW ROOM BLOCK II NARAYANAGUDA HYDERABAD,,,,AICTE Approved,Under Graduate,Bba,180,,,,,,,,,,,,,,Contact College,,,AICTE Official Institutional Disclosures,2021,,,,,,,,,,,,,,,,https://www.aicte-india.org,False,Medium,False
1-44639806496,UNIVERSITY COLLEGE OF ENGINEERING,"Kakatiya University, Warangal",Government,Government,Telangana,Khammam,KHAMMAM,"UNIVERSITY COLLEGE OF ENGINEERING, ME COMPLEX, KOTHAGUDEM, KHAMMAM (DIST), ANDHRA PRADESH - 507101",,,,AICTE Approved,Under Graduate,Computer Science And Engineering; Electrical And Electronics Engineering; Electronics And Communications Engineering; Information Technology; Mining Engineering,300,,,,,,,,,,,,,,Contact College,,,AICTE Official Institutional Disclosures,2021,,,,,,,,,,,,,,,,https://www.aicte-india.org,False,Medium,False
1-44644214018,ST. JOSEPH'S DEGREE COLLEGE ATTAPUR,"Osmania University, Hyderabad",Private-Self Financing,Private,Telangana,Rangareddi,RANGAREDDI,"2-4-44 BOSTON TOWERS UPPER PALLY PILLAR NO. 187 RAJENDRANAGAR,",,,,AICTE Approved,Under Graduate,Bba; Bca,240,,,,,,,,,,,,,,Contact College,,,AICTE Official Institutional Disclosures,2021,,,,,,,,,,,,,,,,https://www.aicte-india.org,False,Medium,False
1-44642084891,VIJAYA SCHOOL OF BUSINESS MANAGEMENT,"Osmania University, Hyderabad",Private-Self Financing,Private,Telangana,Rangareddi,RANGAREDDI,"SURMAIGUDA(V), LASHKARGUDA(P), NEAR RAMAOJI FILM CITY, HAYATHNAGAR (M), R.R.DIST.",,,,AICTE Approved,Post Graduate,Mba,180,,,,,,,,,,,,,,Contact College,,,AICTE Official Institutional Disclosures,2021,,,,,,,,,,,,,,,,https://www.aicte-india.org,False,Medium,False
1-44639751206,SRI CHAITANYA INSTITUTE OF TECHNOLOGY AND RESEARCH,"Jawaharlal Nehru Technological University, Hyderabad",Private-Self Financing,Private,Telangana,Khammam,KHAMMAM,"KHAMMAM - HYDERABAD ROAD, PONNEKAL VILLAGE, KHAMMAM RURAL, KHAMMAM DISTRICT, PIN-507170 ANDHRA PRADESH",,,,AICTE Approved,Diploma; Post Graduate; Under Graduate,Bba; Bca; Civil Engineering; Computer Science & Engineering; Computer Science And Engineering; Computer Science And Engineering (Data Science); Computer Science And Engineering(Artificial Intelligence And Machine Learning); Electrical And Electronics Engineering; Electronics And Communication Engineering; Electronics And Communications Engineering,1158,,,,,,,,,,,,,,Contact College,,,AICTE Official Institutional Disclosures,2021,,,,,,,,,,,,,,,,https://www.aicte-india.org,False,Medium,False
1-44644896923,HYDERABAD SCHOOL OF BUSINESS DEGREE COLLEGE,"Osmania University, Hyderabad",Private-Self Financing,Private,Telangana,Hyderabad,HYDERABAD,8-2-684/4/40/A&B PLOT NO 40/A CRPF CAMP ANAND BANJARA COLONY ROAD NO 12 BANJARA HILLS HYDERABAD,,,,AICTE Approved,Under Graduate,Bba; Bca,240,,,,,,,,,,,,,,Contact College,,,AICTE Official Institutional Disclosures,2021,,,,,,,,,,,,,,,,https://www.aicte-india.org,False,Medium,False
1-44642954830,SUPRABHATH INST. FOR MNGT. & COMP. STUDIES(MBA),"Osmania University, Hyderabad",Private-Self Financing,Private,Telangana,Rangareddi,RANGAREDDI,147/A CHEERYAL (V) KEESARA (M) R.R. DISTRICT,,,,AICTE Approved,Post Graduate,Masters In Computer Applications; Mba,240,,,,,,,,,,,,,,Contact College,,,AICTE Official Institutional Disclosures,2021,,,,,,,,,,,,,,,,https://www.aicte-india.org,False,Medium,False
1-44643345313,PRAGATI MAHAVIDYALAYA PG COLLEGE,"Osmania University, Hyderabad",Private-Self Financing,Private,Telangana,Hyderabad,HYDERABAD,"4 - 3 - 148, KANDA SWAMY LANE HANUMAN TEKDI, HYDERABAD - 500 095",,,,AICTE Approved,Post Graduate,Mba,60,,,,,,,,,,,,,,Contact College,,,AICTE Official Institutional Disclosures,2021,,,,,,,,,,,,,,,,https://www.aicte-india.org,False,Medium,False
1-44644451531,HINDU DEGREE COLLEGE FOR WOMEN,"Osmania University, Hyderabad",Private-Self Financing,Private,Telangana,Hyderabad,HYDERABAD,"7-2-1087, SANATHNAGAR",,,,AICTE Approved,Under Graduate,Bba,60,,,,,,,,,,,,,,Contact College,,,AICTE Official Institutional Disclosures,2021,,,,,,,,,,,,,,,,https://www.aicte-india.org,False,Medium,False
1-44642148138,KINGSTON P.G.COLLEGE(MBA),"Osmania University, Hyderabad",Private-Self Financing,Private,Telangana,Rangareddi,RANGAREDDI,"SY.NO:71, RAMPALLY , CHERLAPALLY(V) GHATKESAR(M), RANGA REDDY (DIST) ANDHRA PRADESH PIN NO:501 301",,,,AICTE Approved,Post Graduate,Mba,180,,,,,,,,,,,,,,Contact College,,,AICTE Official Institutional Disclosures,2021,,,,,,,,,,,,,,,,https://www.aicte-india.org,False,Medium,False
1-44642379700,TELANGANA YUVATHI MANDALI BUSINESS SCHOOL,"Osmania University, Hyderabad",Private-Self Financing,Private,Telangana,Hyderabad,HYDERABAD,#3-4-759/4 BARKATPURA HYDERABAD 5000027,,,,AICTE Approved,Post Graduate,Mba,240,,,,,,,,,,,,,,Contact College,,,AICTE Official Institutional Disclosures,2021,,,,,,,,,,,,,,,,https://www.aicte-india.org,False,Medium,False
1-44640955337,UNIVERSITY COLLEGE OF ENGINEERING,NOT APPLICABLE,State Government University,Government,Telangana,Hyderabad,HYDERABAD,OSMANIA UNIVERSITY HYDERABAD,,,,AICTE Approved,Post Graduate; Under Graduate,Artificial Intelligence And Machine Learning; Automation And Robotics; Biomedical Electronics; Biomedical Engineering; Civil Engineering; Computer Science And Engineering; Cyber Security; Digital Systems; Electrical And Electronics Engineering; Electronics & Communication Engg,787,,,,,,,,,,,,,,Contact College,,,AICTE Official Institutional Disclosures,2021,,,,,,,,,,,,,,,,https://www.aicte-india.org,False,Medium,False
1-44644324157,TAPASYA DEGREE COLLEGE,"Osmania University, Hyderabad",Private-Self Financing,Private,Telangana,Medchal-Malkajgiri,MEDCHAL-MALKAJGIRI,"2-22-1/134/1, PLOT NO.134, BHAGYA NAGAR COLONY, KUKATPALLY(V & M), MEDCHAL DIST",,,,AICTE Approved,Under Graduate,Bba,180,,,,,,,,,,,,,,Contact College,,,AICTE Official Institutional Disclosures,2021,,,,,,,,,,,,,,,,https://www.aicte-india.org,False,Medium,False
1-44642380662,NALLA MALLA REDDY ENGINEERING COLLEGE,"Jawaharlal Nehru Technological University, Hyderabad",Private-Self Financing,Private,Telangana,Rangareddi,RANGAREDDI,"7-01-, DIVYANAGAR, KACHIVANISINGARAM POST, GHATKESAR MANDAL, RANGA REDDY DISTRICT-500 088, ANDHRA PRADESH",,,,AICTE Approved,Post Graduate; Under Graduate,Cad/Cam; Civil Engineering; Computer Science & Engineering; Computer Science And Engineering; Computer Science And Engineering (Artificial Intelligence And Machine Learning); Electrical And Electronics Engineering; Electronics & Communication Engg; Mba; Mechanical Engineering; Structural Engineering,972,,,,,,,,,,,,,,Contact College,,,AICTE Official Institutional Disclosures,2021,,,,,,,,,,,,,,,,https://www.aicte-india.org,False,Medium,False
1-44641227177,VANI NIKETAN INSTITUTE OF MANAGEMENT STUDIES,"Satavahana University, Karimnagar",Private-Self Financing,Private,Telangana,Karimnagar,KARIMNAGAR,"HNO:7-1-68/1, MUKARAMPURA, KARIMNAGAR",,,,AICTE Approved,Post Graduate,Mba,120,,,,,,,,,,,,,,Contact College,,,AICTE Official Institutional Disclosures,2021,,,,,,,,,,,,,,,,https://www.aicte-india.org,False,Medium,False
1-44643757229,AURORAS TECHNOLOGICAL ACADEMY,"Osmania University, Hyderabad",Private-Self Financing,Private,Telangana,Hyderabad,HYDERABAD,"PLOT NO 1,2 & 3, SP NAGAR, MOULA-ALI, HYDERABAD",,,,AICTE Approved,Post Graduate; Under Graduate,Artificial Intelligence And Machine Learning; Computer Science And Engineering; Electrical And Electronics Engineering; Electronics And Communication Engineering; Mba,480,,,,,,,,,,,,,,Contact College,,,AICTE Official Institutional Disclosures,2021,,,,,,,,,,,,,,,,https://www.aicte-india.org,False,Medium,False
1-44642713691,APOORVA INSTITUTE OF MANAGEMENT AND SCIENCES,"Satavahana University, Karimnagar",Private-Self Financing,Private,Telangana,Karimnagar,KARIMNAGAR,VILL: BHUPATHIPUR MANDAL: SULTHANABAD KARIMNAGAR 505186,,,,AICTE Approved,Post Graduate,Mba,360,,,,,,,,,,,,,,Contact College,,,AICTE Official Institutional Disclosures,2021,,,,,,,,,,,,,,,,https://www.aicte-india.org,False,Medium,False
1-44644363956,VIVEKANANDA DEGREE COLLEGE,"Osmania University, Hyderabad",Private-Self Financing,Private,Telangana,Hyderabad,HYDERABAD,"H.NO. 11-1-14, SEETHAPHALMANDI",,,,AICTE Approved,Under Graduate,Bba; Bca,120,,,,,,,,,,,,,,Contact College,,,AICTE Official Institutional Disclosures,2021,,,,,,,,,,,,,,,,https://www.aicte-india.org,False,Medium,False
1-44798126417,PRAGNYA WOMENS DEGREE COLLEGE,"Osmania University, Hyderabad",Private-Self Financing,Private,Telangana,Rangareddi,RANGAREDDI,"# 5-2/3, CHINNAM COMLEX, NEAR BUS STOP, CHANDANAGAR, HYDERABAD.",,,,AICTE Approved,Under Graduate,Bba; Bca,120,,,,,,,,,,,,,,Contact College,,,AICTE Official Institutional Disclosures,2021,,,,,,,,,,,,,,,,https://www.aicte-india.org,False,Medium,False
1-44644795748,MJPTBCWRDC GIRLS SURYAPET,"Mahatma Gandhi University , Nalgonda",Government,Government,Telangana,Suryapet,SURYAPET,RAKESH B.ED COLLEGE BHAGATH SINGH NAGAR NEAR BSNL TOWER CHINTHALCHERUVU ROAD SURYAPET,,,,AICTE Approved,Under Graduate,Bba,20,,,,,,,,,,,,,,Contact College,,,AICTE Official Institutional Disclosures,2021,,,,,,,,,,,,,,,,https://www.aicte-india.org,False,Medium,False
1-44642642202,SRI CHAITANYA TECHNICAL CAMPUS,"Jawaharlal Nehru Technological University, Hyderabad",Private-Self Financing,Private,Telangana,Rangareddi,RANGAREDDI,"SHERIGUDA(V), IBRAHIMPATNAM(M), RANGA REDDY(DIST.) PIN - 501 510.",,,,AICTE Approved,Diploma; Post Graduate; Under Graduate,Civil Engineering; Computer Engineering(Software Engineering); Computer Science & Engineering; Computer Science And Engineering; Computer Science And Engineering (Artificial Intelligence And Machine Learning); Computer Science And Engineering (Data Science); Electrical And Electronics Engineering; Electronics & Communication Engg; Electronics And Communication Engineering; Mba(Business Management),960,,,,,,,,,,,,,,Contact College,,,AICTE Official Institutional Disclosures,2021,,,,,,,,,,,,,,,,https://www.aicte-india.org,False,Medium,False
1-44638881028,GOKARAJU LAILAVATHI ENGINEERING COLLEGE,"Osmania University, Hyderabad",Private-Self Financing,Private,Telangana,Rangareddi,RANGAREDDI,"BACHUPALLY, KUKATPALLY, HYDERABAD",,,,AICTE Approved,Under Graduate,Computer Science And Engineering; Computer Science And Engineering (Artificial Intelligence And Machine Learning),480,,,,,,,,,,,,,,Contact College,,,AICTE Official Institutional Disclosures,2021,,,,,,,,,,,,,,,,https://www.aicte-india.org,False,Medium,False
1-44642755724,MOTHER TERESA INSTITUTE OF SCIENCE AND TECHNOLOGY,"Jawaharlal Nehru Technological University, Hyderabad",Private-Self Financing,Private,Telangana,Khammam,KHAMMAM,"SANKETIKA NAGAR, KOTHURU VILLAGE, SATHUPALLY MANDAL, PIN: 507303, KHAMMAM DISTRICT, ANDHRA PRADESH.",,,,AICTE Approved,Diploma; Post Graduate; Under Graduate,Advanced Manufacturing Systems; Civil Engineering; Cloud Computing And Big Data; Computer Engineering; Computer Science And Engineering; Computer Science And Engineering (Artificial Intelligence And Machine Learning); Computer Science And Engineering (Data Science); Computer Science And Information Technology; Electrical And Electronics Engineering; Electronics And Communications Engineering,1152,,,,,,,,,,,,,,Contact College,,,AICTE Official Institutional Disclosures,2021,,,,,,,,,,,,,,,,https://www.aicte-india.org,False,Medium,False
1-44641884720,SUPRABHATH PG COLLEGE,"Jawaharlal Nehru Technological University, Hyderabad",Private-Self Financing,Private,Telangana,Nalgonda,NALGONDA,"RAGHAVAPUR(V), BIBINAGAR(M), NALGONDA DIST. - 508126",,,,AICTE Approved,Post Graduate,Mba,120,,,,,,,,,,,,,,Contact College,,,AICTE Official Institutional Disclosures,2021,,,,,,,,,,,,,,,,https://www.aicte-india.org,False,Medium,False
1-44643062644,MAHAVEER  INSTITUTE OF SCIENCE & TECHNOLOGY,"State Board of Technical Education and Training, Hyderabad",Private-Self Financing,Private,Telangana,Hyderabad,HYDERABAD,"VYASAPURI, KESHAVGIRI- POST, BANDLAGUDA,HYDERABAD",,,,AICTE Approved,Diploma; Post Graduate; Under Graduate,Advanced Manufacturing Systems; Aeronautical Engineering; Civil Engineering; Computer Science And Engineering; Computer Science And Engineering (Data Science); Computer Science And Engineering(Artificial Intelligence And Machine Learning); Digital Electronics And Communication Systems; Electrical And Electronics Engineering; Electronics & Communication Engg; Electronics And Communications Engineering,1440,,,,,,,,,,,,,,Contact College,,,AICTE Official Institutional Disclosures,2021,,,,,,,,,,,,,,,,https://www.aicte-india.org,False,Medium,False
1-44642778389,ARISTOTLE P.G COLLEGE,"Osmania University, Hyderabad",Private-Self Financing,Private,Telangana,Rangareddi,RANGAREDDI,CHILKUR (VILL) MOINABAD (MDL) RANGA REDDY (DIST) 501504,,,,AICTE Approved,Post Graduate,Mba,180,,,,,,,,,,,,,,Contact College,,,AICTE Official Institutional Disclosures,2021,,,,,,,,,,,,,,,,https://www.aicte-india.org,False,Medium,False
1-44643864560,HOLY CROSS COLLEGE AGARTALA,"Tripura University, Agartala",Private-Self Financing,Private,Tripura,West Tripura,WEST TRIPURA,"JUBATARA, P.O. LEMBUCHERRA, AGARTALA, WEST TRIPURA",,,,AICTE Approved,Post Graduate; Under Graduate,Bba; Mba,120,,,,,,,,,,,,,,Contact College,,,AICTE Official Institutional Disclosures,2021,,,,,,,,,,,,,,,,https://www.aicte-india.org,False,Medium,False
1-44642934677,TRIPURA INSTITUTE OF TECHNOLOGY,"Tripura University, Agartala",Government,Government,Tripura,West Tripura,WEST TRIPURA,"TRIPURA INSTITUTE OF TECHNOLOGY, PO NARSINGATH AERODROME,",,,,AICTE Approved,Post Graduate; Under Graduate,Civil Engineering; Computer Science & Engineering; Data Science; Electrical Engineering; Electronics & Communication Engg; Mechanical Engineering; Power & Energy Systems; Thermal Engineering; Vlsi And Embedded Systems,372,,,,,,,,,,,,,,Contact College,,,AICTE Official Institutional Disclosures,2021,,,,,,,,,,,,,,,,https://www.aicte-india.org,False,Medium,False
1-44638186655,TRIPURA UNIVERSITY,NOT APPLICABLE,Central University,Government,Tripura,West Tripura,WEST TRIPURA,SURYAMANINAGAR,,,,AICTE Approved,Post Graduate,Computer Applications; Computer Science And Engineering; Electrical Engineering,78,,,,,,,,,,,,,,Contact College,,,AICTE Official Institutional Disclosures,2021,,,,,,,,,,,,,,,,https://www.aicte-india.org,False,Medium,False
1-44638569766,NATIONAL INSTITUTE OF ELECTRONICS AND INFORMATION TECHNOLOGY -  AGARTALA,National Institute of Electronics and Information Technology,Government,Government,Tripura,West Tripura,WEST TRIPURA,"R.K.NAGAR (OPPOSITE NEEPCO), KHAYERPUR",,,,AICTE Approved,Diploma; Post Graduate,Computer Science And Technology; Data Engineering; Electronics And Telecommunication Engineering,150,,,,,,,,,,,,,,Contact College,,,AICTE Official Institutional Disclosures,2021,,,,,,,,,,,,,,,,https://www.aicte-india.org,False,Medium,False
1-44644470364,NATIONAL INSTITUTE OF ELECTRONICS AND INFORMATION TECHNOLOGY AGARTALA,National Institute of Electronics and Information Technology,Government,Government,Tripura,West Tripura,WEST TRIPURA,"R.K.NAGAR (OPPOSITE NEEPCO), KHAYERPUR",,,,AICTE Approved,Under Graduate,Bca,40,,,,,,,,,,,,,,Contact College,,,AICTE Official Institutional Disclosures,2021,,,,,,,,,,,,,,,,https://www.aicte-india.org,False,Medium,False
1-44643788221,TECHNO INDIA UNIVERSITY TRIPURA,TECHNO INDIA UNIVERSITY TRIPURA,Private-Self Financing,Private,Tripura,West Tripura,WEST TRIPURA,"VILL- MAHESHKHOLA, PO- ANANDANAGAR, PS- AMTALI",,,,AICTE Approved,Post Graduate; Under Graduate,Bba; Bca; Biotechnology; Computer Science And Engineering; Computer Science And Engineering (Artificial Intelligence And Machine Learning); Computer Science And Engineering (Internet Of Things); Mba; Mca,480,,,,,,,,,,,,,,Contact College,,,AICTE Official Institutional Disclosures,2021,,,,,,,,,,,,,,,,https://www.aicte-india.org,False,Medium,False
1-44640190697,TECHNO COLLEGE OF ENGINEERING AGARTALA,"Tripura University, Agartala",Private-Self Financing,Private,Tripura,West Tripura,WEST TRIPURA,"MAHESHKHOLA, PO:ANANDANAGAR, PS: AMTALI,",,,,AICTE Approved,Diploma; Post Graduate; Under Graduate,Artificial Intelligence (Ai)  And Machine Learning; Civil Engineering; Civil Engineering (Construction Technology); Computer Science & Engineering; Computer Science And Engineering (Artificial Intelligence And Data Science); Computer Science And Technology; Electrical And Computer Engineering; Electrical Engineering; Electronics And Communication Engineering; Electronics And Communications Engineering,750,,,,,,,,,,,,,,Contact College,,,AICTE Official Institutional Disclosures,2021,,,,,,,,,,,,,,,,https://www.aicte-india.org,False,Medium,False
1-44638405243,TRIPURA UNIVERSITY,NOT APPLICABLE,Central University,Government,Tripura,West Tripura,WEST TRIPURA,SURYAMANINAGAR,,,,AICTE Approved,Post Graduate,Mba; Mba(General Management),120,,,,,,,,,,,,,,Contact College,,,AICTE Official Institutional Disclosures,2021,,,,,,,,,,,,,,,,https://www.aicte-india.org,False,Medium,False
1-44644463407,BHAVAN'S TRIPURA COLLEGE OF SCIENCE AND TECHNOLOGY,"Tripura University, Agartala",Private-Self Financing,Private,Tripura,West Tripura,WEST TRIPURA,"UTTAR ANANDANAGAR, ANANDANAGAR",,,,AICTE Approved,Under Graduate,Bba,30,,,,,,,,,,,,,,Contact College,,,AICTE Official Institutional Disclosures,2021,,,,,,,,,,,,,,,,https://www.aicte-india.org,False,Medium,False
1-44644155020,INSTITUTE OF HOTEL MANAGEMENT CATERING TECHNOLOGY AND APPLIED NUTRITION,"Chaudhary Charan Singh University, Meerut",Private-Self Financing,Private,Uttar Pradesh,Meerut,MEERUT,"11 R A LINES, DOGRA MANDIR LANE, MALL ROAD, MEERUT CANTT",,,,AICTE Approved,Under Graduate,Bba; Bca,160,,,,,,,,,,,,,,Contact College,,,AICTE Official Institutional Disclosures,2021,,,,,,,,,,,,,,,,https://www.aicte-india.org,False,Medium,False
1-44638608012,SITAPUR SHIKSHA SANSTHAN GROUP OF INSTITUTIONS,"Dr. A.P.J. Abdul Kalam Technical University, Uttar Pradesh, Lucknow",Private-Self Financing,Private,Uttar Pradesh,Sitapur,SITAPUR,"RESORA ,SITAPUR",,,,AICTE Approved,Diploma; Post Graduate; Under Graduate,Artificial Intelligence And Machine Learning; Civil Engineering; Computer Science & Engineering; Computer Science And Engineering; Electrical And Electronics Engineering; Electrical Engineering; Electronics And Communications Engineering; Electronics Engineering; Mba; Mechanical Engineering,540,,,,,,,,,,,,,,Contact College,,,AICTE Official Institutional Disclosures,2021,,,,,,,,,,,,,,,,https://www.aicte-india.org,False,Medium,False
1-44644030051,SHAKUNTALA KRISHANA INSTITUTE OF TECHNOLOGY,"Chhatrapati Sahu Ji Maharaj University, Kanpur University, Kanpur",Private-Self Financing,Private,Uttar Pradesh,Ramabai Nagar (Kanpur Dehat),RAMABAI NAGAR (KANPUR DEHAT),"BAHABALPUR, SIKANDRA KANPUR DEHAT 209310",,,,AICTE Approved,Under Graduate,Bba; Bca,240,,,,,,,,,,,,,,Contact College,,,AICTE Official Institutional Disclosures,2021,,,,,,,,,,,,,,,,https://www.aicte-india.org,False,Medium,False
1-44641099933,INSTITUTE OF ENGINEERING AND TECHNOLOGY,NOT APPLICABLE,State Government University,Government,Uttar Pradesh,Lucknow,LUCKNOW,"SITAPUR ROAD, LUCKNOW",,,,AICTE Approved,Post Graduate; Under Graduate,"""Computer Science And Engineering (Artificial Intelligence )""; Artificial Intelligence And Data Science; Biotechnology; Chemical Engineering; Civil Engineering; Computer Science & Engineering; Electrical Engineering; Electronics & Communication Engg; Environment Engineering; Master Of Computer Applications",723,,,,,,,,,,,,,,Contact College,,,AICTE Official Institutional Disclosures,2021,,,,,,,,,,,,,,,,https://www.aicte-india.org,False,Medium,False
1-44641609662,UNITED COLLEGE OF ENGINEERING & RESEARCH,"Dr. A.P.J. Abdul Kalam Technical University, Uttar Pradesh, Lucknow",Private-Self Financing,Private,Uttar Pradesh,Allahabad,ALLAHABAD,"UPSIDC INDUSTRIAL AREA, NAINI, ALLAHABAD",,,,AICTE Approved,Diploma; Post Graduate; Under Graduate,Civil Engineering; Computer Aided Design; Computer Science & Engineering (Artificial Intelligence And Machine Learning ); Computer Science And Engineering; Electrical Engineering; Electronics & Communication Engg; Mba; Mechanical Engineering; Power Electronics And Drives,1362,,,,,,,,,,,,,,Contact College,,,AICTE Official Institutional Disclosures,2021,,,,,,,,,,,,,,,,https://www.aicte-india.org,False,Medium,False
1-44638486158,AXIS INSTITUTE OF TECHNOLOGY AND MANAGEMENT,"Dr. A.P.J. Abdul Kalam Technical University, Uttar Pradesh, Lucknow",Private-Self Financing,Private,Uttar Pradesh,Kanpur Nagar,KANPUR NAGAR,"VILL-HATHIPUR, KANPUR SADAR",,,,AICTE Approved,Post Graduate; Under Graduate,Artificial Intelligence & Data Science; Civil Engineering; Compute Science And Engineering; Computer Science & Engineering; Computer Science And Engineering (Data Science); Computer Science And Engineering(Artificial Intelligence And Machine Learning); Electrical Engineering; Electronics & Communication Engg; Information Technology; Mechanical Engineering,660,,,,,,,,,,,,,,Contact College,,,AICTE Official Institutional Disclosures,2021,,,,,,,,,,,,,,,,https://www.aicte-india.org,False,Medium,False
1-44645051103,VEETRAG SWAMI KALYAN DEV DEGREE COLLEGE,"Maa Shakumbhari University, Saharanpur",Private-Self Financing,Private,Uttar Pradesh,Muzaffarnagar,MUZAFFARNAGAR,VILL BARLA POST BARLA DIST M NAGAR,,,,AICTE Approved,Under Graduate,Bba,60,,,,,,,,,,,,,,Contact College,,,AICTE Official Institutional Disclosures,2021,,,,,,,,,,,,,,,,https://www.aicte-india.org,False,Medium,False
1-44644846222,SHRI VISHWANATH P.G. COLLEGE,"Dr. Ram Manohar Lohia Avadh University, Faizabad",Private-Self Financing,Private,Uttar Pradesh,Sultanpur,SULTANPUR,"VILLAGE & POST- KALAN, TEHSIL- KADIPUR, DISTRICT- SULTANPUR, U.P.- 222101",,,,AICTE Approved,Post Graduate; Under Graduate,Bba; Bca; Mba,240,,,,,,,,,,,,,,Contact College,,,AICTE Official Institutional Disclosures,2021,,,,,,,,,,,,,,,,https://www.aicte-india.org,False,Medium,False
1-44644033353,RAKSHPAL BAHADUR MANAGEMENT INSTITUTE BAREILLY,"M.J.P. Rohilkhand University, Bareilly",Private-Self Financing,Private,Uttar Pradesh,Bareilly,BAREILLY,NEAR ITBP BUKHARA TURN BUDAUN ROAD,,,,AICTE Approved,Under Graduate,Bba; Bca,240,,,,,,,,,,,,,,Contact College,,,AICTE Official Institutional Disclosures,2021,,,,,,,,,,,,,,,,https://www.aicte-india.org,False,Medium,False
1-44643240393,KISHAN INSTITUTE OF INFORMATION TECHNOLOGY,"Dr. A.P.J. Abdul Kalam Technical University, Uttar Pradesh, Lucknow",Private-Self Financing,Private,Uttar Pradesh,Meerut,MEERUT,"DELHI ROAD, NEAR HAPUR RAILWAY CROSSING",,,,AICTE Approved,Post Graduate; Under Graduate,Bba; Bca; Mba,420,,,,,,,,,,,,,,Contact College,,,AICTE Official Institutional Disclosures,2021,,,,,,,,,,,,,,,,https://www.aicte-india.org,False,Medium,False
1-44644659147,INDRAPRASTHA INSTITUTE OF EDUCATION AND MANAGEMENT,"Chaudhary Charan Singh University, Meerut",Private-Self Financing,Private,Uttar Pradesh,Hapur,HAPUR,"INDRAPRASTHA KNOWLEDGE PARK, JAROTHI, GARH ROAD, HAPUR",,,,AICTE Approved,Under Graduate,Bba; Bca,160,,,,,,,,,,,,,,Contact College,,,AICTE Official Institutional Disclosures,2021,,,,,,,,,,,,,,,,https://www.aicte-india.org,False,Medium,False
1-44641268475,BHAVDIYA INSTITUTE OF BUSINESS MANAGEMENT,"Dr. A.P.J. Abdul Kalam Technical University, Uttar Pradesh, Lucknow",Private-Self Financing,Private,Uttar Pradesh,Faizabad,FAIZABAD,NH 28 FAIZABAD-LUCKNOW HIGHWAY VILLAGE: SEBAR TAHSIL: SOHAWAL,,,,AICTE Approved,Post Graduate,Mba,60,,,,,,,,,,,,,,Contact College,,,AICTE Official Institutional Disclosures,2021,,,,,,,,,,,,,,,,https://www.aicte-india.org,False,Medium,False
1-44644612062,DR RAM MANOHAR LOHIA INSTITUTE,"Chaudhary Charan Singh University, Meerut",Private-Self Financing,Private,Uttar Pradesh,Ghaziabad,GHAZIABAD,DELHI MEERUT ROAD MODINAGAR,,,,AICTE Approved,Under Graduate,Bca,120,,,,,,,,,,,,,,Contact College,,,AICTE Official Institutional Disclosures,2021,,,,,,,,,,,,,,,,https://www.aicte-india.org,False,Medium,False
1-44641689110,BANSAL INSTITUTE OF ENGINEERING AND TECNOLOGY,"Dr. A.P.J. Abdul Kalam Technical University, Uttar Pradesh, Lucknow",Private-Self Financing,Private,Uttar Pradesh,Lucknow,LUCKNOW,"NH-24, BEHIND SEWA HOSPITAL, SITAPUR ROAD, LUCKNOW",,,,AICTE Approved,Post Graduate; Under Graduate,Biotechnology; Civil Engineering; Computer Science & Engineering; Computer Science And Engineering; Computer Science And Engineering (Artificial Intelligence And Machine Learning); Computer Science And Engineering (Artificial Intelligence); Electrical Engineering; Electronics & Communication Engg; Information Technology; Mba,906,,,,,,,,,,,,,,Contact College,,,AICTE Official Institutional Disclosures,2021,,,,,,,,,,,,,,,,https://www.aicte-india.org,False,Medium,False
1-44643136277,INDRAPRASTHA INSTITUTE OF MANAGEMENT & TECHNOLOGY,"Uttar Pradesh Board of Technical Education, Lucknow",Private-Self Financing,Private,Uttar Pradesh,Saharanpur,SAHARANPUR,"VILL: UMAHI (KOTA),SAHARANPUR MUZZAFAR NAGAR STATE HIGHWAY,SAHARANPUR",,,,AICTE Approved,Diploma; Under Graduate,Artificial Intelligence And Machine Learning; Civil Engineering; Civil Engineering (2 Shift); Computer Science & Engineering; Electrical Engineering; Electronics & Communication Engg; Information Technology; Mechanical Engineering; Mechanical Engineering (Prod),720,,,,,,,,,,,,,,Contact College,,,AICTE Official Institutional Disclosures,2021,,,,,,,,,,,,,,,,https://www.aicte-india.org,False,Medium,False
1-44644300118,SANATAN DHARM COLLEGE,MAA SHAKUMBHARI SAHARANPUR,Govt aided,Government,Uttar Pradesh,Muzaffarnagar,MUZAFFARNAGAR,BHOPA ROAD,,,,AICTE Approved,Under Graduate,Bba; Bca,120,,,,,,,,,,,,,,Contact College,,,AICTE Official Institutional Disclosures,2021,,,,,,,,,,,,,,,,https://www.aicte-india.org,False,Medium,False
1-44642871209,SACRED HEART INSTITUTE OF MANAGEMENT & TECHNOLOGY,"Dr. A.P.J. Abdul Kalam Technical University, Uttar Pradesh, Lucknow",Private-Self Financing,Private,Uttar Pradesh,Sitapur,SITAPUR,NAIPALAPUR SITAPUR DT. U.P. 261 001,,,,AICTE Approved,Post Graduate,Masters In Computer Applications; Mba,85,,,,,,,,,,,,,,Contact College,,,AICTE Official Institutional Disclosures,2021,,,,,,,,,,,,,,,,https://www.aicte-india.org,False,Medium,False
1-44642238760,ABES INSTITUTE OF TECHNOLOGY,"Dr. A.P.J. Abdul Kalam Technical University, Uttar Pradesh, Lucknow",Private-Self Financing,Private,Uttar Pradesh,Ghaziabad,GHAZIABAD,"CAMPUS - 2,  19TH KM STONE,  NATIONAL HIGHWAY - 24,  VIJAY NAGAR,  GHAZIABAD (UP)",,,,AICTE Approved,Post Graduate; Under Graduate,Bba; Bca; Computer Science And Engineering; Computer Science And Engineering (Artificial Intelligence ); Computer Science And Engineering (Data Science); Mca,1200,,,,,,,,,,,,,,Contact College,,,AICTE Official Institutional Disclosures,2021,,,,,,,,,,,,,,,,https://www.aicte-india.org,False,Medium,False
1-44644538588,SRS INSTITUTE OF EDUCATION AND TECHNOLOGY,"Chaudhary Charan Singh University, Meerut",Private-Self Financing,Private,Uttar Pradesh,Meerut,MEERUT,"VILLAGE GEJHA, POST- MOHIUDDINPUR",,,,AICTE Approved,Under Graduate,Bca,40,,,,,,,,,,,,,,Contact College,,,AICTE Official Institutional Disclosures,2021,,,,,,,,,,,,,,,,https://www.aicte-india.org,False,Medium,False
1-44644040914,ISLAMIA DEGREE COLLEGE,"Dr. A.P.J. Abdul Kalam Technical University, Uttar Pradesh, Lucknow",Private-Self Financing,Private,Uttar Pradesh,Saharanpur,SAHARANPUR,DEOBAND,,,,AICTE Approved,Post Graduate,Mba; Mca,240,,,,,,,,,,,,,,Contact College,,,AICTE Official Institutional Disclosures,2021,,,,,,,,,,,,,,,,https://www.aicte-india.org,False,Medium,False
1-44643257674,INSTITUTE OF MANAGEMENT RESEARCH AND TECHNOLOGY,"Dr. A.P.J. Abdul Kalam Technical University, Uttar Pradesh, Lucknow",Private-Self Financing,Private,Uttar Pradesh,Lucknow,LUCKNOW,"HERS EDUCATIONAL CAMPUS, VIPUL KHAND-6, GOMTI NAGAR LUCKNOW.",,,,AICTE Approved,Post Graduate,Mba,180,,,,,,,,,,,,,,Contact College,,,AICTE Official Institutional Disclosures,2021,,,,,,,,,,,,,,,,https://www.aicte-india.org,False,Medium,False
1-44643504516,AL-BARKAAT INSTITUTE OF MANAGEMENT STUDIES,"Dr. A.P.J. Abdul Kalam Technical University, Uttar Pradesh, Lucknow",Private-Self Financing,Private,Uttar Pradesh,Aligarh,ALIGARH,"MANJOORGARHI, ANOOPSHAHR ROAD, ALIGARH",,,,AICTE Approved,Post Graduate,Mba,120,,,,,,,,,,,,,,Contact College,,,AICTE Official Institutional Disclosures,2021,,,,,,,,,,,,,,,,https://www.aicte-india.org,False,Medium,False
1-44642609437,KANPUR INSTITUTE OF MANAGEMENT STUDIES,"Dr. A.P.J. Abdul Kalam Technical University, Uttar Pradesh, Lucknow",Private-Self Financing,Private,Uttar Pradesh,Unnao,UNNAO,"GREAT GANGES EDUCATION COMPLEX 22KM MILESTONE KANPUR-LUCKNOW HIGHWAY, P.O.-SINGRAUSI",,,,AICTE Approved,Post Graduate,Mba; Mca,120,,,,,,,,,,,,,,Contact College,,,AICTE Official Institutional Disclosures,2021,,,,,,,,,,,,,,,,https://www.aicte-india.org,False,Medium,False
1-44642655392,"COLLEGE OF ENGG. & RURAL TECHNOLOGY ,MEERUT","Dr. A.P.J. Abdul Kalam Technical University, Uttar Pradesh, Lucknow",Private-Self Financing,Private,Uttar Pradesh,Meerut,MEERUT,"BY PASS ROAD, PARTAPUR, MEERUT",,,,AICTE Approved,Diploma; Post Graduate; Under Graduate,Civil Engineering; Computer Science & Engineering; Electronics & Communication Engg; Electronics Engineering; Mba; Mechanical Engineering,390,,,,,,,,,,,,,,Contact College,,,AICTE Official Institutional Disclosures,2021,,,,,,,,,,,,,,,,https://www.aicte-india.org,False,Medium,False
1-44645009014,SHRI SHAKTI DEGREE COLLEGE,"Chhatrapati Sahu Ji Maharaj University, Kanpur University, Kanpur",Private-Self Financing,Private,Uttar Pradesh,Kanpur Nagar,KANPUR NAGAR,VILLAGE SANKHAHARI POST HARBASPUR,,,,AICTE Approved,Under Graduate,Bca,120,,,,,,,,,,,,,,Contact College,,,AICTE Official Institutional Disclosures,2021,,,,,,,,,,,,,,,,https://www.aicte-india.org,False,Medium,False
1-44644332747,IIMT COLLEGE OF MANAGEMENT,"Chaudhary Charan Singh University, Meerut",Private-Self Financing,Private,Uttar Pradesh,Gautam Buddha Nagar,GAUTAM BUDDHA NAGAR,"PLOT NO. 20, KNOWLEDGE PARK-3, GREATER NOIDA",,,,AICTE Approved,Under Graduate,Bba; Bca,480,,,,,,,,,,,,,,Contact College,,,AICTE Official Institutional Disclosures,2021,,,,,,,,,,,,,,,,https://www.aicte-india.org,False,Medium,False
1-44644973905,MULTANIMAL MODI COLLEGE,"Chaudhary Charan Singh University, Meerut",Govt aided,Government,Uttar Pradesh,Ghaziabad,GHAZIABAD,DELHI-MEERUT ROAD,,,,AICTE Approved,Under Graduate,Bba; Bca,120,,,,,,,,,,,,,,Contact College,,,AICTE Official Institutional Disclosures,2021,,,,,,,,,,,,,,,,https://www.aicte-india.org,False,Medium,False
1-44638796758,SHRI VISHWANATH COLLEGE OF POLYTECHNIC,"Uttar Pradesh Board of Technical Education, Lucknow",Private-Self Financing,Private,Uttar Pradesh,Sultanpur,SULTANPUR,"VILL & POST- KALAN TEHSIL-KADIPUR, DIST-SULTANPUR, UP",,,,AICTE Approved,Diploma; Under Graduate,Artificial Intelligence And Data Science; Civil Engineering; Computer Science & Engineering; Computer Science And Engineering; Electrical Engineering; Electronics And Communication Engineering; Electronics And Communications Engineering; Mechanical Engineering (Prod),600,,,,,,,,,,,,,,Contact College,,,AICTE Official Institutional Disclosures,2021,,,,,,,,,,,,,,,,https://www.aicte-india.org,False,Medium,False
1-44645032908,N A S COLLEGE MEERUT,"Chaudhary Charan Singh University, Meerut University, Meerut",Govt aided,Government,Uttar Pradesh,Meerut,MEERUT,E K ROAD MEERUT,,,,AICTE Approved,Under Graduate,Bba; Bca,120,,,,,,,,,,,,,,Contact College,,,AICTE Official Institutional Disclosures,2021,,,,,,,,,,,,,,,,https://www.aicte-india.org,False,Medium,False
1-44641986757,RAJSHREE INSTITUTE OF MANAGEMENT & TECHNOLOGY,"Dr. A.P.J. Abdul Kalam Technical University, Uttar Pradesh, Lucknow",Private-Self Financing,Private,Uttar Pradesh,Bareilly,BAREILLY,"VILLAGE-LABHERA TEHSIL-NAWABGANJ,BAREILLY",,,,AICTE Approved,Diploma; Fellowship; Integrated; Post Graduate; Under Graduate,Bba/Mba; Bca; Civil Engineering; Computer Science; Computer Science & Engineering; Computer Science And Engineering; Electrical And Electronics Engineering; Electrical Engineering; Electronics & Communication Engg; Information Technology,1082,,,,,,,,,,,,,,Contact College,,,AICTE Official Institutional Disclosures,2021,,,,,,,,,,,,,,,,https://www.aicte-india.org,False,Medium,False
1-44642557220,GALGOTIAS INSTITUTE OF MANAGEMENT & TECHNOLOGY,"Dr. A.P.J. Abdul Kalam Technical University, Uttar Pradesh, Lucknow",Private-Self Financing,Private,Uttar Pradesh,Gautam Buddha Nagar,GAUTAM BUDDHA NAGAR,"1,KNOWLEDGE PARK 2 GREATER NOIDA GAUTAM BUDH NAGAR (DIST) UTTAR PRADESH PIN: 201 306",,,,AICTE Approved,Post Graduate,Mba,180,,,,,,,,,,,,,,Contact College,,,AICTE Official Institutional Disclosures,2021,,,,,,,,,,,,,,,,https://www.aicte-india.org,False,Medium,False
1-44642072034,"RAKSHPAL BAHADUR COLLEGE OF ENGINEERING & TECHNOLOGY, BAREILLY","Dr. A.P.J. Abdul Kalam Technical University, Uttar Pradesh, Lucknow",Private-Self Financing,Private,Uttar Pradesh,Bareilly,BAREILLY,"NEAR ITBP, BUKHARA TURN, BADAUN ROAD, BAREILLY - 243001 (U.P.)",,,,AICTE Approved,Diploma; Under Graduate,Artificial Intelligence (Ai)  And Data Science; Computer Science And Engineering; Electrical And Electronics Engineering; Electrical Engineering; Electronics & Communication Engg; Mechanical Engineering; Mechanical Engineering( Production),345,,,,,,,,,,,,,,Contact College,,,AICTE Official Institutional Disclosures,2021,,,,,,,,,,,,,,,,https://www.aicte-india.org,False,Medium,False
1-44643791177,INSTITUTE OF MANAGEMENT STUDIES,"Chaudhary Charan Singh University, Meerut University, Meerut",Private-Self Financing,Private,Uttar Pradesh,Ghaziabad,GHAZIABAD,"NH-9,ADHYATMIK NAGAR, GHAZIABAD",,,,AICTE Approved,Under Graduate,Bba; Bca,660,,,,,,,,,,,,,,Contact College,,,AICTE Official Institutional Disclosures,2021,,,,,,,,,,,,,,,,https://www.aicte-india.org,False,Medium,False
1-44641298784,DISHA BHARTI COLLEGE OF MANAGEMENT AND EDUCATION,"Dr. A.P.J. Abdul Kalam Technical University, Uttar Pradesh, Lucknow",Private-Self Financing,Private,Uttar Pradesh,Saharanpur,SAHARANPUR,"CHIDBANA LANE, OPP. DPS,DELHI ROAD, SAHARANPUR",,,,AICTE Approved,Post Graduate,Mba,120,,,,,,,,,,,,,,Contact College,,,AICTE Official Institutional Disclosures,2021,,,,,,,,,,,,,,,,https://www.aicte-india.org,False,Medium,False
1-44643099147,BSA COLLEGE OF ENGINEERING & TECHNOLOGY,"Dr. A.P.J. Abdul Kalam Technical University, Uttar Pradesh, Lucknow",Private-Self Financing,Private,Uttar Pradesh,Mathura,MATHURA,NEAR NEW BUS STAND BHUTESHWAR ROAD MATHURA (UP),,,,AICTE Approved,Diploma; Post Graduate; Under Graduate,Bba; Bca; Civil Engineering; Computer Science And Engineering; Electrical Engineering; Electronics & Communication Engg; Masters In Computer Applications; Mba; Mechanical Engineering,760,,,,,,,,,,,,,,Contact College,,,AICTE Official Institutional Disclosures,2021,,,,,,,,,,,,,,,,https://www.aicte-india.org,False,Medium,False
1-44640764216,SUBHARTI INSTITUTE OF TECHNOLOGY AND ENGINEERING,"Swami Vivekananda Subharti University, Meerut",Private-Self Financing,Private,Uttar Pradesh,Meerut,MEERUT,NH-58 SUBHARTIPURAM  DELHI-MEERUT-HARDIWAR BY PASS ROAD,,,,AICTE Approved,Post Graduate; Under Graduate,Civil Engineering; Computer Science & Engineering; Computer Science And Engineering; Cyber Security; Electrical And Electronics Engineering; Electronics & Communication Engg; Environmental Engineering And Management; Information Technology; Master Of Computer Applications; Mba,471,,,,,,,,,,,,,,Contact College,,,AICTE Official Institutional Disclosures,2021,,,,,,,,,,,,,,,,https://www.aicte-india.org,False,Medium,False
1-44643244307,HMFA MEMORIAL INSTITUTE OF ENGG & TECH.,"Uttar Pradesh Board of Technical Education, Lucknow",Private-Self Financing,Private,Uttar Pradesh,Allahabad,ALLAHABAD,"KARARI BHADAILY, HANDIA, ALLAHABAD",,,,AICTE Approved,Diploma; Post Graduate; Under Graduate,Civil Engineering; Computer Science And Engineering; Electrical And Electronics Engineering; Electronics & Communication Engg; Mba; Mechanical Engineering,360,,,,,,,,,,,,,,Contact College,,,AICTE Official Institutional Disclosures,2021,,,,,,,,,,,,,,,,https://www.aicte-india.org,False,Medium,False
1-44640868952,"INSTITUTE OF BUSINESS STUDIES,CH. CHARAN SINGH UNIVERSITY,CAMPUS,MEERUT","Chaudhary Charan Singh University, Meerut",Government,Government,Uttar Pradesh,Meerut,MEERUT,"C.C.S.UNIVERSITY CAMPUS,GARH ROAD,MEERUT.",,,,AICTE Approved,Post Graduate; Under Graduate,Bba; Mba,180,,,,,,,,,,,,,,Contact College,,,AICTE Official Institutional Disclosures,2021,,,,,,,,,,,,,,,,https://www.aicte-india.org,False,Medium,False
1-44645044850,KAILASH INSITUTE OF NURSING AND PARAMEDICAL SCIENCES,"Chaudhary Charan Singh University, Meerut",Private-Self Financing,Private,Uttar Pradesh,Gautam Buddha Nagar,GAUTAM BUDDHA NAGAR,"46A/1, KNOWLEDGE PARK - III, GREATER NOIDA",,,,AICTE Approved,Under Graduate,Bba; Bca,120,,,,,,,,,,,,,,Contact College,,,AICTE Official Institutional Disclosures,2021,,,,,,,,,,,,,,,,https://www.aicte-india.org,False,Medium,False
1-44642840304,"DEPT. OF C.S.I.T.,  MJP ROHILKHAND UNIVERSITY",NOT APPLICABLE,State Government University,Government,Uttar Pradesh,Bareilly,BAREILLY,"PILIBHIT BY PASS ROAD, BAREILLY (U.P.)",,,,AICTE Approved,Post Graduate,Masters In Computer Applications,60,,,,,,,,,,,,,,Contact College,,,AICTE Official Institutional Disclosures,2021,,,,,,,,,,,,,,,,https://www.aicte-india.org,False,Medium,False
1-44643256160,"RAKSHPAL BAHADUR MANAGEMENT INSTITUTE, BAREILLY (MCA)","Dr. A.P.J. Abdul Kalam Technical University, Uttar Pradesh, Lucknow",Private-Self Financing,Private,Uttar Pradesh,Bareilly,BAREILLY,"NEAR ITBP, BUKHARA TURN, BADAUN ROAD, BAREILLY - 243001 (U.P.)",,,,AICTE Approved,Post Graduate,Masters In Computer Applications,60,,,,,,,,,,,,,,Contact College,,,AICTE Official Institutional Disclosures,2021,,,,,,,,,,,,,,,,https://www.aicte-india.org,False,Medium,False
1-44645032389,MMH COLLEGE GHAZIABAD,"Chaudhary Charan Singh University, Meerut",Private-Self Financing,Private,Uttar Pradesh,Ghaziabad,GHAZIABAD,MODEL TOWN WEST GHAZIABAD,,,,AICTE Approved,Under Graduate,Bba,60,,,,,,,,,,,,,,Contact College,,,AICTE Official Institutional Disclosures,2021,,,,,,,,,,,,,,,,https://www.aicte-india.org,False,Medium,False
1-44753754443,DEPARTMENT OF COMPUTER SCIENCE AND APPLICATIONS MAHATMA GANDHI KASHI VIDYAPITH,"Mahatma Gandhi Kashi Vidyapeeth, Uttar Pradesh",State Government University,Government,Uttar Pradesh,Varanasi,VARANASI,"STATION ROAD, MALDAHIYA CROSSING, MALDAHIYA, KASHI VIDYAPITH, CHETGANJ",,,,AICTE Approved,Post Graduate; Under Graduate,Bca; Mca,120,,,,,,,,,,,,,,Contact College,,,AICTE Official Institutional Disclosures,2021,,,,,,,,,,,,,,,,https://www.aicte-india.org,False,Medium,False
1-44638833937,G L BAJAJ GROUP OF INSTITUTIONS,"Dr. A.P.J. Abdul Kalam Technical University, Uttar Pradesh, Lucknow",Private-Self Financing,Private,Uttar Pradesh,Mathura,MATHURA,"23 KM MILESTONE, NATIONAL HIGHWAY # 2",,,,AICTE Approved,Post Graduate; Under Graduate,Computer Science; Computer Science & Engineering; Computer Science And Engineering(Artificial Intelligence And Machine Learning); Mba,900,,,,,,,,,,,,,,Contact College,,,AICTE Official Institutional Disclosures,2021,,,,,,,,,,,,,,,,https://www.aicte-india.org,False,Medium,False
1-44640257575,"CENTRE FOR DEVELOPMENT OF ADVANCED COMPUTING, NOIDA","Guru Gobind Singh Indraprastha University, Delhi",Government,Government,Uttar Pradesh,Gautam Buddha Nagar,GAUTAM BUDDHA NAGAR,"ANUSANDHAN BHAWAN, C-56/1 & B-30, INSTITUTIONAL AREA, SECTOR-62, NOIDA",,,,AICTE Approved,Post Graduate,Artificial Intelligence And Data Science; Masters In Computer Applications; Mba; Vlsi Design,235,,,,,,,,,,,,,,Contact College,,,AICTE Official Institutional Disclosures,2021,,,,,,,,,,,,,,,,https://www.aicte-india.org,False,Medium,False
1-44754247823,GOVERNMENT GIRLS POLYTECHNIC ATARAULI ALIGARH,"Uttar Pradesh Board of Technical Education, Lucknow",Government,Government,Uttar Pradesh,Aligarh,ALIGARH,"ATARAULI, ALIGARH, UTTARPRADESH",,,,AICTE Approved,Diploma; Under Graduate,Architectural Assistantship; Computer Science & Engineering; Fashion Designing And Garment Technology; Information Technology And Engineering,240,,,,,,,,,,,,,,Contact College,,,AICTE Official Institutional Disclosures,2021,,,,,,,,,,,,,,,,https://www.aicte-india.org,False,Medium,False
1-44638473785,MODERN COLLEGE JHANSI,"Dr. A.P.J. Abdul Kalam Technical University, Uttar Pradesh, Lucknow",Private-Self Financing,Private,Uttar Pradesh,Jhansi,JHANSI,"KOCHABHAWAR, KANPUR ROAD",,,,AICTE Approved,Post Graduate,Mba; Mba (Health Care And Hospital Management),180,,,,,,,,,,,,,,Contact College,,,AICTE Official Institutional Disclosures,2021,,,,,,,,,,,,,,,,https://www.aicte-india.org,False,Medium,False
1-44640312597,"DR. AMBEDKAR INSTITUTE OF TECHNOLOGY FOR DIVYANGJAN, U.P. KANPUR","Dr. A.P.J. Abdul Kalam Technical University, Uttar Pradesh, Lucknow",Government,Government,Uttar Pradesh,Kanpur Nagar,KANPUR NAGAR,"AWADHPURI, KANPUR",,,,AICTE Approved,Under Graduate,Biotechnology; Chemical Engineering; Computer Science And Engineering; Computer Science And Engineering (Artificial Intelligence And Machine Learning); Electronic Engineering; Information Technology,420,,,,,,,,,,,,,,Contact College,,,AICTE Official Institutional Disclosures,2021,,,,,,,,,,,,,,,,https://www.aicte-india.org,False,Medium,False
1-44641184439,GREATER NOIDA INSTITUTE OF BUSINESS MANAGEMENT,"Dr. A.P.J. Abdul Kalam Technical University, Uttar Pradesh, Lucknow",Private-Self Financing,Private,Uttar Pradesh,Gautham Buddha Nagar,GAUTHAM BUDDHA NAGAR,PLOT NO 11/1 KNOWLEDGE PARK-3,,,,AICTE Approved,Post Graduate,Mba,90,,,,,,,,,,,,,,Contact College,,,AICTE Official Institutional Disclosures,2021,,,,,,,,,,,,,,,,https://www.aicte-india.org,False,Medium,False
1-44642579311,DR. VIRENDRA SWARUP INSTITUTE OF PROFESSIONAL STUDIES,"Dr. A.P.J. Abdul Kalam Technical University, Uttar Pradesh, Lucknow",Private-Self Financing,Private,Uttar Pradesh,Kanpur Nagar,KANPUR NAGAR,"PLOT NO. 337, K-BLOCK, KIDWAI NAGAR,KANPUR-208011",,,,AICTE Approved,Integrated; Post Graduate,Master Of Business Administration (Integrated); Mba,120,,,,,,,,,,,,,,Contact College,,,AICTE Official Institutional Disclosures,2021,,,,,,,,,,,,,,,,https://www.aicte-india.org,False,Medium,False
1-44641238527,HIMALYAN INSTITUTE OF TECHNOLOGY AND MANAGEMENT,"Dr. A.P.J. Abdul Kalam Technical University, Uttar Pradesh, Lucknow",Private-Self Financing,Private,Uttar Pradesh,Lucknow,LUCKNOW,"MOHAMMADPUR SARAIYA, POST- PAHARPUR, BKT, LUCKNOW, U.P.",,,,AICTE Approved,Post Graduate; Under Graduate,Agriculture Engineering; Civil Engineering; Computer Science And Engineering; Electrical And Electronics Engineering; Electronics & Communication Engg; Mba; Mechanical Engineering,390,,,,,,,,,,,,,,Contact College,,,AICTE Official Institutional Disclosures,2021,,,,,,,,,,,,,,,,https://www.aicte-india.org,False,Medium,False
1-44644965543,SUSHIL INSTITUTE OF MANAGEMENT AND TECHNOLOGY,"Chaudhary Charan Singh University, Meerut University, Meerut",Private-Self Financing,Private,Uttar Pradesh,Meerut,MEERUT,NEAR GANG NAHAR HASTINAPUR ROAD MAWANA MEERUT,,,,AICTE Approved,Under Graduate,Bba; Bca,120,,,,,,,,,,,,,,Contact College,,,AICTE Official Institutional Disclosures,2021,,,,,,,,,,,,,,,,https://www.aicte-india.org,False,Medium,False
1-44644500422,INDERPRASTHA ENGINEERING COLLEGE,"Chaudhary Charan Singh University, Meerut",Private-Self Financing,Private,Uttar Pradesh,Ghaziabad,GHAZIABAD,"63 SITE-IV, 63/3, SAHIBABAD INDUSTRIAL AREA, SURYA NAGAR FLYOVER ROAD, SAHIBABAD",,,,AICTE Approved,Under Graduate,Bba; Bca,600,,,,,,,,,,,,,,Contact College,,,AICTE Official Institutional Disclosures,2021,,,,,,,,,,,,,,,,https://www.aicte-india.org,False,Medium,False
1-44642395980,SHIVDAN SINGH INSTITUTE OF TECHNOLOGY & MANAGEMENT,"Uttar Pradesh Board of Technical Education, Lucknow",Private-Self Financing,Private,Uttar Pradesh,Aligarh,ALIGARH,"10TH KM STONE ALIGARH MATHURA ROAD, ALIGARH",,,,AICTE Approved,Diploma; Post Graduate; Under Graduate,Agricultural Engineering; Apparel Design And Fashion Technology; Artificial Intelligence (Ai); Artificial Intelligence (Ai) And Machine Learning; Biotechnology; Civil Engineering; Communication And Information Systems; Computer Science & Engineering; Computer Science And Engineering; Computer Science And Engineering (Artificial Intelligence And Machine Learning),1500,,,,,,,,,,,,,,Contact College,,,AICTE Official Institutional Disclosures,2021,,,,,,,,,,,,,,,,https://www.aicte-india.org,False,Medium,False
1-44643917344,UTTAR PRADESH STATE INSTITUTE OF FORENSIC SCIENCES LUCKNOW,National Forensic Sciences University Gandhinagar Gujarat,Government,Government,Uttar Pradesh,Lucknow,LUCKNOW,"PIPARSAND, SAROJNI NAGAR, LUCKNOW",,,,AICTE Approved,Post Graduate; Under Graduate,Artificial Intelligence And Data Science; Computer Science And Engineering (Cyber Security),140,,,,,,,,,,,,,,Contact College,,,AICTE Official Institutional Disclosures,2021,,,,,,,,,,,,,,,,https://www.aicte-india.org,False,Medium,False
1-44645003489,COLLEGE OF EDUCATION,"Chaudhary Charan Singh University, Meerut",Private-Self Financing,Private,Uttar Pradesh,Gautam Buddha Nagar,GAUTAM BUDDHA NAGAR,SIKANDRABAD DANAKUR ROAD BILASPUR,,,,AICTE Approved,Under Graduate,Bba; Bca,240,,,,,,,,,,,,,,Contact College,,,AICTE Official Institutional Disclosures,2021,,,,,,,,,,,,,,,,https://www.aicte-india.org,False,Medium,False
1-44644732788,JUHARI DEVI GIRLS P. G. COLLEGE,"Chhatrapati Sahu Ji Maharaj University, Kanpur University, Kanpur",Govt aided,Government,Uttar Pradesh,Kanpur Nagar,KANPUR NAGAR,145 CANAL ROAD,,,,AICTE Approved,Under Graduate,Bba; Bca,120,,,,,,,,,,,,,,Contact College,,,AICTE Official Institutional Disclosures,2021,,,,,,,,,,,,,,,,https://www.aicte-india.org,False,Medium,False
1-44641973363,"RAKSHPAL BAHADUR MANAGEMENT INSTITUTE, BAREILLY (MBA)","Dr. A.P.J. Abdul Kalam Technical University, Uttar Pradesh, Lucknow",Private-Self Financing,Private,Uttar Pradesh,Bareilly,BAREILLY,"NEAR ITBP, BUKHARA TURN, BADAUN ROAD, BAREILLY - 243001 (U.P.)",,,,AICTE Approved,Post Graduate,Mba,120,,,,,,,,,,,,,,Contact College,,,AICTE Official Institutional Disclosures,2021,,,,,,,,,,,,,,,,https://www.aicte-india.org,False,Medium,False
1-44923633733,SWAMI SWAROOPANANAD INSTITUTE OF MANAGEMENT AND TECHNOLOGY,"Maa Shakumbhari University, Saharanpur",Private-Self Financing,Private,Uttar Pradesh,Shamli,SHAMLI,"RAJHAR ROAD, TOWN- GARHI PUKHTA",,,,AICTE Approved,Under Graduate,Bca,60,,,,,,,,,,,,,,Contact College,,,AICTE Official Institutional Disclosures,2021,,,,,,,,,,,,,,,,https://www.aicte-india.org,False,Medium,False
1-44644212719,J M S INSTITUTE OF MANAGEMENT,"Chaudhary Charan Singh University, Meerut",Private-Self Financing,Private,Uttar Pradesh,Ghaziabad,GHAZIABAD,"NH-9, DELHI-MEERUT EXPRESSWAY, MASURI CANAL, MASURI",,,,AICTE Approved,Under Graduate,Bba; Bca,240,,,,,,,,,,,,,,Contact College,,,AICTE Official Institutional Disclosures,2021,,,,,,,,,,,,,,,,https://www.aicte-india.org,False,Medium,False
1-44641885787,VISION INSTITUTE OF TECHNOLOGY,"Uttar Pradesh Board of Technical Education, Lucknow",Private-Self Financing,Private,Uttar Pradesh,Kanpur Nagar,KANPUR NAGAR,"HATHIPUR, MAHRAJPUR NH-2 KNAPUR",,,,AICTE Approved,Diploma; Post Graduate; Under Graduate,Agriculture Engineering; Civil Engineering; Computer Science & Engineering; Computer Science And Engineering (Data Science); Computer Science And Engineering(Artificial Intelligence And Machine Learning); Electrical And Electronics Engineering; Master In Business Administration(General Management); Mechanical Engineering,600,,,,,,,,,,,,,,Contact College,,,AICTE Official Institutional Disclosures,2021,,,,,,,,,,,,,,,,https://www.aicte-india.org,False,Medium,False
1-44643251601,SAROJ INSTITUTE OF MANAGEMENT AND TECHNOLOGY,"Dr. A.P.J. Abdul Kalam Technical University, Uttar Pradesh, Lucknow",Private-Self Financing,Private,Uttar Pradesh,Lucknow,LUCKNOW,"CHAND SARAI, NEAR GOSAIGANJ, SULTANPUR RAOD, LUCKNOW",,,,AICTE Approved,Diploma; Under Graduate,Civil Engineering; Computer Science And Engineering; Computer Science And Engineering (Artificial Intelligence And Machine Learning); Computer Science And Engineering (Artificial Intelligence); Computer Science And Engineering (Cyber Security); Computer Science And Engineering (Data Science); Electrical And Electronics Engineering; Electrical Engineering; Electronics & Communication Engg; Information Technology,780,,,,,,,,,,,,,,Contact College,,,AICTE Official Institutional Disclosures,2021,,,,,,,,,,,,,,,,https://www.aicte-india.org,False,Medium,False
1-44642860568,"INSTITUTE OF MANAGEMENT STUDIES, NOIDA","Dr. A.P.J. Abdul Kalam Technical University, Uttar Pradesh, Lucknow",Private-Self Financing,Private,Uttar Pradesh,Gautham Buddha Nagar,GAUTHAM BUDDHA NAGAR,"A-8B,BLOCK B, IMS CAMPUS SECTOR-62, NOIDA",,,,AICTE Approved,Post Graduate; Under Graduate,Bba; Bca; Masters In Computer Applications; Mba,840,,,,,,,,,,,,,,Contact College,,,AICTE Official Institutional Disclosures,2021,,,,,,,,,,,,,,,,https://www.aicte-india.org,False,Medium,False
1-44643844761,GREATER NOIDA INSTITUTE OF MANAGEMENT,"Chaudhary Charan Singh University, Meerut",Private-Self Financing,Private,Uttar Pradesh,Gautam Buddha Nagar,GAUTAM BUDDHA NAGAR,"PLOT NO. 6B, KNOWLEDGE PARK-II",,,,AICTE Approved,Under Graduate,Bba; Bca,420,,,,,,,,,,,,,,Contact College,,,AICTE Official Institutional Disclosures,2021,,,,,,,,,,,,,,,,https://www.aicte-india.org,False,Medium,False
1-44642843982,"HARI COLLEGE OF MANAGEMENT, SAHARANPUR, U.P.","Dr. A.P.J. Abdul Kalam Technical University, Uttar Pradesh, Lucknow",Private-Self Financing,Private,Uttar Pradesh,Saharanpur,SAHARANPUR,"NEAR HINDAN BRIDGE, GAGALHERI, SAHARANPUR",,,,AICTE Approved,Post Graduate,Mba,60,,,,,,,,,,,,,,Contact College,,,AICTE Official Institutional Disclosures,2021,,,,,,,,,,,,,,,,https://www.aicte-india.org,False,Medium,False
1-44753564807,BANARAS INSTITUTE OF TEACHER'S EDUCATION,"Dr. A.P.J. Abdul Kalam Technical University, Uttar Pradesh, Lucknow",Private-Self Financing,Private,Uttar Pradesh,Varanasi,VARANASI,"VILLAGE- NIBAH, POST-BARAGAON",,,,AICTE Approved,Post Graduate,Mba,60,,,,,,,,,,,,,,Contact College,,,AICTE Official Institutional Disclosures,2021,,,,,,,,,,,,,,,,https://www.aicte-india.org,False,Medium,False
1-44638424409,VISHVESHWARYA INSTITUTE OF POLYTECHNIC,"Uttar Pradesh Board of Technical Education, Lucknow",Private-Self Financing,Private,Uttar Pradesh,Gautam Buddha Nagar,GAUTAM BUDDHA NAGAR,"VILLAGE BEEL AKBARPUR, & TEHSIL DADRI, DISTT. GAUTAM BUDH NAGAR",,,,AICTE Approved,Diploma; Post Graduate,Civil Engineering; Computer Science & Engineering; Electrical Engineering; Fashion Designing And Garment Technology; Mba; Mca; Mechanical Engineering( Production),420,,,,,,,,,,,,,,Contact College,,,AICTE Official Institutional Disclosures,2021,,,,,,,,,,,,,,,,https://www.aicte-india.org,False,Medium,False
1-44645002915,S V S SCHOOL OF MANAGEMENT,"Chaudhary Charan Singh University, Meerut",Private-Self Financing,Private,Uttar Pradesh,Meerut,MEERUT,NEAR GANGNAHAR HASTINAPUR ROAD  MAWANA MEERUT,,,,AICTE Approved,Under Graduate,Bba; Bca,240,,,,,,,,,,,,,,Contact College,,,AICTE Official Institutional Disclosures,2021,,,,,,,,,,,,,,,,https://www.aicte-india.org,False,Medium,False
1-44925434725,INSTITUTE OF HOSPITALITY MANAGEMENT AND SCIENCES,Sri Dev Suman University,Private-Self Financing,Private,Uttarakhand,Pauri Garhwal,PAURI GARHWAL,"IHMS COLLEGE BALBHADRAPUR B.E.L ROAD KOTDWARA, UTTARAKHAND 246149",,,,AICTE Approved,Under Graduate,Bba; Bca,180,,,,,,,,,,,,,,Contact College,,,AICTE Official Institutional Disclosures,2021,,,,,,,,,,,,,,,,https://www.aicte-india.org,False,Medium,False
1-44642599217,J B INSTITUTE OF TECHNOLOGY,"Directorate Of Technical Education, Srinagar(Garhwal)",Private-Self Financing,Private,Uttarakhand,Dehradun,DEHRADUN,"NH-72, VILLAGE SHANKARPUR, CHAKRATA ROAD, DEHRADUN",,,,AICTE Approved,Diploma; Post Graduate; Under Graduate,Artificial Intelligence And Machine Learning; Bba; Bca; Civil Engineering; Computer Science & Engineering; Electrical Engineering; Electronics & Communication Engg; Mba; Mechanical Engineering,924,,,,,,,,,,,,,,Contact College,,,AICTE Official Institutional Disclosures,2021,,,,,,,,,,,,,,,,https://www.aicte-india.org,False,Medium,False
1-44641334891,INSTITUTE OF COOPERATIVE MANAGEMENT,"Uttarakhand Technical University, Dehradun",Govt aided,Government,Uttarakhand,Dehradun,DEHRADUN,"6, OLD MUSSOORIE ROAD, RAJPUR",,,,AICTE Approved,Post Graduate,Mba,60,,,,,,,,,,,,,,Contact College,,,AICTE Official Institutional Disclosures,2021,,,,,,,,,,,,,,,,https://www.aicte-india.org,False,Medium,False
1-44643888800,DROAN COLLEGE OF EDUCATION AND TECHNOLOGY,"Kumaun University, Nainital",Private-Self Financing,Private,Uttarakhand,Udham Singh Nagar,UDHAM SINGH NAGAR,"VILL & POST - KHANPUR PURAB, DINESHPUR ROAD, RUDRAPUR, U.S NAGAR, UTTARAKHAND PIN - 263153",,,,AICTE Approved,Under Graduate,Bba; Bca,100,,,,,,,,,,,,,,Contact College,,,AICTE Official Institutional Disclosures,2021,,,,,,,,,,,,,,,,https://www.aicte-india.org,False,Medium,False
1-44797461383,METHODIST GIRLS DEGREE COLLEGE,"Directorate of Technical Education, Uttarakhand, Dehradun",Private-Self Financing,Private,Uttarakhand,Haridwar,HARIDWAR,"CIVIL LINES, HARIDWAR ROAD, ROORKEE",,,,AICTE Approved,Under Graduate,Bca,60,,,,,,,,,,,,,,Contact College,,,AICTE Official Institutional Disclosures,2021,,,,,,,,,,,,,,,,https://www.aicte-india.org,False,Medium,False
1-44757063533,RCP'S PG COLLEGE OF ALLIED SCIENCES ROORKEE,"Hemvati Nandan Bahuguna Garhwal University, Garhwal",Private-Self Financing,Private,Uttarakhand,Haridwar,HARIDWAR,"09 MILE STONE ,ROORKEE -DEHRADUN HIGHWAY KISHANPUR ROORKEE-247667, DISTT-HARIDWAR(UTTARAKHAND)",,,,AICTE Approved,Under Graduate,Bba; Bca,120,,,,,,,,,,,,,,Contact College,,,AICTE Official Institutional Disclosures,2021,,,,,,,,,,,,,,,,https://www.aicte-india.org,False,Medium,False
1-44640341194,INSTITUTE OF TECHONOLOGY GOPESHWAR,"Uttarakhand Technical University, Dehradun",Government,Government,Uttarakhand,Chamoli,CHAMOLI,"KOTHIYALSAIN, CHAMOLI",,,,AICTE Approved,Under Graduate,Civil Engineering; Computer Science & Engineering; Electrical Engineering; Electronics & Communication Engg; Mechanical Engineering,210,,,,,,,,,,,,,,Contact College,,,AICTE Official Institutional Disclosures,2021,,,,,,,,,,,,,,,,https://www.aicte-india.org,False,Medium,False
1-44642031332,"COLLEGE OF TECHNOLOGY, PANTNAGAR","G.B.Pant University of Agriculture and Technology, Udham Singh Nagar",Government,Government,Uttarakhand,Udham Singh Nagar,UDHAM SINGH NAGAR,"G. B. PANT UNIVERSITY OF AGRICULTURE & TECHNOLOGY, PANTNAGAR, UDHAM SINGH NAGAR, UTTARAKHAND PIN CODE- 263145",,,,AICTE Approved,Post Graduate; Under Graduate,Agricultural Engineering; Civil Engineering; Computer Engineering; Design And Production; Electrical Energy Systems; Electrical Engineering; Electronics & Communication Engg; Farm Machinery; Hydraulics Engineering; Industrial And Production Engineering,753,,,,,,,,,,,,,,Contact College,,,AICTE Official Institutional Disclosures,2021,,,,,,,,,,,,,,,,https://www.aicte-india.org,False,Medium,False
1-44642004608,ROORKEE COLLEGE OF MANAGEMENT & COMPUTER APPLICATIONS   ROORKEE.,"Uttarakhand Technical University, Dehradun",Private-Self Financing,Private,Uttarakhand,Haridwar,HARIDWAR,"09-  MILE STONE ROORKEE - DEHRADUN HIGHWAY, VILLAGE - KISHANPUR ROOREE-247667, DISTT- HARIDWAR (UTTARAKHAND)",,,,AICTE Approved,Post Graduate,Mba,60,,,,,,,,,,,,,,Contact College,,,AICTE Official Institutional Disclosures,2021,,,,,,,,,,,,,,,,https://www.aicte-india.org,False,Medium,False
1-44753489795,SARASWATI INSTITUTE OF MANAGEMENT AND TECHNOLOGY,"Kumaun University, Nainital",Private-Self Financing,Private,Uttarakhand,Udham Singh Nagar,UDHAM SINGH NAGAR,"NH 74, RUDRAPUR-GADARPUR ROAD, POST PREMNAGAR, DIST. UDHAM SINGH NAGAR, UTTARAKHAND 263152",,,,AICTE Approved,Under Graduate,Bba; Bca,210,,,,,,,,,,,,,,Contact College,,,AICTE Official Institutional Disclosures,2021,,,,,,,,,,,,,,,,https://www.aicte-india.org,False,Medium,False
1-44642429723,OM BIO-SCIENCES & MANAGEMENT COLLEGE,"Uttarakhand Technical University, Dehradun",Private-Self Financing,Private,Uttarakhand,Haridwar,HARIDWAR,ON WARD ROORKEE 01 KM FROM PATANJALLI YOGE PEETH  NEAR CRYSTAL WORLD VILL: PANCHAYANPUR PO: DAULATPUR ROORKEE,,,,AICTE Approved,Post Graduate,Mba,60,,,,,,,,,,,,,,Contact College,,,AICTE Official Institutional Disclosures,2021,,,,,,,,,,,,,,,,https://www.aicte-india.org,False,Medium,False
1-44756193529,DOLPHIN PG INSTITUTE OF BIOMEDICAL AND NATURAL SCIENCES,"Hemwati Nandan Bahuguna Garhwal University, Garhwal",Private-Self Financing,Private,Uttarakhand,Dehradun,DEHRADUN,"MANDUWALA, NEAR SUDDHOWALA, CHAKRATA ROAD, DEHRADUN 248007, UTTARAKHAND",,,,AICTE Approved,Post Graduate; Under Graduate,Bba; Bca; Mba,300,,,,,,,,,,,,,,Contact College,,,AICTE Official Institutional Disclosures,2021,,,,,,,,,,,,,,,,https://www.aicte-india.org,False,Medium,False
1-44644352474,GURUKUL KANGRI DEEMED TO BE UNIVERSITY,"Gurukula Kangri Vishwavidyalaya, Haridwar",Govt aided,Government,Uttarakhand,Haridwar,HARIDWAR,GURUKUL KANGRI DEEMED TO BE UNIVERSITY,,,,AICTE Approved,Under Graduate,Bba,90,,,,,,,,,,,,,,Contact College,,,AICTE Official Institutional Disclosures,2021,,,,,,,,,,,,,,,,https://www.aicte-india.org,False,Medium,False
1-44671788831,OMKARANANDA INSTITUTE OF MANAGEMENT AND TECHNOLOGY,"Hemwati Nandan Bahuguna Garhwal University, Garhwal",Private-Self Financing,Private,Uttarakhand,Tehri Garhwal,TEHRI GARHWAL,"OIMT, SWAMI OMKARANANDA MARG MUNI KI RETI",,,,AICTE Approved,Under Graduate,Bba; Bca,240,,,,,,,,,,,,,,Contact College,,,AICTE Official Institutional Disclosures,2021,,,,,,,,,,,,,,,,https://www.aicte-india.org,False,Medium,False
1-44641123745,COLLEGE OF AGRIBUSINESS MANAGEMENT,"G.B.Pant University of Agriculture and Technology, Udham Singh Nagar",Government,Government,Uttarakhand,Udham Singh Nagar,UDHAM SINGH NAGAR,"COLLEGE OF AGRIBUSINESS MANAGEMENT, G.B. PANT UNIVERSITY OF AGRICULTURE & TECHNOLOGY, PANTNAGAR, U.S. NAGAR-263 145",,,,AICTE Approved,Post Graduate,Mba,60,,,,,,,,,,,,,,Contact College,,,AICTE Official Institutional Disclosures,2021,,,,,,,,,,,,,,,,https://www.aicte-india.org,False,Medium,False
1-44639631506,BIPIN TRIPATHI KUMAON INSTITUTE OF TECHNOLOGY,"Uttarakhand Technical University, Dehradun",Government,Government,Uttarakhand,Almora,ALMORA,SALANA / MALLI MIRAI,,,,AICTE Approved,Post Graduate,Masters In Computer Applications,30,,,,,,,,,,,,,,Contact College,,,AICTE Official Institutional Disclosures,2021,,,,,,,,,,,,,,,,https://www.aicte-india.org,False,Medium,False
1-44642277661,RAMANAND INSTITUTE OF PHARMACY AND MANAGEMENT,"Uttarakhand Technical University, Dehradun",Private-Self Financing,Private,Uttarakhand,Haridwar,HARIDWAR,HARIDWAR-ROORKEE ROAD JWALAPUR HARIDWAR,,,,AICTE Approved,Post Graduate; Under Graduate,Bba; Mba,180,,,,,,,,,,,,,,Contact College,,,AICTE Official Institutional Disclosures,2021,,,,,,,,,,,,,,,,https://www.aicte-india.org,False,Medium,False
1-44641980182,BIRLA INSTITUTE OF APPLIED SCIENCES,"Uttarakhand Technical University, Dehradun",Private-Self Financing,Private,Uttarakhand,Nainital,NAINITAL,"INDUSTRIAL AREA, BHIMTALDISTRICT - NAINITAL",,,,AICTE Approved,Post Graduate; Under Graduate,Bca; Computer Science And Engineering; Electronics & Communication Engg; Masters In Computer Applications,300,,,,,,,,,,,,,,Contact College,,,AICTE Official Institutional Disclosures,2021,,,,,,,,,,,,,,,,https://www.aicte-india.org,False,Medium,False
1-44641939826,BIPIN TRIPATHI KUMAON INSTITUTE OF TECHNOLOGY,"Uttarakhand Technical University, Dehradun",Government,Government,Uttarakhand,Almora,ALMORA,VILL - SALANA / MALLI MIRAI,,,,AICTE Approved,Post Graduate; Under Graduate,Biotechnology; Chemical Engineering; Civil Engineering; Computer Science And Engineering; Digital Communications; Electrical Engineering; Electronics & Communication Engg; Mechanical Engineering; Thermal Engineering,387,,,,,,,,,,,,,,Contact College,,,AICTE Official Institutional Disclosures,2021,,,,,,,,,,,,,,,,https://www.aicte-india.org,False,Medium,False
1-44640253205,GURUKUL KANGRI VISHWAVIDYALAYA,"Gurukula Kangri Vishwavidyalaya, Haridwar",Govt aided,Government,Uttarakhand,Haridwar,HARIDWAR,"FACULTY OF MANAGEMENT STUDIES, GURUKUL KANGRI VISHWAVIDYALAYA",,,,AICTE Approved,Post Graduate,Mba; Mba(Business Economics); Mca,195,,,,,,,,,,,,,,Contact College,,,AICTE Official Institutional Disclosures,2021,,,,,,,,,,,,,,,,https://www.aicte-india.org,False,Medium,False
1-44638470018,STATE INSTITUTE OF HOTEL MANAGEMENT CATERING TECHNOLOGY AND APPLIED NUTRITION,"Uttarakhand Technical University, Dehradun",Government,Government,Uttarakhand,Tehri Garhwal,TEHRI GARHWAL,3M AND 3L BLOCK NEAR JUNIOR GIRLS HIGH SCHOOL MOLDHAR NEW TEHRI,,,,AICTE Approved,Post Graduate; Under Graduate,Hotel Management; Hotel Management And Catering Technology,90,,,,,,,,,,,,,,Contact College,,,AICTE Official Institutional Disclosures,2021,,,,,,,,,,,,,,,,https://www.aicte-india.org,False,Medium,False
1-44644597400,MIET KUMAON,"Kumaun University, Nainital",Private-Self Financing,Private,Uttarakhand,Nainital,NAINITAL,"SHIKHA NAGAR, LAMACHAUR, HALDWANI, 263139",,,,AICTE Approved,Under Graduate,Bba; Bca,120,,,,,,,,,,,,,,Contact College,,,AICTE Official Institutional Disclosures,2021,,,,,,,,,,,,,,,,https://www.aicte-india.org,False,Medium,False
1-44641122643,"RAMANAND INSTITUTE OF PHARMACY AND MANAGEMENT,HARIDWAR","Directorate Of Technical Education, Srinagar(Garhwal)",Private-Self Financing,Private,Uttarakhand,Haridwar,HARIDWAR,"NH-58,HARIDWAR-ROORKEE ROAD,NEAR GOVIND GARDEN,JAWALAPUR,",,,,AICTE Approved,Diploma; Under Graduate,Civil Engineering; Computer Science And Information Technology; Electrical And Electronics Engineering; Electrical Engineering; Mechanical Engineering,210,,,,,,,,,,,,,,Contact College,,,AICTE Official Institutional Disclosures,2021,,,,,,,,,,,,,,,,https://www.aicte-india.org,False,Medium,False
1-44637283849,INSTITUTE OF HOSPITALITY MANAGEMENT AND SCIENCES,"Uttarakhand Technical University, Dehradun",Private-Self Financing,Private,Uttarakhand,Pauri Garhwal,PAURI GARHWAL,"IHMS BALBHADRAPUR, B.E.L ROAD KOTDWAR",,,,AICTE Approved,Post Graduate,Mba; Mca,120,,,,,,,,,,,,,,Contact College,,,AICTE Official Institutional Disclosures,2021,,,,,,,,,,,,,,,,https://www.aicte-india.org,False,Medium,False
1-44795615383,SURAJMAL AGARWAL PRIVATE KANYA MAHAVIDYALAYA,"Kumaun University, Nainital",Private-Self Financing,Private,Uttarakhand,Udham Singh Nagar,UDHAM SINGH NAGAR,"KISHANPUR, HALDWANI BYPASS, KICHHA, UDHAM SINGH NAGAR, UTTARAKHAND",,,,AICTE Approved,Under Graduate,Bba; Bca,120,,,,,,,,,,,,,,Contact College,,,AICTE Official Institutional Disclosures,2021,,,,,,,,,,,,,,,,https://www.aicte-india.org,False,Medium,False
1-44641997316,GOVERMENT INSTITUITE OF HOTEL MANAGEMENT CATERING TECHNOLOGY AND APPLIED NUTERATION,"Uttarakhand Technical University, Dehradun",Government,Government,Uttarakhand,Almora,ALMORA,"CHILKAPITA, KHATIYARI, ALMORA, UTTARAKHAND - 263601",,,,AICTE Approved,Under Graduate,Hotel Management And Catering Technology,60,,,,,,,,,,,,,,Contact College,,,AICTE Official Institutional Disclosures,2021,,,,,,,,,,,,,,,,https://www.aicte-india.org,False,Medium,False
1-44638357331,DR. A.P.J. ABDUL KALAM INSTITUTE OF TECHNOLOGY,"Uttarakhand Technical University, Dehradun",Government,Government,Uttarakhand,Champawat,CHAMPAWAT,VILLAGE- AAMBAGH,,,,AICTE Approved,Under Graduate,Artificial Intelligence And Machine Learning; Civil Engineering; Computer Science & Engineering; Mechanical Engineering; Robotics And Automation,300,,,,,,,,,,,,,,Contact College,,,AICTE Official Institutional Disclosures,2021,,,,,,,,,,,,,,,,https://www.aicte-india.org,False,Medium,False
1-44645092220,GURU NANAK COLLEGE DEHRADUN,SRI DEV SUMAN UTTARAKHAND UNIVERSITY,Private-Self Financing,Private,Uttarakhand,Dehradun,DEHRADUN,"JHAJRA, CHAKRATA ROAD",,,,AICTE Approved,Under Graduate,Bba; Bca,300,,,,,,,,,,,,,,Contact College,,,AICTE Official Institutional Disclosures,2021,,,,,,,,,,,,,,,,https://www.aicte-india.org,False,Medium,False
1-44785387383,PAL COLLEGE OF TECHNOLOGY AND MANAGEMENT HALDWANI,"Kumaun University, Nainital",Private-Self Financing,Private,Uttarakhand,Nainital,NAINITAL,"PAL COLLEGE OF TECHNOLOGY & MANAGEMENT VILLAGE-LALPUR NAYAK, RTO ROAD, KUSUMKHERA, HALDWANI",,,,AICTE Approved,Under Graduate,Bba; Bca,220,,,,,,,,,,,,,,Contact College,,,AICTE Official Institutional Disclosures,2021,,,,,,,,,,,,,,,,https://www.aicte-india.org,False,Medium,False
1-44639894587,SARASWATI INSTITUTE OF MANAGEMENT & TECHNOLOGY,"Uttarakhand Technical University, Dehradun",Private-Self Financing,Private,Uttarakhand,Udham Singh Nagar,UDHAM SINGH NAGAR,"N.H. 74, 12 KM. RUDRAPUR-GADARPUR ROAD",,,,AICTE Approved,Post Graduate,Mba,90,,,,,,,,,,,,,,Contact College,,,AICTE Official Institutional Disclosures,2021,,,,,,,,,,,,,,,,https://www.aicte-india.org,False,Medium,False
1-45109311587,BABU RAM DEGREE COLLEGE,SRI DEV SUMAN UTTARAKHAND UNIVERSITY,Private-Self Financing,Private,Uttarakhand,Haridwar,HARIDWAR,7 KM MILESTONE ROORKEE DEHRADUN HIGHWAY SALIYAR SALHAPUR,,,,AICTE Approved,Under Graduate,Bba; Bca,120,,,,,,,,,,,,,,Contact College,,,AICTE Official Institutional Disclosures,2021,,,,,,,,,,,,,,,,https://www.aicte-india.org,False,Medium,False
1-44644100164,SHRIRAM INSTITUTE OF MANAGEMENT AND TECHNOLOGY,"Kumaun University, Nainital",Private-Self Financing,Private,Uttarakhand,Udham Singh Nagar,UDHAM SINGH NAGAR,"7 KM, RAMNAGAR ROAD",,,,AICTE Approved,Under Graduate,Bba; Bca,240,,,,,,,,,,,,,,Contact College,,,AICTE Official Institutional Disclosures,2021,,,,,,,,,,,,,,,,https://www.aicte-india.org,False,Medium,False
1-44790513393,INSTITUTE OF TECHNOLOGY AND MANAGEMENT,"Hemwati Nandan Bahuguna Garhwal University, Garhwal",Private-Self Financing,Private,Uttarakhand,Dehradun,DEHRADUN,"60, CHAKRATA ROAD",,,,AICTE Approved,Under Graduate,Bba; Bca,165,,,,,,,,,,,,,,Contact College,,,AICTE Official Institutional Disclosures,2021,,,,,,,,,,,,,,,,https://www.aicte-india.org,False,Medium,False
1-44643274659,G.B.PANT INSTITUTE OF ENGINEERING AND TECHNOLOGY,"Uttarakhand Technical University, Dehradun",Govt aided,Government,Uttarakhand,Pauri Garhwal,PAURI GARHWAL,"GHURDAURI, PAURI GARHWAL UTTARAKHAND-246194",,,,AICTE Approved,Post Graduate; Under Graduate,Biotechnology; Civil Engineering; Computer Science & Engineering; Computer Science And Engineering(Artificial Intelligence And Machine Learning); Digital Signal Processing; Electrical Engineering; Electronics And Communcation Engineering; Electronics And Communications Engineering; Geotechnology; Infrastructure Engineering,689,,,,,,,,,,,,,,Contact College,,,AICTE Official Institutional Disclosures,2021,,,,,,,,,,,,,,,,https://www.aicte-india.org,False,Medium,False
1-44641982777,KUKREJA INSTITUTE OF HOTEL MANAGEMENT AND CATERING TECHNOLOGY,"Uttarakhand Technical University, Dehradun",Private-Self Financing,Private,Uttarakhand,Dehradun,DEHRADUN,"MATA MANDIR ROAD, AJABPUR KHURD, DEHRADUN - 248001",,,,AICTE Approved,Under Graduate,Hotel Management And Catering Technology,180,,,,,,,,,,,,,,Contact College,,,AICTE Official Institutional Disclosures,2021,,,,,,,,,,,,,,,,https://www.aicte-india.org,False,Medium,False
1-44638476195,INDIAN INSTITUTE OF REMOTE SENSING,"Andhra University, Visakhapatnam",Government,Government,Uttarakhand,Dehradun,DEHRADUN,"4 KALIDAS ROAD, DEHRADUN",,,,AICTE Approved,Post Graduate,Remote Sensing And Gis,60,,,,,,,,,,,,,,Contact College,,,AICTE Official Institutional Disclosures,2021,,,,,,,,,,,,,,,,https://www.aicte-india.org,False,Medium,False
1-44644809610,SATYENDRA CHANDRA GURIA IMT COLLEGE OF MANAGEMENT AND HIGHER STUDIES,"Kumaun University, Nainital",Private-Self Financing,Private,Uttarakhand,Udham Singh Nagar,UDHAM SINGH NAGAR,"NEAR CENTRAL SCHOOL, BAZPUR ROAD,",,,,AICTE Approved,Under Graduate,Bba; Bca,120,,,,,,,,,,,,,,Contact College,,,AICTE Official Institutional Disclosures,2021,,,,,,,,,,,,,,,,https://www.aicte-india.org,False,Medium,False
1-44641956848,MAHADEVI INSTITUTE OF TECHNOLOGY,"Uttarakhand Technical University, Dehradun",Private-Self Financing,Private,Uttarakhand,Dehradun,DEHRADUN,"10, NEW ROAD,DEHRA DUN",,,,AICTE Approved,Post Graduate,Masters In Computer Applications; Mba,90,,,,,,,,,,,,,,Contact College,,,AICTE Official Institutional Disclosures,2021,,,,,,,,,,,,,,,,https://www.aicte-india.org,False,Medium,False
1-44638781837,BISHAMBER SAHAI INSTITUTE OF TECHNOLOGY,"Uttarakhand Technical University, Dehradun",Private-Self Financing,Private,Uttarakhand,Haridwar,HARIDWAR,6TH KM STONE,,,,AICTE Approved,Under Graduate,Civil Engineering; Computer Science And Engineering; Electrical Engineering,150,,,,,,,,,,,,,,Contact College,,,AICTE Official Institutional Disclosures,2021,,,,,,,,,,,,,,,,https://www.aicte-india.org,False,Medium,False
1-44642861799,SHRIRAM INSTITUTE OF MANAGEMENT & TECHNOLOGY PG COLLEGE,"Uttarakhand Technical University, Dehradun",Private-Self Financing,Private,Uttarakhand,Udham Singh Nagar,UDHAM SINGH NAGAR,"7 KM STONE, RAMNAGAR ROAD, KASHIPUR",,,,AICTE Approved,Post Graduate,Mba,120,,,,,,,,,,,,,,Contact College,,,AICTE Official Institutional Disclosures,2021,,,,,,,,,,,,,,,,https://www.aicte-india.org,False,Medium,False
1-44788769584,HIMALAYAN INSTITUTE OF TECHNOLOGY,"Hemvati Nandan Bahuguna Garhwal University, Garhwal",Private-Self Financing,Private,Uttarakhand,Dehradun,DEHRADUN,DEHRADUN,,,,AICTE Approved,Under Graduate,Bba; Bca,240,,,,,,,,,,,,,,Contact College,,,AICTE Official Institutional Disclosures,2021,,,,,,,,,,,,,,,,https://www.aicte-india.org,False,Medium,False
1-44753108203,ALPINE INSTITUTE OF MANAGEMENT AND TECHNOLOGY,"Hemvati Nandan Bahuguna Garhwal University, Garhwal",Private-Self Financing,Private,Uttarakhand,Dehradun,DEHRADUN,"NANDA KI CHOWKI, PREM NAGAR, CHAKRATA ROAD, DEHRADUN",,,,AICTE Approved,Under Graduate,Bba; Bca,90,,,,,,,,,,,,,,Contact College,,,AICTE Official Institutional Disclosures,2021,,,,,,,,,,,,,,,,https://www.aicte-india.org,False,Medium,False
1-44640490305,BISHAMBER SAHAI MANAGEMENT INSTITUTE,"Uttarakhand Technical University, Dehradun",Private-Self Financing,Private,Uttarakhand,Haridwar,HARIDWAR,"6TH KM STONE, SALIYAR SAHARNPUR DEHRADUN ROAD",,,,AICTE Approved,Post Graduate,Mba,60,,,,,,,,,,,,,,Contact College,,,AICTE Official Institutional Disclosures,2021,,,,,,,,,,,,,,,,https://www.aicte-india.org,False,Medium,False
1-44641043603,"DEPARTMENT OF MANAGEMENT STUDIES, KUMAUN UNIVERSITY CAMPUS, BHIMTAL","Kumaun University, Nainital",Government,Government,Uttarakhand,Nainital,NAINITAL,"KUMAUN UNIVERSITY CAMPUS, BLOCK ROAD, MALLITAL BHIMTAL-263136 DISTT. NAINITAL STATE UTTARAKHAND",,,,AICTE Approved,Post Graduate,Mba,30,,,,,,,,,,,,,,Contact College,,,AICTE Official Institutional Disclosures,2021,,,,,,,,,,,,,,,,https://www.aicte-india.org,False,Medium,False
1-44638374214,FACULTY OF MANAGEMENT,"Uttarakhand Technical University, Dehradun",Government,Government,Uttarakhand,Dehradun,DEHRADUN,"UTTARAKHAND TECHNICAL UNIVERSITY POST OFFICE, CHANDANWADI, PREM NAGAR SUDHOWALA, DEHRADUN (UTTARAKHAND) PIN Ã¢â¬â 248007",,,,AICTE Approved,Post Graduate,Mba (Digital Marketing); Mba (Finance Marketing And Human Resource Management),150,,,,,,,,,,,,,,Contact College,,,AICTE Official Institutional Disclosures,2021,,,,,,,,,,,,,,,,https://www.aicte-india.org,False,Medium,False
1-44640302403,BALWANT SINGH MUKHIYA ( BSM) COLLEGE OF ENGINEERING,"Uttarakhand Technical University, Dehradun",Private-Self Financing,Private,Uttarakhand,Haridwar,HARIDWAR,"2 KM. MILESTONE ROORKEE LAKSAR ROAD VILL- NAGLA IMARTI, ROORKEE",,,,AICTE Approved,Under Graduate,Civil Engineering; Computer Science & Engineering; Electrical Engineering; Mechanical Engineering,210,,,,,,,,,,,,,,Contact College,,,AICTE Official Institutional Disclosures,2021,,,,,,,,,,,,,,,,https://www.aicte-india.org,False,Medium,False
1-44640922393,VEER MADHO SINGH BHANDARI UTTARAKHAND TECHNICAL UNIVERSITY,"Uttarakhand Technical University, Dehradun",Government,Government,Uttarakhand,Dehradun,DEHRADUN,"UTTARAKHAND TECHNICAL UNIVERSITY, SUDDHOWALA, DEHRADUN, UTTARAKHAND",,,,AICTE Approved,Post Graduate,Civil Engineering; Computer Science And Engineering; Power Systems; Thermal Engineering; Vlsi Design,120,,,,,,,,,,,,,,Contact College,,,AICTE Official Institutional Disclosures,2021,,,,,,,,,,,,,,,,https://www.aicte-india.org,False,Medium,False
1-44641149954,SHIVALIK COLLEGE OF ENGINEERING,"Uttarakhand Technical University, Dehradun",Private-Self Financing,Private,Uttarakhand,Dehradun,DEHRADUN,"SIHNIWALA, SHIMLA ROAD, P.O SHERPUR",,,,AICTE Approved,Diploma; Post Graduate; Under Graduate,Bba; Bca; Civil Engineering; Computer Science And Engineering; Computer Science And Engineering (Artificial Intelligence And Machine Learning); Computer Science And Engineering (Data Science); Electronics And Communications Engineering; Mba; Mechanical Engineering,900,,,,,,,,,,,,,,Contact College,,,AICTE Official Institutional Disclosures,2021,,,,,,,,,,,,,,,,https://www.aicte-india.org,False,Medium,False
1-44642328431,NIMBUS ACADEMY OF MANAGEMENT,"Uttarakhand Technical University, Dehradun",Private-Self Financing,Private,Uttarakhand,Dehradun,DEHRADUN,"HADWALI, PO JHAJRA, CHAKRATA ROAD, DEHRADUN",,,,AICTE Approved,Post Graduate,Mba,63,,,,,,,,,,,,,,Contact College,,,AICTE Official Institutional Disclosures,2021,,,,,,,,,,,,,,,,https://www.aicte-india.org,False,Medium,False
1-44642067010,ROORKEE INSTITUTE OF TECHNOLOGY,"Uttarakhand Technical University, Dehradun",Private-Self Financing,Private,Uttarakhand,Haridwar,HARIDWAR,"ROORKEE INSTITUTE OF TECHNOLOGY, 8TH KM, DEHRADUN ROAD, PUHANA, ROORKEE DISTT. - HARIDWAR (UTTARAKHAND) PIN - 247 667",,,,AICTE Approved,Post Graduate; Under Graduate,Bba; Bca; Civil Engineering; Computer Science And Engineering; Computer Science And Engineering (Artificial Intelligence And Machine Learning); Electrical Engineering; Electronics & Communication Engg; Masters In Computer Applications; Mba; Mechanical Engineering,1128,,,,,,,,,,,,,,Contact College,,,AICTE Official Institutional Disclosures,2021,,,,,,,,,,,,,,,,https://www.aicte-india.org,False,Medium,False
1-44640169585,BFIT TECHNICAL CAMPUS DEHRADUN,"Uttarakhand Technical University, Dehradun",Private-Self Financing,Private,Uttarakhand,Dehradun,DEHRADUN,"SUDHOWALA, CHAKRATA ROAD DEHRADUN",,,,AICTE Approved,Post Graduate; Under Graduate,Civil Engineering; Computer Science And Engineering; Electrical Engineering; Electronics And Telecommunications Engineering; Mba; Mechanical Engineering,360,,,,,,,,,,,,,,Contact College,,,AICTE Official Institutional Disclosures,2021,,,,,,,,,,,,,,,,https://www.aicte-india.org,False,Medium,False
1-44643381172,INSTITUTE OF TECHNOLOGY ROORKEE (ITR),"Uttarakhand Technical University, Dehradun",Private-Self Financing,Private,Uttarakhand,Haridwar,HARIDWAR,"09 MILE STONE, ROORKEE-DEHRADUN HIGHWAY, VILLAGE- KISHANPUR ROORKEE-247667, DISTT- HARIDWAR (UK)",,,,AICTE Approved,Post Graduate; Under Graduate,Civil Engineering; Computer Science & Engineering; Computer Science And Engineering; Electrical And Electronics Engineering; Electronics & Communication Engg; Mechanical Engineering,168,,,,,,,,,,,,,,Contact College,,,AICTE Official Institutional Disclosures,2021,,,,,,,,,,,,,,,,https://www.aicte-india.org,False,Medium,False
1-44644158354,MODERN INSTITUTE OF TECHNOLOGY,"Hemvati Nandan Bahuguna Garhwal University, Garhwal",Private-Self Financing,Private,Uttarakhand,Tehri Garhwal,TEHRI GARHWAL,DHALWALA,,,,AICTE Approved,Under Graduate,Bba; Bca,120,,,,,,,,,,,,,,Contact College,,,AICTE Official Institutional Disclosures,2021,,,,,,,,,,,,,,,,https://www.aicte-india.org,False,Medium,False
1-44641679427,SWAMI DARSHNANANDA INSTITUTE OF MANAGEMENT AND TECHNOLOGY,"Uttarakhand Technical University, Dehradun",Private-Self Financing,Private,Uttarakhand,Haridwar,HARIDWAR,"GURUKUL MAHAVIDYALAYA, JWALAPUR, HARDWAR",,,,AICTE Approved,Post Graduate; Under Graduate,Bba; Bca; Mba,180,,,,,,,,,,,,,,Contact College,,,AICTE Official Institutional Disclosures,2021,,,,,,,,,,,,,,,,https://www.aicte-india.org,False,Medium,False
1-44642577367,GURUKULA KANGRI VISHWAVIDYALAYA HARIDWAR,NOT APPLICABLE,Deemed to be University(Govt),Government,Uttarakhand,Haridwar,HARIDWAR,FACULTY OF ENGINEERING & TECHNOLOGY GURUKULA KANGRI VISHWAVIDYALAYA  HARIDWAR,,,,AICTE Approved,Diploma; Post Graduate; Under Graduate,Computer Science And Engineering; Electrical Engineering; Electronics & Communication Engg; Electronics And Communication Engineering; Mechanical Engineering,396,,,,,,,,,,,,,,Contact College,,,AICTE Official Institutional Disclosures,2021,,,,,,,,,,,,,,,,https://www.aicte-india.org,False,Medium,False
1-44643793349,KUKREJA INSTITUTE OF MANAGEMENT AND TECHNOLOGY,"Uttarakhand Technical University, Dehradun",Private-Self Financing,Private,Uttarakhand,Dehradun,DEHRADUN,"DHARAMPUR CHOWK, MATA MANDIR ROAD, AJABPUR KHURD",,,,AICTE Approved,Under Graduate,Bba; Bca,120,,,,,,,,,,,,,,Contact College,,,AICTE Official Institutional Disclosures,2021,,,,,,,,,,,,,,,,https://www.aicte-india.org,False,Medium,False
1-44642616024,PHONICS GROUP OF INSTITUTIONS,"Uttarakhand Technical University, Dehradun",Private-Self Financing,Private,Uttarakhand,Haridwar,HARIDWAR,"12TH MILESTONE BHAGANPUR-HARIDWAR HIGHWAY VILLAGE IMLI KHEDA, DHRAMPUR ROORKEE DIST. HARIDWAR UTTARAKHAND",,,,AICTE Approved,Diploma; Post Graduate; Under Graduate,Civil Engineering; Civil Engineering (2 Shift); Computer Science & Engineering; Electrical And Electronics Engineering; Electrical Engineering; Electronics And Communications Engineering; Mba; Mechanical Engineering,615,,,,,,,,,,,,,,Contact College,,,AICTE Official Institutional Disclosures,2021,,,,,,,,,,,,,,,,https://www.aicte-india.org,False,Medium,False
1-44645071364,ROORKEE ADVENTIST COLLEGE,"Hemvati Nandan Bahuguna Garhwal University, Garhwal",Private-Self Financing,Private,Uttarakhand,Haridwar,HARIDWAR,"ROORKEE ADVENTIST COLLEGE, DELHI ROAD, P.O MILAP NAGAR,",,,,AICTE Approved,Under Graduate,Bba; Bca,120,,,,,,,,,,,,,,Contact College,,,AICTE Official Institutional Disclosures,2021,,,,,,,,,,,,,,,,https://www.aicte-india.org,False,Medium,False
1-44638942553,GRAPHIC ERA DEEMED TO BE UNIVERSITY,NOT APPLICABLE,Deemed to be University(Pvt),Private,Uttarakhand,Dehradun,DEHRADUN,"566/6 BELL ROAD, CLEMENT TOWN DEHRADUN",,,,AICTE Approved,Post Graduate; Under Graduate,Aerospace Engineering; Bachelor Of Business Administration; Bachelor Of Computer Application; Bba; Bca; Biomedical Engineering; Biotechnology; Civil Engineering; Computer Science & Engineering; Computer Science And Engineering (Artificial Intelligence And Data Science),8176,,,,,,,,,,,,,,Contact College,,,AICTE Official Institutional Disclosures,2021,,,,,,,,,,,,,,,,https://www.aicte-india.org,False,Medium,False
1-44671742758,GOVERNMENT PROFESSIONAL COLLEGE BANAS PAITHANI,SDSU,Government,Government,Uttarakhand,Pauri Garhwal,PAURI GARHWAL,GOVERNMENT PROFESSIONAL COLLEGE BANAS PAITHANI 246123,,,,AICTE Approved,Under Graduate,Bba; Bca,80,,,,,,,,,,,,,,Contact College,,,AICTE Official Institutional Disclosures,2021,,,,,,,,,,,,,,,,https://www.aicte-india.org,False,Medium,False
1-44643659441,GURU RAM DAS INSTITUTE OF MANAGEMENT & TECHNOLOGY,"Uttarakhand Technical University, Dehradun",Private-Self Financing,Private,Uttarakhand,Dehradun,DEHRADUN,"214, RAJPUR ROAD  DEHRADUN-248009",,,,AICTE Approved,Diploma; Post Graduate; Under Graduate,Bba; Bca; Civil Engineering; Computer Science & Engineering; Computer Science And Engineering; Computer Science And Engineering (Artificial Intelligence And Machine Learning); Computer Science And Engineering (Cyber Security); Computer Science And Engineering (Data Science); Electrical Engineering; Manufacturing Science And Engineering,1050,,,,,,,,,,,,,,Contact College,,,AICTE Official Institutional Disclosures,2021,,,,,,,,,,,,,,,,https://www.aicte-india.org,False,Medium,False
1-44671761197,DEVSTHALI VIDYAPEETH DEPARTMENT OF PROFESSIONAL EDUCATION,"Kumaun University, Nainital",Private-Self Financing,Private,Uttarakhand,Udham Singh Nagar,UDHAM SINGH NAGAR,"KACCHI KHAMRIA,POST OFFICE -LALPUR (VIA KICHHA)",,,,AICTE Approved,Under Graduate,Bba; Bca,120,,,,,,,,,,,,,,Contact College,,,AICTE Official Institutional Disclosures,2021,,,,,,,,,,,,,,,,https://www.aicte-india.org,False,Medium,False
1-44671751501,SIX SIGMA INSTITUTE OF TECHNOLOGY AND SCIENCE,"Kumaun University, Nainital",Private-Self Financing,Private,Uttarakhand,Udham Singh Nagar,UDHAM SINGH NAGAR,JAFFARPUR-DINESHPUR ROAD POST-KHANPUR PURAB,,,,AICTE Approved,Under Graduate,Bba; Bca,120,,,,,,,,,,,,,,Contact College,,,AICTE Official Institutional Disclosures,2021,,,,,,,,,,,,,,,,https://www.aicte-india.org,False,Medium,False
1-44639722213,ALPINE COLLEGE OF MANAGEMENT &TECHNOLOGY,"Directorate Of Technical Education, Srinagar(Garhwal)",Private-Self Financing,Private,Uttarakhand,Dehradun,DEHRADUN,"NANDA KI CHOWKI ,PREMNAGAR,DEHRADUN-248007",,,,AICTE Approved,Diploma; Under Graduate,Aeronautical Engineering; Civil Engineering; Computer Science And Engineering (Artificial Intelligence And Machine Learning); Computer Science And Engineering (Data Science); Hotel Management & Catering Technology; Mechanical Engineering (Auto); Mechanical Engineering (Prod),330,,,,,,,,,,,,,,Contact College,,,AICTE Official Institutional Disclosures,2021,,,,,,,,,,,,,,,,https://www.aicte-india.org,False,Medium,False
1-44640958641,TULAS INSTITUTE,"Uttarakhand Technical University, Dehradun",Private-Self Financing,Private,Uttarakhand,Dehradun,DEHRADUN,MEHRE-KA-GAON PO-SELAQUI DHOOLKOT TEHSIL- VIKAS NAGAR DEHRADUN PIN CODE- 248197,,,,AICTE Approved,Diploma; Post Graduate; Under Graduate,Bba; Bca; Civil Engineering; Computer Science & Engineering; Computer Science And Engineering; Computer Science And Engineering (Artificial Intelligence And Machine Learning); Computer Science And Engineering (Cyber Security); Computer Science And Engineering (Data Science); Electrical And Electronics Engineering; Electronics And Communications Engineering,1260,,,,,,,,,,,,,,Contact College,,,AICTE Official Institutional Disclosures,2021,,,,,,,,,,,,,,,,https://www.aicte-india.org,False,Medium,False
1-44640238913,BRD COLLEGE OF MANAGEMENT AND SCIENCES,"Uttarakhand Technical University, Dehradun",Private-Self Financing,Private,Uttarakhand,Haridwar,HARIDWAR,7 KM MILESTONE ROORKEE- DEHRADUN HIGHWAY,,,,AICTE Approved,Post Graduate,Mba,60,,,,,,,,,,,,,,Contact College,,,AICTE Official Institutional Disclosures,2021,,,,,,,,,,,,,,,,https://www.aicte-india.org,False,Medium,False
1-44755265965,UTTARANCHAL COLLEGE OF MANAGEMENT AND TECHNOLOGY,"Uttarakhand Technical University, Dehradun",Private-Self Financing,Private,Uttarakhand,Dehradun,DEHRADUN,"GMS-ROAD, SEWLA KHURD, MAJRA",,,,AICTE Approved,Post Graduate; Under Graduate,Bba; Bca; Mba,180,,,,,,,,,,,,,,Contact College,,,AICTE Official Institutional Disclosures,2021,,,,,,,,,,,,,,,,https://www.aicte-india.org,False,Medium,False
1-44641692386,OMKARANANDA INSTITUTE OF MANAGEMENT AND TECHNOLOGY,"Uttarakhand Technical University, Dehradun",Private-Self Financing,Private,Uttarakhand,Tehri Garhwal,TEHRI GARHWAL,"OMKARANANDA SARASWATI MARG, SHIVANANDA NAGAR, MUNI KI RETI, RISHIKESH",,,,AICTE Approved,Integrated; Post Graduate,Master Of Business Administration (Integrated); Mba,150,,,,,,,,,,,,,,Contact College,,,AICTE Official Institutional Disclosures,2021,,,,,,,,,,,,,,,,https://www.aicte-india.org,False,Medium,False
1-44644994268,RAJA NARENDRALAL KHAN WOMENS COLLEGE AUTONOMOUS,"Vidyasagar University, Medinipur",Govt aided,Government,West Bengal,Paschim Medinipur,PASCHIM MEDINIPUR,"GOPE PALACE, MIDNAPORE, WEST BENGAL INDIA",,,,AICTE Approved,Under Graduate,Bca,75,,,,,,,,,,,,,,Contact College,,,AICTE Official Institutional Disclosures,2021,,,,,,,,,,,,,,,,https://www.aicte-india.org,False,Medium,False
1-44642539223,INSTITUTE OF BUSINESS MANAGEMENT,"Jadavpur University, Kolkata",Private-Self Financing,Private,West Bengal,Kolkata,KOLKATA,"188 RAJA, S.C.MALLICK ROAD, JADAVPUR UNIVERSITY CAMPUS",,,,AICTE Approved,Post Graduate; Under Graduate,Bba; Mba(Business Management),120,,,,,,,,,,,,,,Contact College,,,AICTE Official Institutional Disclosures,2021,,,,,,,,,,,,,,,,https://www.aicte-india.org,False,Medium,False
1-44642727779,KANAD INSTITUTE OF ENGINEERING & MANAGEMENT,"Maulana Abul Kalam Azad University of Technology, West Bengal",Private-Self Financing,Private,West Bengal,Bardhaman,BARDHAMAN,"VILLAGE + P.O.- MANKAR, DIST.- BURDWAN",,,,AICTE Approved,Diploma; Under Graduate,Civil Engineering; Computer Science & Engineering; Electrical Engineering; Mechanical Engineering,378,,,,,,,,,,,,,,Contact College,,,AICTE Official Institutional Disclosures,2021,,,,,,,,,,,,,,,,https://www.aicte-india.org,False,Medium,False
1-44643813498,INSTITUTE OF HOTEL AND RESTAURANT MANAGEMENT,"Maulana Abul Kalam Azad University of Technology, West Bengal",Private-Self Financing,Private,West Bengal,South 24 Parganas,SOUTH 24 PARGANAS,"SONARGAON PARK, NARENDRAPUR STATION ROAD, P.O.- RAMKRISHNAPALLY, KOLKATA, WEST BENGAL PIN-700150",,,,AICTE Approved,Under Graduate,Bba; Bca,120,,,,,,,,,,,,,,Contact College,,,AICTE Official Institutional Disclosures,2021,,,,,,,,,,,,,,,,https://www.aicte-india.org,False,Medium,False
1-44786593738,"DARJEELING HILL INSTITUTE OF TECHNOLOGY AND MANAGEMENT (ESTD. BY GORKHALAND TERRITORIAL ADMINISTRATION, GOVT. OF WEST BENGAL  & RUN BY ORISSA CHILD WELFARE & EDUCATION TRUST-O","Maulana Abul Kalam Azad University of Technology, West Bengal",Private-Self Financing,Private,West Bengal,Darjeeling,DARJEELING,"HUM TUKDAH KHASMAL, RANGLI RANGLIOT BLOCK, DISTT. DARJEELING,GTA.",,,,AICTE Approved,Under Graduate,Artificial Intelligence And Machine Learning; Civil Engineering; Computer Science & Engineering; Electrical Engineering; Hotel Management And Catering Technology; Mechanical Engineering,480,,,,,,,,,,,,,,Contact College,,,AICTE Official Institutional Disclosures,2021,,,,,,,,,,,,,,,,https://www.aicte-india.org,False,Medium,False
1-44642532143,NETAJI SUBHASH ENGINEERING COLLEGE,"Maulana Abul Kalam Azad University of Technology, West Bengal",Private-Self Financing,Private,West Bengal,Kolkata,KOLKATA,"TECHNO CITY, GARIA, KOLKATA-152",,,,AICTE Approved,Post Graduate; Under Graduate,Bca; Masters In Computer Applications,180,,,,,,,,,,,,,,Contact College,,,AICTE Official Institutional Disclosures,2021,,,,,,,,,,,,,,,,https://www.aicte-india.org,False,Medium,False
1-44640907856,NETAJI SUBHASH ENGINEERING COLLEGE,"West Bengal State Council of Technical Education, Kolkata",Private-Self Financing,Private,West Bengal,Kolkata,KOLKATA,"TECHNO CITY, GARIA, KOLKATA-152",,,,AICTE Approved,Diploma; Integrated; Post Graduate; Under Graduate,Advanced Mechatronics And Industrial Automation; Applied Electronics And Instrumentation Engineering; Bba; Biomedical And Robotic Engineering; Biomedical Engineering; Civil Engineering; Computer Science & Engineering; Computer Science And Business System; Computer Science And Engineering; Computer Science And Engineering (Artificial Intelligence And Data Science),2292,,,,,,,,,,,,,,Contact College,,,AICTE Official Institutional Disclosures,2021,,,,,,,,,,,,,,,,https://www.aicte-india.org,False,Medium,False
1-44642435766,CALCUTTA INSTITUTE OF ENGINEERING AND MANAGEMENT,"Maulana Abul Kalam Azad University of Technology, West Bengal",Private-Self Financing,Private,West Bengal,South 24 Parganas,SOUTH 24 PARGANAS,"PRASANTA SUR CAMPUS, 24/1A CHANDI GHOSH ROAD",,,,AICTE Approved,Post Graduate; Under Graduate,Artificial Intelligence And Machine Learning; Bba; Bca; Civil Engineering; Computer Science & Engineering; Electrical Engineering; Electronics & Communication Engg; Information Technology; Mba,480,,,,,,,,,,,,,,Contact College,,,AICTE Official Institutional Disclosures,2021,,,,,,,,,,,,,,,,https://www.aicte-india.org,False,Medium,False
1-44642059355,BENGAL COLLEGE OF ENGINEERING & TECHNOLOGY,"Maulana Abul Kalam Azad University of Technology, West Bengal",Private-Self Financing,Private,West Bengal,Bardhaman,BARDHAMAN,"BENGAL COLLEGE OF ENGINEERING & TECHNOLOGY SAHID SUKUMAR BANERJEE SARANI BIDHAN NAGAR, DURGAPUR PIN-713212 DIST: BURDWAN WEST BENGAL",,,,AICTE Approved,Diploma; Post Graduate; Under Graduate,Civil Engineering; Computer Science And Engineering; Computer Science And Engineering (Artificial Intelligence And Machine Learning); Computer Science And Engineering (Data Science); Computer Science And Technology; Electrical Engineering; Electronics And Communications Engineering; Information Technology; Masters In Business Administration; Mechanical Engineering,900,,,,,,,,,,,,,,Contact College,,,AICTE Official Institutional Disclosures,2021,,,,,,,,,,,,,,,,https://www.aicte-india.org,False,Medium,False
1-44642360494,CALCUTTA INSTITUTE OF TECHNOLOGY,"Maulana Abul Kalam Azad University of Technology, West Bengal",Private-Self Financing,Private,West Bengal,Howrah,HOWRAH,"BANITABLA, ULUBERIA, HOWRAH-711316",,,,AICTE Approved,Diploma; Post Graduate; Under Graduate,Agricultural Engineering; Artificial Intelligence And Machine Learning; Bca; Chemical Engineering; Civil Engineering; Computer Science And Engineering; Computer Science And Engineering (Data Science); Electrical Engineering; Electronics & Communication Engg; Masters In Computer Applications,729,,,,,,,,,,,,,,Contact College,,,AICTE Official Institutional Disclosures,2021,,,,,,,,,,,,,,,,https://www.aicte-india.org,False,Medium,False
1-44638348514,SANAKA EDUCATIONAL TRUST'S GROUP OF INSTITUTIONS,"Maulana Abul Kalam Azad University of Technology, West Bengal",Private-Self Financing,Private,West Bengal,Bardhaman,BARDHAMAN,"INSTITUTE OF ENGINEERING & INDUSTRIAL TECHNOLOGY P.O.-MALANDIGHI, DURGAPUR DIST.- BURDWAN WEST BENGAL",,,,AICTE Approved,Under Graduate,Civil Engineering; Computer Science And Engineering; Computer Science And Engineering (Artificial Intelligence And Machine Learning); Computer Science And Engineering (Data Science); Electrical And Electronics Engineering; Electrical Engineering; Electronics And Communications Engineering; Mechanical Engineering,480,,,,,,,,,,,,,,Contact College,,,AICTE Official Institutional Disclosures,2021,,,,,,,,,,,,,,,,https://www.aicte-india.org,False,Medium,False
1-44641029245,UNIVERSITY COLLEGE OF SCIENCE & TECHNOLOGY,"University of Calcutta, Kolkata",Government,Government,West Bengal,Kolkata,KOLKATA,"92,APC ROAD,KOLKATA 700009",,,,AICTE Approved,Post Graduate,Master Of Computer Applications,40,,,,,,,,,,,,,,Contact College,,,AICTE Official Institutional Disclosures,2021,,,,,,,,,,,,,,,,https://www.aicte-india.org,False,Medium,False
1-44640209203,ALIAH UNIVERSITY,"Aliah University, West Bengal",Government,Government,West Bengal,North 24 Parganas,NORTH 24 PARGANAS,"IIA/27, NEW TOWN",,,,AICTE Approved,Post Graduate; Under Graduate,Civil Engineering; Computer Science & Engineering; Computer Science And Engineering; Electrical Engineering; Electronics And Communication Engineering; Electronics And Communications Engineering; Mechanical Engineering,390,,,,,,,,,,,,,,Contact College,,,AICTE Official Institutional Disclosures,2021,,,,,,,,,,,,,,,,https://www.aicte-india.org,False,Medium,False
1-44643059476,GREATER KOLKATA COLLEGE OF ENGINEERING & MANAGEMENT,"Maulana Abul Kalam Azad University of Technology, West Bengal",Private-Self Financing,Private,West Bengal,South 24 Parganas,SOUTH 24 PARGANAS,"DUDHNAI, RAMNAGAR -II, P.S BARUIPUR, 24 PARGANAS (SOUTH)",,,,AICTE Approved,Diploma; Under Graduate,Bba; Bca; Civil Engineering; Computer Science And Engineering; Electrical Engineering; Electronics & Communication Engg; Electronics And Communications Engineering; Mechanical Engineering,780,,,,,,,,,,,,,,Contact College,,,AICTE Official Institutional Disclosures,2021,,,,,,,,,,,,,,,,https://www.aicte-india.org,False,Medium,False
1-44640046409,PARADISE INSTITUTE OF TECHNOLOGY,"West Bengal State Council of Technical Education, Kolkata",Private-Self Financing,Private,West Bengal,Murshidabad,MURSHIDABAD,NARASINGHAPUR P.O.  SAGARPARA P.S.  JALANGI DIST.  MURSHIDABAD PIN.  742306 WEST BENGAL,,,,AICTE Approved,Diploma; Under Graduate,Automobile Engineering; Civil Engineering; Computer Science And Engineering; Electrical Engineering; Mechanical Engineering,480,,,,,,,,,,,,,,Contact College,,,AICTE Official Institutional Disclosures,2021,,,,,,,,,,,,,,,,https://www.aicte-india.org,False,Medium,False
1-44644921935,SALESIAN COLLEGE,"University of North Bengal, Siliguri",Private-Self Financing,Private,West Bengal,Darjeeling,DARJEELING,"HILL CART RD, RING TONG TEA GARDEN PO SONADA",,,,AICTE Approved,Under Graduate,Bba; Bca,180,,,,,,,,,,,,,,Contact College,,,AICTE Official Institutional Disclosures,2021,,,,,,,,,,,,,,,,https://www.aicte-india.org,False,Medium,False
1-44638343107,DEPARTMENT OF MANAGEMENT STUDIES JIS UNIVERSITY,NOT APPLICABLE,State Private University,Private,West Bengal,North 24 Parganas,NORTH 24 PARGANAS,"81, NILGUNJ ROAD, AGARPARA",,,,AICTE Approved,Post Graduate,Mba,60,,,,,,,,,,,,,,Contact College,,,AICTE Official Institutional Disclosures,2021,,,,,,,,,,,,,,,,https://www.aicte-india.org,False,Medium,False
1-44644533513,ADVANCED INFORMATION AND MANAGEMENT STUDIES,"Maulana Abul Kalam Azad University of Technology, West Bengal",Private-Self Financing,Private,West Bengal,Bardhaman,BARDHAMAN,"J.P.AVENUE, ZONAL CENTER, SAGARBHANGA, DURGAPUR",,,,AICTE Approved,Under Graduate,Bba; Bca; Bms,330,,,,,,,,,,,,,,Contact College,,,AICTE Official Institutional Disclosures,2021,,,,,,,,,,,,,,,,https://www.aicte-india.org,False,Medium,False
1-44644074919,B P PODDAR INSTITUTE OF MANAGEMENT AND TECHNOLOGY SALT LAKE,"Maulana Abul Kalam Azad University of Technology, West Bengal",Private-Self Financing,Private,West Bengal,North 24 Parganas,NORTH 24 PARGANAS,"EN-31, SALT LAKE, SECTOR V",,,,AICTE Approved,Under Graduate,Bba; Bca,210,,,,,,,,,,,,,,Contact College,,,AICTE Official Institutional Disclosures,2021,,,,,,,,,,,,,,,,https://www.aicte-india.org,False,Medium,False
1-44644966537,MICHAEL MADHUSUDAN MEMORIAL COLLEGE,"University of Burdwan, Bardhaman",Govt aided,Government,West Bengal,Bardhaman,BARDHAMAN,KABI GURU SARANI CITY CENTRE,,,,AICTE Approved,Under Graduate,Bba; Bca,200,,,,,,,,,,,,,,Contact College,,,AICTE Official Institutional Disclosures,2021,,,,,,,,,,,,,,,,https://www.aicte-india.org,False,Medium,False
1-44640255811,HOOGHLY ENGINEERING & TECHNOLOGY COLLEGE,"Maulana Abul Kalam Azad University of Technology, West Bengal",Private-Self Financing,Private,West Bengal,Hooghly,HOOGHLY,"VIVEKANANDA ROAD, PIPULPATI, P.S.:CHINSURAH, P.O. & DIST:HOOGHLY, PIN:712103, WEST BENGAL",,,,AICTE Approved,Under Graduate,Artificial Intelligence And Data Science; Civil Engineering; Computer Science And Engineering; Electrical Engineering; Electronics And Communications Engineering; Mechanical Engineering,360,,,,,,,,,,,,,,Contact College,,,AICTE Official Institutional Disclosures,2021,,,,,,,,,,,,,,,,https://www.aicte-india.org,False,Medium,False
1-44642291239,ST. THOMAS' COLLEGE OF ENGINEERING & TECHNOLOGY,"Maulana Abul Kalam Azad University of Technology, West Bengal",Private-Self Financing,Private,West Bengal,Kolkata,KOLKATA,"4, DIAMOND HARBOUR ROAD, KOLKATA,WEST BENGAL, PIN - 700023",,,,AICTE Approved,Post Graduate; Under Graduate,Artificial Intelligence And Data Science; Artificial Intelligence And Machine Learning; Computer Science And Engineering; Electrical Engineering; Electronics & Communication Engg; Information Technology; Internet Of Things,450,,,,,,,,,,,,,,Contact College,,,AICTE Official Institutional Disclosures,2021,,,,,,,,,,,,,,,,https://www.aicte-india.org,False,Medium,False
1-44643702209,HALDIA INSTITUTE OF TECHNOLOGY,"Maulana Abul Kalam Azad University of Technology, West Bengal",Private-Self Financing,Private,West Bengal,Purba Medinipur,PURBA MEDINIPUR,ICARE COMPLEX; HIT CAMPUS,,,,AICTE Approved,Post Graduate; Under Graduate,Agricultural Engineering; Applied Electronics And Instrumentation Engineering; Biotechnology; Chemical Engineering; Civil Engineering; Computer Science And Engineering; Computer Science And Engineering (Cyber Security); Computer Science And Engineering (Data Science); Computer Science And Engineering(Artificial Intelligence And Machine Learning); Electrical Engineering,1944,,,,,,,,,,,,,,Contact College,,,AICTE Official Institutional Disclosures,2021,,,,,,,,,,,,,,,,https://www.aicte-india.org,False,Medium,False
1-44641721976,HERITAGE INSTITUTE OF TECHNOLOGY,"Maulana Abul Kalam Azad University of Technology, West Bengal",Private-Self Financing,Private,West Bengal,South 24 Parganas,SOUTH 24 PARGANAS,"994, MADURDAHA, CHOWBAGA ROAD, ANANDAPUR P.O. EAST KOLKATA TOWNSHIP",,,,AICTE Approved,Post Graduate; Under Graduate,Applied Electronics And Instrumentation Engineering; Biotechnology; Chemical Engineering; Civil Engineering; Computer Science And Business System; Computer Science And Engineering; Computer Science And Engineering (Artificial Intelligence And Machine Learning); Computer Science And Engineering (Internet Of Things And Cyber Security Including Block Chain Techno; Computer Science And Engineering(Data Science); Design,1209,,,,,,,,,,,,,,Contact College,,,AICTE Official Institutional Disclosures,2021,,,,,,,,,,,,,,,,https://www.aicte-india.org,False,Medium,False
1-44642725740,"DR. B.C. ROY ENGINEERING COLLEGE, DURGAPUR","Maulana Abul Kalam Azad University of Technology, West Bengal",Private-Self Financing,Private,West Bengal,Bardhaman,BARDHAMAN,"JEMUA ROAD, FULJHORE,DURGAPUR, 713206",,,,AICTE Approved,Post Graduate; Under Graduate,Civil Engineering; Computer Science And Design; Computer Science And Engineering; Computer Science And Engineering (Artificial Intelligence And Machine Learning ); Computer Science And Engineering (Cyber Security); Computer Science And Engineering (Data Science); Electrical Engineering; Electronics And Communication Engineering; Electronics And Communications Engineering; Information Technology,1122,,,,,,,,,,,,,,Contact College,,,AICTE Official Institutional Disclosures,2021,,,,,,,,,,,,,,,,https://www.aicte-india.org,False,Medium,False
1-44644310578,IIAS SCHOOL OF MANAGEMENT SILIGURI,"Maulana Abul Kalam Azad University of Technology, West Bengal",Private-Self Financing,Private,West Bengal,Darjeeling,DARJEELING,"IIAS, NEAR PINTAIL VILLAGE, HILL CART ROAD, DAGAPUR, P.O.-SALBARI",,,,AICTE Approved,Under Graduate,Bba,60,,,,,,,,,,,,,,Contact College,,,AICTE Official Institutional Disclosures,2021,,,,,,,,,,,,,,,,https://www.aicte-india.org,False,Medium,False
1-44643863221,DURGAPUR INSTITUTE OF MANAGEMENT AND SCIENCE FORMERLY KNOWN AS BENGAL COLLEGE OF ENGINEERING AND TECHNOLOGY,"Maulana Abul Kalam Azad University of Technology, West Bengal",Private-Self Financing,Private,West Bengal,Bardhaman,BARDHAMAN,"SHAHID SUKUMAR BANERJEE SARANI, BIDHANNAGAR, DURGAPUR-12,",,,,AICTE Approved,Under Graduate,Bba; Bca,210,,,,,,,,,,,,,,Contact College,,,AICTE Official Institutional Disclosures,2021,,,,,,,,,,,,,,,,https://www.aicte-india.org,False,Medium,False
1-44643855483,NSHM COLLEGE OF MANAGEMENT AND TECHNOLOGY KOLKATA,"Maulana Abul Kalam Azad University of Technology, West Bengal",Private-Self Financing,Private,West Bengal,Kolkata,KOLKATA,"60, B.L SAHA ROAD - NSHM KNOWLEDGE CAMPUS",,,,AICTE Approved,Under Graduate,Bba; Bca,510,,,,,,,,,,,,,,Contact College,,,AICTE Official Institutional Disclosures,2021,,,,,,,,,,,,,,,,https://www.aicte-india.org,False,Medium,False
1-44645076134,GLOBAL INSTITUTE OF SCIENCE AND TECHNOLOGY,"Maulana Abul Kalam Azad University of Technology, West Bengal",Private-Self Financing,Private,West Bengal,Purba Medinipur,PURBA MEDINIPUR,"HATIBERIA, HALDIA",,,,AICTE Approved,Under Graduate,Bca,60,,,,,,,,,,,,,,Contact College,,,AICTE Official Institutional Disclosures,2021,,,,,,,,,,,,,,,,https://www.aicte-india.org,False,Medium,False
1-44640867367,MANAGEMENT DEVELOPMENT INSTITUTE   MURSHIDABAD,NOT APPLICABLE,Private-Self Financing,Private,West Bengal,Murshidabad,MURSHIDABAD,VILLAGE - KULORI MOUZA - KATNAI POST - GANKAR P.S. RAGHUNATHGANJ DISTRICT MURSHIDABAD PIN - 742225 WEST BENGAL,,,,AICTE Approved,Fellowship; Post Graduate Diploma; Under Graduate,Bba; Fellow Programme In Management; Pgdm,280,,,,,,,,,,,,,,Contact College,,,AICTE Official Institutional Disclosures,2021,,,,,,,,,,,,,,,,https://www.aicte-india.org,False,Medium,False
1-44640219981,INTERNATIONAL INSTITUTE OF MANAGEMENT SCIENCES,"Maulana Abul Kalam Azad University of Technology, West Bengal",Private-Self Financing,Private,West Bengal,Howrah,HOWRAH,"NH-6, BOMBAY ROAD, (OPP.: BISK FARM), PALARA, PO-MAHISREKHA, ULUBERIA, HOWRAH, PIN-711303, WEST BENGAL",,,,AICTE Approved,Post Graduate,Masters Of Business Administration,60,,,,,,,,,,,,,,Contact College,,,AICTE Official Institutional Disclosures,2021,,,,,,,,,,,,,,,,https://www.aicte-india.org,False,Medium,False
1-44644383137,SWAMI VIVEKANANDA INSTITUTE OF MODERN STUDIES,"Maulana Abul Kalam Azad University of Technology, West Bengal",Private-Self Financing,Private,West Bengal,North 24 Parganas,NORTH 24 PARGANAS,"BARA KANTHALIA, BARRACKPORE P.O.: SEWLI TELINI PARA DIST:- NORTH 24 PARGANAS",,,,AICTE Approved,Under Graduate,Bba; Bca,120,,,,,,,,,,,,,,Contact College,,,AICTE Official Institutional Disclosures,2021,,,,,,,,,,,,,,,,https://www.aicte-india.org,False,Medium,False
1-44638567672,"TECHNO INDIA UNIVERSITY, WEST BENGAL",NOT APPLICABLE,State Private University,Private,West Bengal,South 24 Parganas,SOUTH 24 PARGANAS,"BISHNUPUR, JOKA, KOLKATA",,,,AICTE Approved,Under Graduate,Computer Science And Business System; Computer Science And Engineering; Design; Electronics And Communications Engineering,360,,,,,,,,,,,,,,Contact College,,,AICTE Official Institutional Disclosures,2021,,,,,,,,,,,,,,,,https://www.aicte-india.org,False,Medium,False
1-44638305028,CAMELLIA INSTITUTE OF ENGINEERING AND TECHNOLOGY,"Maulana Abul Kalam Azad University of Technology, West Bengal",Private-Self Financing,Private,West Bengal,Bardhaman,BARDHAMAN,BUD BUD BY-PASS (NORTH),,,,AICTE Approved,Under Graduate,Civil Engineering; Computer Science & Engineering; Computer Science And Engineering (Artificial Intelligence And Machine Learning); Electrical Engineering; Electronics And Communications Engineering; Mechanical Engineering,510,,,,,,,,,,,,,,Contact College,,,AICTE Official Institutional Disclosures,2021,,,,,,,,,,,,,,,,https://www.aicte-india.org,False,Medium,False
1-44642231943,JIS COLLEGE OF ENGINEERING,"Maulana Abul Kalam Azad University of Technology, West Bengal",Private-Self Financing,Private,West Bengal,Nadia,NADIA,"BLOCK-A,PHASE-III,KALYANI,NADIA",,,,AICTE Approved,Diploma; Post Graduate; Under Graduate,Agricultural Engineering; Bba; Bca; Biomedical Engineering; Civil Engineering; Computer Science And Engineering; Computer Science And Engineering (Artificial Intelligence And Machine Learning); Computer Science And Technology; Electrical Devices And Power Systems; Electrical Engineering,1503,,,,,,,,,,,,,,Contact College,,,AICTE Official Institutional Disclosures,2021,,,,,,,,,,,,,,,,https://www.aicte-india.org,False,Medium,False
1-44642533253,SWAMI VIVEKANANDA INSTITUTE OF MANAGEMENT & COMPUTER SCIENCE,"Maulana Abul Kalam Azad University of Technology, West Bengal",Private-Self Financing,Private,West Bengal,Kolkata,KOLKATA,"KARBALA, SONARPUR STATION ROAD,P.O:NARENDRAPUR, KOLKATA-700103",,,,AICTE Approved,Post Graduate,Masters Of Business Administration,60,,,,,,,,,,,,,,Contact College,,,AICTE Official Institutional Disclosures,2021,,,,,,,,,,,,,,,,https://www.aicte-india.org,False,Medium,False
1-44638723707,SISTER NIVEDITA UNIVERSITY,SISTER NIVEDITA UNIVERSITY,Private-Self Financing,Private,West Bengal,North 24 Parganas,NORTH 24 PARGANAS,"PREMISE NO. 06-3333, ACTION AREA-I, DG-1/2, NEWTOWN, RAJARHAT",,,,AICTE Approved,Diploma; Post Graduate; Post Graduate Certificate; Under Graduate,5G; Artificial Intelligence; Artificial Intelligence And Data Science; Augmented Reality; Cloud Computing; Computer Science And Applied Mathematics; Computer Science And Business System; Computer Science And Engineering; Computer Science And Engineering (Artificial Intelligence And Data Science); Computer Science And Engineering (Artificial Intelligence And Machine Learning),2556,,,,,,,,,,,,,,Contact College,,,AICTE Official Institutional Disclosures,2021,,,,,,,,,,,,,,,,https://www.aicte-india.org,False,Medium,False
1-44641936995,RAIGANJ UNIVERSITY,"Raiganj University, Raiganj , WB",Government,Government,West Bengal,Utter Dinajpur,UTTER DINAJPUR,"COLLEGE PARA, RAIGANJ",,,,AICTE Approved,Post Graduate,Mba,60,,,,,,,,,,,,,,Contact College,,,AICTE Official Institutional Disclosures,2021,,,,,,,,,,,,,,,,https://www.aicte-india.org,False,Medium,False
1-44638716259,"NSHM KNOWLEDGE CAMPUS, DURGAPUR - GROUP OF INSTITUTIONS","Maulana Abul Kalam Azad University of Technology, West Bengal",Private-Self Financing,Private,West Bengal,Bardhaman,BARDHAMAN,ARRAH,,,,AICTE Approved,Post Graduate; Under Graduate,Bba; Computer Science And Engineering; Computer Science And Engineering (Artificial Intelligence); Computer Science And Engineering (Data Science); Electronics And Communications Engineering; Hotel Management And Catering Technology; Masters Of Business Administration; Mba (Health Care And Hospital Management); Mba (Hospital Administration); Mca,840,,,,,,,,,,,,,,Contact College,,,AICTE Official Institutional Disclosures,2021,,,,,,,,,,,,,,,,https://www.aicte-india.org,False,Medium,False
1-44644346234,THE BHAWANIPUR EDUCATION SOCIETY COLLEGE,"University of Calcutta, Kolkata",Govt aided,Government,West Bengal,Kolkata,KOLKATA,5 LALA LAJPAT RAI SARANI,,,,AICTE Approved,Under Graduate,Bba,480,,,,,,,,,,,,,,Contact College,,,AICTE Official Institutional Disclosures,2021,,,,,,,,,,,,,,,,https://www.aicte-india.org,False,Medium,False
1-44643976468,JT EDUCATIONAL TRUST,"Maulana Abul Kalam Azad University of Technology, West Bengal",Private-Self Financing,Private,West Bengal,North 24 Parganas,NORTH 24 PARGANAS,"AA-45, SHREE TOWER, VIP ROAD, BAGUIHATI",,,,AICTE Approved,Under Graduate,Bba,240,,,,,,,,,,,,,,Contact College,,,AICTE Official Institutional Disclosures,2021,,,,,,,,,,,,,,,,https://www.aicte-india.org,False,Medium,False
1-44639605966,MCKV INSTITUTE OF ENGINEERING,"Maulana Abul Kalam Azad University of Technology, West Bengal",Private-Self Financing,Private,West Bengal,Howrah,HOWRAH,"243, G.T. ROAD (NORTH)",,,,AICTE Approved,Post Graduate; Under Graduate,Automobile Engineering; Bba; Computer Science And Engineering; Computer Science And Engineering (Artificial Intelligence And Machine Learning ); Computer Science And Engineering (Data Science); Electrical Engineering; Electronics & Communication Engg; Electronics And Communications Engineering; Information Technology; Masters Of Business Administration,654,,,,,,,,,,,,,,Contact College,,,AICTE Official Institutional Disclosures,2021,,,,,,,,,,,,,,,,https://www.aicte-india.org,False,Medium,False
1-44764545153,DOLPHIN SCHOOL OF HOTEL MANAGEMENT,"Maulana Abul Kalam Azad University of Technology, West Bengal",Private-Self Financing,Private,West Bengal,Nadia,NADIA,"BALINDI , 7 NO MOUJA, HARINGHATA, NEAR KALYANI MORE, NADIA, WB, 741246",,,,AICTE Approved,Under Graduate,Bba,60,,,,,,,,,,,,,,Contact College,,,AICTE Official Institutional Disclosures,2021,,,,,,,,,,,,,,,,https://www.aicte-india.org,False,Medium,False
1-44640081849,FUTURE INSTITUTE OF TECHNOLOGY,"Maulana Abul Kalam Azad University of Technology, West Bengal",Private-Self Financing,Private,West Bengal,Kolkata,KOLKATA,"240, BORAL MAIN ROAD, GARIA",,,,AICTE Approved,Under Graduate,Bca; Civil Engineering; Computer Science And Engineering; Computer Science And Engineering (Internet Of Things And Cyber Security Including Block Chain Techno; Computer Science And Engineering(Artificial Intelligence And Machine Learning); Electrical Engineering; Electronics And Communications Engineering,330,,,,,,,,,,,,,,Contact College,,,AICTE Official Institutional Disclosures,2021,,,,,,,,,,,,,,,,https://www.aicte-india.org,False,Medium,False
1-44641885155,SAROJ MOHAN INSTITUTE OF TECHNOLOGY,"Maulana Abul Kalam Azad University of Technology, West Bengal",Private-Self Financing,Private,West Bengal,Hooghly,HOOGHLY,"BADHAGACHI, GUPTIPARA HOOGHLY PIN-712512",,,,AICTE Approved,Post Graduate; Under Graduate,Bba; Bca; Masters In Business Administration,240,,,,,,,,,,,,,,Contact College,,,AICTE Official Institutional Disclosures,2021,,,,,,,,,,,,,,,,https://www.aicte-india.org,False,Medium,False
1-44641336495,GLOBAL INSTITUTE OF SCIENCE & TECHNOLOGY,"West Bengal State Council of Technical Education, Kolkata",Private-Self Financing,Private,West Bengal,Purba Medinipur,PURBA MEDINIPUR,"ICARE COMPLEX, GIST CAMPUS, P.O- HATIBERIA",,,,AICTE Approved,Diploma; Under Graduate,Bca; Civil Engineering; Computer Science And Technology; Electrical Engineering; Fire Technology And Safety; Information Technology; Mechanical Engineering,720,,,,,,,,,,,,,,Contact College,,,AICTE Official Institutional Disclosures,2021,,,,,,,,,,,,,,,,https://www.aicte-india.org,False,Medium,False
1-44641028308,DEPARTMENT OF BUSINESS MANAGEMENT UNIVERSITY OF CALCUTTA,"University of Calcutta, Kolkata",Government,Government,West Bengal,Kolkata,KOLKATA,"1, REFORMATORY STREET",,,,AICTE Approved,Post Graduate,Mba,30,,,,,,,,,,,,,,Contact College,,,AICTE Official Institutional Disclosures,2021,,,,,,,,,,,,,,,,https://www.aicte-india.org,False,Medium,False
1-44642871688,INSTITUTE OF SCIENCE AND TECHNOLOGY,"Maulana Abul Kalam Azad University of Technology, West Bengal",Private-Self Financing,Private,West Bengal,Paschim Medinipur,PASCHIM MEDINIPUR,"DHURABILA, DHAMKURIA, CHANDRAKONA TOWN, PASCHIM MEDNIPUR",,,,AICTE Approved,Diploma; Post Graduate; Under Graduate,Applied Electronics And Instrumentation Engineering; Civil Engineering; Computer Science And Engineering; Computer Science And Technology; Electrical And Electronics Engineering; Electrical Engineering; Electrical Machines And Drives; Electronics And Communcation Engineering; Electronics And Communications Engineering; Electronics And Telecommunications Engineering,780,,,,,,,,,,,,,,Contact College,,,AICTE Official Institutional Disclosures,2021,,,,,,,,,,,,,,,,https://www.aicte-india.org,False,Medium,False
1-44641666673,UNIVERSITY SCIENCE INSTRUMENTATION CENTRE,"Kalyani University, Nadia",Government,Government,West Bengal,Nadia,NADIA,"UNIVERSITY OF KALYANI, GHOSHPARA, KALYANI, NADIA, W. BENGAL",,,,AICTE Approved,Post Graduate; Under Graduate,Communication Engineering; Electrical Engineering; Electronics And Communication Engineering; Electronics And Instrumentation Engineering; Information Technology; Mechanical Engineering,192,,,,,,,,,,,,,,Contact College,,,AICTE Official Institutional Disclosures,2021,,,,,,,,,,,,,,,,https://www.aicte-india.org,False,Medium,False
1-44641266278,CALCUTTA BUSINESS SCHOOL,NOT APPLICABLE,Private-Self Financing,Private,West Bengal,South 24 Parganas,SOUTH 24 PARGANAS,JL NO 30 RS NO 153 BISHNUPUR 24 PARGANAS  SOUTH,,,,AICTE Approved,Post Graduate Diploma; Under Graduate,Bba; Pgdm,180,,,,,,,,,,,,,,Contact College,,,AICTE Official Institutional Disclosures,2021,,,,,,,,,,,,,,,,https://www.aicte-india.org,False,Medium,False
1-44642564242,IMPS COLLEGE OF ENGINEERING & TECHNOLOGY,"Maulana Abul Kalam Azad University of Technology, West Bengal",Private-Self Financing,Private,West Bengal,Malda,MALDA,VILL-NITYANANDAPUR P.O.-CHANDIPUR(KAZIGRAM) DIST-MALDA PIN-732103 WEST BENGAL,,,,AICTE Approved,Under Graduate,Civil Engineering; Computer Science And Engineering; Electrical Engineering; Electronics & Communication Engg,150,,,,,,,,,,,,,,Contact College,,,AICTE Official Institutional Disclosures,2021,,,,,,,,,,,,,,,,https://www.aicte-india.org,False,Medium,False
1-44644359634,INSTITUTE OF COMPUTER AND INFORMATION SCIENCES,BANKURA UNIVERSITY,Private-Self Financing,Private,West Bengal,Bankura,BANKURA,NH-60 KAMLADANGA MAYAKANAN,,,,AICTE Approved,Under Graduate,Bba; Bca,180,,,,,,,,,,,,,,Contact College,,,AICTE Official Institutional Disclosures,2021,,,,,,,,,,,,,,,,https://www.aicte-india.org,False,Medium,False
1-44644213451,COLLEGE OF SCIENCE AND MANAGEMENT FORMERLY DUMKAL INSTITUTE OF ENGINEERING AND TECHNOLOGY,"Maulana Abul Kalam Azad University of Technology, West Bengal",Private-Self Financing,Private,West Bengal,Murshidabad,MURSHIDABAD,"VILL+PO-BASANTAPUR, DOMKAL",,,,AICTE Approved,Under Graduate,Bba; Bca,120,,,,,,,,,,,,,,Contact College,,,AICTE Official Institutional Disclosures,2021,,,,,,,,,,,,,,,,https://www.aicte-india.org,False,Medium,False
1-44638562080,KAZI NAZRUL UNIVERSITY,kazi Nazrul University,Government,Government,West Bengal,Bardhaman,BARDHAMAN,"NAZRUL ROAD, KALLA BYPASS MORE, P.O.KALLA C.H., P.S.ASANSOL, BURDWAN, WEST BENGAL 713340",,,,AICTE Approved,Diploma; Post Graduate; Under Graduate,Computer Science & Engineering(Data Science); Diploma In Matallurgical Engineering; Diploma In Mining Engineering; Mca; Metallurgical And Materials Engineering; Mining Engineering,180,,,,,,,,,,,,,,Contact College,,,AICTE Official Institutional Disclosures,2021,,,,,,,,,,,,,,,,https://www.aicte-india.org,False,Medium,False
1-44671795714,DMBH INSTITUTE OF MANAGEMENT STUDIES,"Maulana Abul Kalam Azad University of Technology, West Bengal",Private-Self Financing,Private,West Bengal,Hooghly,HOOGHLY,"VILL & P.S-DADPUR, P.O- PUINAN,",,,,AICTE Approved,Under Graduate,Bba; Bca,120,,,,,,,,,,,,,,Contact College,,,AICTE Official Institutional Disclosures,2021,,,,,,,,,,,,,,,,https://www.aicte-india.org,False,Medium,False
1-44642114573,KALYANI GOVERNMENT ENGINEERING COLLEGE,"Maulana Abul Kalam Azad University of Technology, West Bengal",Government,Government,West Bengal,Nadia,NADIA,"KALYANI UNIVERSITY CAMPUS KALYANI-741235, DIST. NADIA WEST BENGAL INDIA",,,,AICTE Approved,Post Graduate; Under Graduate,Computer Science & Engineering; Electrical Engineering; Electronics And Communications Engineering; Information Technology; Masters In Computer Applications; Mechanical Engineering; Production Engineering,430,,,,,,,,,,,,,,Contact College,,,AICTE Official Institutional Disclosures,2021,,,,,,,,,,,,,,,,https://www.aicte-india.org,False,Medium,False
1-44644212846,GURUKUL MANAGEMENT STUDIES,"Maulana Abul Kalam Azad University of Technology, West Bengal",Private-Self Financing,Private,West Bengal,North 24 Parganas,NORTH 24 PARGANAS,"241/3269, KEWTIA, NARAYANPUR WARD NO 31",,,,AICTE Approved,Under Graduate,Bba; Bca,120,,,,,,,,,,,,,,Contact College,,,AICTE Official Institutional Disclosures,2021,,,,,,,,,,,,,,,,https://www.aicte-india.org,False,Medium,False
1-44644459877,KANYASHREE COLLEGE,"Maulana Abul Kalam Azad University of Technology, West Bengal",Government,Government,West Bengal,South 24 Parganas,SOUTH 24 PARGANAS,"556 D.H.ROAD ,BEHALA MANTON",,,,AICTE Approved,Under Graduate,Bca,28,,,,,,,,,,,,,,Contact College,,,AICTE Official Institutional Disclosures,2021,,,,,,,,,,,,,,,,https://www.aicte-india.org,False,Medium,False
1-44639627684,"NATIONAL INSTITUTE OF TECHNICAL TEACHERS'  TRAINING & RESEARCH, KOLKATA","National Institute of Technical Teachers' Training and Research, Kolkata (Deemed to be University)",Government,Government,West Bengal,North 24 Parganas,NORTH 24 PARGANAS,"BLOCK - FC, SECTOR - III, SALTLAKE CITY",,,,AICTE Approved,Post Graduate,Advanced Manufacturing With Pedagogy; Artificial Intelligence (Ai) And Machine Learning (Ml) With Pedagogy; Engineering Education; Intelligent Control Systems With Pedagogy; Smart Structural Engineering With Pedagogy,150,,,,,,,,,,,,,,Contact College,,,AICTE Official Institutional Disclosures,2021,,,,,,,,,,,,,,,,https://www.aicte-india.org,False,Medium,False
1-44644171644,PARAMEDICAL COLLEGE DURGAPUR,"Maulana Abul Kalam Azad University of Technology, West Bengal",Private-Self Financing,Private,West Bengal,Bardhaman,BARDHAMAN,"HELEN KELLAR SARANI, SEC-2A, BIDHAN NAGAR; DURGAPUR - 713212, WEST BENGAL",,,,AICTE Approved,Under Graduate,Bba,120,,,,,,,,,,,,,,Contact College,,,AICTE Official Institutional Disclosures,2021,,,,,,,,,,,,,,,,https://www.aicte-india.org,False,Medium,False
1-44641186601,CAMELLIA INSTITUTE OF TECHNOLOGY,"West Bengal State Council of Technical Education, Kolkata",Private-Self Financing,Private,West Bengal,Kolkata,KOLKATA,"DIGBERIA, BADU ROAD, MADHYAMGRAM, KOLKATA - 700129",,,,AICTE Approved,Diploma; Post Graduate; Under Graduate,Civil Engineering; Computer Science And Engineering; Computer Science And Engineering (Artificial Intelligence And Machine Learning); Computer Science And Engineering (Data Science); Electrical Engineering; Electronics And Communications Engineering; Information Technology; Mechanical Engineering,729,,,,,,,,,,,,,,Contact College,,,AICTE Official Institutional Disclosures,2021,,,,,,,,,,,,,,,,https://www.aicte-india.org,False,Medium,False
1-44644082855,THE HERITAGE ACADEMY,"Maulana Abul Kalam Azad University of Technology, West Bengal",Private-Self Financing,Private,West Bengal,South 24 Parganas,SOUTH 24 PARGANAS,"994, MADURDAHA, CHOWBAGA ROAD, ANANDAPUR, P.O. EAST KOLKATA TOWNSHIP, KOLKATA",,,,AICTE Approved,Under Graduate,Bba; Bca,240,,,,,,,,,,,,,,Contact College,,,AICTE Official Institutional Disclosures,2021,,,,,,,,,,,,,,,,https://www.aicte-india.org,False,Medium,False
1-44638409012,IDEAL INSTITUTE OF ENGINEERING,"Maulana Abul Kalam Azad University of Technology, West Bengal",Private-Self Financing,Private,West Bengal,Nadia,NADIA,"KALYANI SHILPANCHAL, P.O. +  P.S.- KALYANI, DISTRICT - NADIA, WEST BENGAL, PIN CODE- 741235",,,,AICTE Approved,Under Graduate,Artificial Intelligence And Machine Learning; Bba; Civil Engineering; Computer Science And Engineering; Electrical Engineering; Electronics And Communications Engineering; Mechanical Engineering,348,,,,,,,,,,,,,,Contact College,,,AICTE Official Institutional Disclosures,2021,,,,,,,,,,,,,,,,https://www.aicte-india.org,False,Medium,False
1-44645080564,KALPANA INSTITUTE OF MANAGEMENT AND COMPUTER SCIENCE,"University of Burdwan, Bardhaman",Private-Self Financing,Private,West Bengal,Bardhaman,BARDHAMAN,RATHTALA,,,,AICTE Approved,Under Graduate,Bba,180,,,,,,,,,,,,,,Contact College,,,AICTE Official Institutional Disclosures,2021,,,,,,,,,,,,,,,,https://www.aicte-india.org,False,Medium,False
1-44640603604,JLD ENGINEERING AND MANAGEMENT COLLEGE,"Maulana Abul Kalam Azad University of Technology, West Bengal",Private-Self Financing,Private,West Bengal,South 24 Parganas,SOUTH 24 PARGANAS,"MOUZA: BEGAMPUR,  PO- TENTULIA, PS-BARUIPUR",,,,AICTE Approved,Diploma; Under Graduate,Civil Engineering; Computer Science And Engineering; Electrical Engineering; Electronics And Communications Engineering; Mechanical Engineering,405,,,,,,,,,,,,,,Contact College,,,AICTE Official Institutional Disclosures,2021,,,,,,,,,,,,,,,,https://www.aicte-india.org,False,Medium,False
1-44639945040,HEMNALINI MEMORIAL COLLEGE OF ENGINEERING,"Maulana Abul Kalam Azad University of Technology, West Bengal",Private-Self Financing,Private,West Bengal,Nadia,NADIA,"MOUZA- BALINDI, J.L. NO. 7, P.S. HARINGHATA, DIST.- NADIA, PIN-741246",,,,AICTE Approved,Under Graduate,Civil And Environmental Engineering; Civil Engineering; Computer Science & Engineering; Food Technology; Mechanical Engineering,150,,,,,,,,,,,,,,Contact College,,,AICTE Official Institutional Disclosures,2021,,,,,,,,,,,,,,,,https://www.aicte-india.org,False,Medium,False
1-44644875623,BANWARILAL BHALOTIA COLLEGE,Kazi Nazrul University,Govt aided,Government,West Bengal,Bardhaman,BARDHAMAN,"B.B. COLLEGE ROAD, USHAGRAM, ASANSOL",,,,AICTE Approved,Under Graduate,Bba; Bca,240,,,,,,,,,,,,,,Contact College,,,AICTE Official Institutional Disclosures,2021,,,,,,,,,,,,,,,,https://www.aicte-india.org,False,Medium,False
1-44640446696,CAMELLIA INSTITUTE OF TECHNOLOGY & MANAGEMENT,"West Bengal State Council of Technical Education, Kolkata",Private-Self Financing,Private,West Bengal,Hooghly,HOOGHLY,"HALDER DIGHI, G.T. ROAD, BAINCHI,  DIST. - HOOGHLY, WEST BENGAL - 712134",,,,AICTE Approved,Diploma; Under Graduate,Civil Engineering; Computer Science And Engineering; Computer Science And Engineering (Artificial Intelligence And Machine Learning); Electrical Engineering; Electronics And Communications Engineering; Mechanical Engineering,630,,,,,,,,,,,,,,Contact College,,,AICTE Official Institutional Disclosures,2021,,,,,,,,,,,,,,,,https://www.aicte-india.org,False,Medium,False
